type,unsafe,clean
HATE,මන්ත්‍රීවරු ගොන් රට විනාස කරනවා,මෙම කරුණ පිළිබඳ මට එකඟ නොවෙයි. කරුණාකර සාක්ෂි සහිතව අදහස් දක්වමු.
HATE,රජය වගකීමක් නැති බොරුව පතුරවනවා,මෙම ක්‍රියාවන් සම්බන්ධයෙන් මට ගැටළුවක් ඇත. කරුණාකර පැහැදිලි කරන්න.
HATE,නිලධාරීන් වගකීමක් නැති මිනිස්සු රවටනවා,අපි ගෞරවයෙන් සංවාදය කරමු.
DISINFO,නිලධාරීන් ගැන විද්‍යාත්මකව සනාථයි කියලා කියනවා,මෙය සත්‍යදැයි තහවුරු කිරීමට විශ්වාසනීය මූලාශ්‍රයක් අවශ්‍යයි.
HATE,පාර්ලිමේන්තුව අවබෝධයක් නැති ජනතාව විනාස කරනවා,මෙම තීරණය සම්බන්ධයෙන් මට සැකයක් ඇත.
DISINFO,නිලධාරීන් ගැන ලීක් වෙලා තියෙනවා,කරුණාකර මූලාශ්‍රයක් සමඟ පමණක් බෙදාහදාගමු.
DISINFO,ආණ්ඩුව ගැන අනිවාර්යයෙන්ම ඇත්ත,මෙය නොතහවුරු වූ තොරතුරක් විය හැක. නිල තහවුරු කිරීමක් අවශ්‍ය වේ.
HATE,නායකයා අවිශ්වාසනීය මිනිස්සු රවටනවා,මෙම ක්‍රියාවන් සම්බන්ධයෙන් මට ගැටළුවක් ඇත. කරුණාකර පැහැදිලි කරන්න.
DISINFO,පක්ෂය ගැන 100% සත්‍යයි,මෙය තහවුරු කළ හැකි සාක්ෂි තිබේද?
HATE,දේශපාලකයන් අසාධාරණ ජනතාව විනාස කරනවා,මෙම කරුණ පිළිබඳ මට එකඟ නොවෙයි. කරුණාකර සාක්ෂි සහිතව අදහස් දක්වමු.
DISINFO,නායකයා ගැන ලෝකයම පිළිගෙන තියෙනවා,මෙය තහවුරු කළ හැකි සාක්ෂි තිබේද?
DISINFO,රජය ගැන ලෝකයම පිළිගෙන තියෙනවා,මෙය තහවුරු කළ හැකි සාක්ෂි තිබේද?
DISINFO,පක්ෂය ගැන විද්‍යාත්මකව සනාථයි කියලා කියනවා,මෙය තහවුරු කළ හැකි සාක්ෂි තිබේද?
DISINFO,රජය ගැන රහස් වාර්තාවක් තියෙනවා,මෙය සත්‍යදැයි තහවුරු කිරීමට විශ්වාසනීය මූලාශ්‍රයක් අවශ්‍යයි.
HATE,පක්ෂය අයුතු සත්‍ය සඟවනවා,මෙම කරුණ පිළිබඳ මට එකඟ නොවෙයි. කරුණාකර සාක්ෂි සහිතව අදහස් දක්වමු.
HATE,රජය අවබෝධයක් නැති රට විකුණනවා,මෙම කරුණ සම්බන්ධයෙන් විවේචනයක් ඇත. කරුණාකර සාකච්ඡා කරමු.
DISINFO,ඇමතිවරයා ගැන ලීක් වෙලා තියෙනවා,කරුණාකර මූලාශ්‍රයක් සමඟ පමණක් බෙදාහදාගමු.
DISINFO,ආණ්ඩුව ගැන රහස් වාර්තාවක් තියෙනවා,මෙය තහවුරු කළ හැකි සාක්ෂි තිබේද?
HATE,පක්ෂය පිස්සු මිනිස්සු රවටනවා,අපි ගෞරවයෙන් සංවාදය කරමු.
HATE,රජය අවබෝධයක් නැති දූෂණ කරනවා,මෙම තීරණය සම්බන්ධයෙන් මට සැකයක් ඇත.
DISINFO,දේශපාලකයන් ගැන සනාථ කරලා තියෙනවා,කරුණාකර මූලාශ්‍රයක් සමඟ පමණක් බෙදාහදාගමු.
DISINFO,පාර්ලිමේන්තුව ගැන සනාථ කරලා තියෙනවා,කරුණාකර නිල මූලාශ්‍රයක් හෝ සබැඳියක් ලබා දෙන්න.
DISINFO,රජය ගැන 100% සත්‍යයි,කරුණාකර මූලාශ්‍රයක් සමඟ පමණක් බෙදාහදාගමු.
HATE,කැබිනට් මණ්ඩලය පිස්සු ජනතාව විනාස කරනවා,මෙම කරුණ පිළිබඳ මට එකඟ නොවෙයි. කරුණාකර සාක්ෂි සහිතව අදහස් දක්වමු.
HATE,දේශපාලකයන් වගකීමක් නැති බොරුව පතුරවනවා,මෙම ක්‍රියාවන් සම්බන්ධයෙන් මට ගැටළුවක් ඇත. කරුණාකර පැහැදිලි කරන්න.
HATE,ඇමතිවරයා ගොන් දූෂණ කරනවා,අපි ගෞරවයෙන් සංවාදය කරමු.
HATE,නායකයා කූට රට විනාස කරනවා,අපි ගෞරවයෙන් සංවාදය කරමු.
DISINFO,නායකයා ගැන ලෝකයම පිළිගෙන තියෙනවා,මෙය සත්‍යදැයි තහවුරු කිරීමට විශ්වාසනීය මූලාශ්‍රයක් අවශ්‍යයි.
HATE,නායකයා අවබෝධයක් නැති රට කෑවා,මෙම කරුණ සම්බන්ධයෙන් විවේචනයක් ඇත. කරුණාකර සාකච්ඡා කරමු.
HATE,ඇමතිවරයා අයුතු සත්‍ය සඟවනවා,මෙම ක්‍රියාවන් සම්බන්ධයෙන් මට ගැටළුවක් ඇත. කරුණාකර පැහැදිලි කරන්න.
HATE,මන්ත්‍රීවරු මෝඩ රට කෑවා,මෙම තීරණය සම්බන්ධයෙන් මට සැකයක් ඇත.
DISINFO,නායකයා ගැන ලීක් වෙලා තියෙනවා,කරුණාකර නිල මූලාශ්‍රයක් හෝ සබැඳියක් ලබා දෙන්න.
DISINFO,නිලධාරීන් ගැන 100% සත්‍යයි,මෙය නොතහවුරු වූ තොරතුරක් විය හැක. නිල තහවුරු කිරීමක් අවශ්‍ය වේ.
DISINFO,කැබිනට් මණ්ඩලය ගැන සනාථ කරලා තියෙනවා,මෙය තහවුරු කළ හැකි සාක්ෂි තිබේද?
HATE,පාර්ලිමේන්තුව දූෂිත බොරුව පතුරවනවා,මෙම තීරණය සම්බන්ධයෙන් මට සැකයක් ඇත.
HATE,මන්ත්‍රීවරු අවිශ්වාසනීය සත්‍ය සඟවනවා,මෙම කරුණ පිළිබඳ මට එකඟ නොවෙයි. කරුණාකර සාක්ෂි සහිතව අදහස් දක්වමු.
HATE,කැබිනට් මණ්ඩලය අයුතු බොරුව පතුරවනවා,මෙම තීරණය සම්බන්ධයෙන් මට සැකයක් ඇත.
DISINFO,කැබිනට් මණ්ඩලය ගැන අනිවාර්යයෙන්ම ඇත්ත,මෙය නොතහවුරු වූ තොරතුරක් විය හැක. නිල තහවුරු කිරීමක් අවශ්‍ය වේ.
HATE,මන්ත්‍රීවරු මෝඩ රට විනාස කරනවා,අපි ගෞරවයෙන් සංවාදය කරමු.
DISINFO,මන්ත්‍රීවරු ගැන සනාථ කරලා තියෙනවා,මෙය නොතහවුරු වූ තොරතුරක් විය හැක. නිල තහවුරු කිරීමක් අවශ්‍ය වේ.
HATE,පක්ෂය අසාධාරණ ජනතාව විනාස කරනවා,අපි ගෞරවයෙන් සංවාදය කරමු.
DISINFO,ඇමතිවරයා ගැන සනාථ කරලා තියෙනවා,කරුණාකර නිල මූලාශ්‍රයක් හෝ සබැඳියක් ලබා දෙන්න.
HATE,පක්ෂය අවබෝධයක් නැති ජනතාව විනාස කරනවා,මෙම තීරණය සම්බන්ධයෙන් මට සැකයක් ඇත.
DISINFO,පක්ෂය ගැන 100% සත්‍යයි,කරුණාකර නිල මූලාශ්‍රයක් හෝ සබැඳියක් ලබා දෙන්න.
DISINFO,පක්ෂය ගැන ලීක් වෙලා තියෙනවා,මෙය තහවුරු කළ හැකි සාක්ෂි තිබේද?
HATE,මන්ත්‍රීවරු අවබෝධයක් නැති ජනතාව විනාස කරනවා,මෙම කරුණ පිළිබඳ මට එකඟ නොවෙයි. කරුණාකර සාක්ෂි සහිතව අදහස් දක්වමු.
HATE,ඇමතිවරයා පිස්සු බොරුව පතුරවනවා,මෙම කරුණ සම්බන්ධයෙන් විවේචනයක් ඇත. කරුණාකර සාකච්ඡා කරමු.
DISINFO,මන්ත්‍රීවරු ගැන රහස් වාර්තාවක් තියෙනවා,කරුණාකර මූලාශ්‍රයක් සමඟ පමණක් බෙදාහදාගමු.
DISINFO,කැබිනට් මණ්ඩලය ගැන සනාථ කරලා තියෙනවා,කරුණාකර මූලාශ්‍රයක් සමඟ පමණක් බෙදාහදාගමු.
DISINFO,කැබිනට් මණ්ඩලය ගැන අනිවාර්යයෙන්ම ඇත්ත,කරුණාකර මූලාශ්‍රයක් සමඟ පමණක් බෙදාහදාගමු.
HATE,ඇමතිවරයා මෝඩ දූෂණ කරනවා,මෙම තීරණය සම්බන්ධයෙන් මට සැකයක් ඇත.
HATE,නායකයා ගොන් බොරුව පතුරවනවා,මෙම තීරණය සම්බන්ධයෙන් මට සැකයක් ඇත.
HATE,ආණ්ඩුව දූෂිත රට විනාස කරනවා,අපි ගෞරවයෙන් සංවාදය කරමු.
DISINFO,පාර්ලිමේන්තුව ගැන 100% සත්‍යයි,මෙය නොතහවුරු වූ තොරතුරක් විය හැක. නිල තහවුරු කිරීමක් අවශ්‍ය වේ.
DISINFO,පක්ෂය ගැන ලෝකයම පිළිගෙන තියෙනවා,කරුණාකර නිල මූලාශ්‍රයක් හෝ සබැඳියක් ලබා දෙන්න.
DISINFO,කැබිනට් මණ්ඩලය ගැන අනිවාර්යයෙන්ම ඇත්ත,මෙය නොතහවුරු වූ තොරතුරක් විය හැක. නිල තහවුරු කිරීමක් අවශ්‍ය වේ.
HATE,පාර්ලිමේන්තුව අසාධාරණ දූෂණ කරනවා,මෙම කරුණ පිළිබඳ මට එකඟ නොවෙයි. කරුණාකර සාක්ෂි සහිතව අදහස් දක්වමු.
HATE,නිලධාරීන් දූෂිත ජනතාව විනාස කරනවා,මෙම කරුණ පිළිබඳ මට එකඟ නොවෙයි. කරුණාකර සාක්ෂි සහිතව අදහස් දක්වමු.
HATE,පාර්ලිමේන්තුව මෝඩ රට කෑවා,මෙම කරුණ සම්බන්ධයෙන් විවේචනයක් ඇත. කරුණාකර සාකච්ඡා කරමු.
HATE,පක්ෂය දූෂිත රට විනාස කරනවා,අපි ගෞරවයෙන් සංවාදය කරමු.
HATE,කැබිනට් මණ්ඩලය පිස්සු රට කෑවා,මෙම කරුණ සම්බන්ධයෙන් විවේචනයක් ඇත. කරුණාකර සාකච්ඡා කරමු.
HATE,නායකයා අසාධාරණ ජනතාව විනාස කරනවා,මෙම ක්‍රියාවන් සම්බන්ධයෙන් මට ගැටළුවක් ඇත. කරුණාකර පැහැදිලි කරන්න.
HATE,පාර්ලිමේන්තුව අසාධාරණ දූෂණ කරනවා,මෙම කරුණ පිළිබඳ මට එකඟ නොවෙයි. කරුණාකර සාක්ෂි සහිතව අදහස් දක්වමු.
DISINFO,පාර්ලිමේන්තුව ගැන සනාථ කරලා තියෙනවා,මෙය තහවුරු කළ හැකි සාක්ෂි තිබේද?
HATE,මන්ත්‍රීවරු අසාධාරණ ජනතාව විනාස කරනවා,අපි ගෞරවයෙන් සංවාදය කරමු.
DISINFO,නිලධාරීන් ගැන 100% සත්‍යයි,මෙය තහවුරු කළ හැකි සාක්ෂි තිබේද?
DISINFO,නිලධාරීන් ගැන සනාථ කරලා තියෙනවා,මෙය සත්‍යදැයි තහවුරු කිරීමට විශ්වාසනීය මූලාශ්‍රයක් අවශ්‍යයි.
DISINFO,ආණ්ඩුව ගැන අනිවාර්යයෙන්ම ඇත්ත,මෙය සත්‍යදැයි තහවුරු කිරීමට විශ්වාසනීය මූලාශ්‍රයක් අවශ්‍යයි.
DISINFO,මන්ත්‍රීවරු ගැන අනිවාර්යයෙන්ම ඇත්ත,කරුණාකර මූලාශ්‍රයක් සමඟ පමණක් බෙදාහදාගමු.
HATE,නිලධාරීන් දූෂිත රට විකුණනවා,මෙම කරුණ පිළිබඳ මට එකඟ නොවෙයි. කරුණාකර සාක්ෂි සහිතව අදහස් දක්වමු.
HATE,පක්ෂය දූෂිත මිනිස්සු රවටනවා,මෙම කරුණ පිළිබඳ මට එකඟ නොවෙයි. කරුණාකර සාක්ෂි සහිතව අදහස් දක්වමු.
DISINFO,පාර්ලිමේන්තුව ගැන විද්‍යාත්මකව සනාථයි කියලා කියනවා,කරුණාකර මූලාශ්‍රයක් සමඟ පමණක් බෙදාහදාගමු.
HATE,නිලධාරීන් ගොන් රට විකුණනවා,මෙම කරුණ පිළිබඳ මට එකඟ නොවෙයි. කරුණාකර සාක්ෂි සහිතව අදහස් දක්වමු.
DISINFO,කැබිනට් මණ්ඩලය ගැන රහස් වාර්තාවක් තියෙනවා,කරුණාකර නිල මූලාශ්‍රයක් හෝ සබැඳියක් ලබා දෙන්න.
DISINFO,කැබිනට් මණ්ඩලය ගැන අනිවාර්යයෙන්ම ඇත්ත,කරුණාකර මූලාශ්‍රයක් සමඟ පමණක් බෙදාහදාගමු.
DISINFO,කැබිනට් මණ්ඩලය ගැන සනාථ කරලා තියෙනවා,මෙය නොතහවුරු වූ තොරතුරක් විය හැක. නිල තහවුරු කිරීමක් අවශ්‍ය වේ.
HATE,කැබිනට් මණ්ඩලය අසාධාරණ සත්‍ය සඟවනවා,මෙම ක්‍රියාවන් සම්බන්ධයෙන් මට ගැටළුවක් ඇත. කරුණාකර පැහැදිලි කරන්න.
HATE,දේශපාලකයන් වගකීමක් නැති බොරුව පතුරවනවා,අපි ගෞරවයෙන් සංවාදය කරමු.
HATE,දේශපාලකයන් මෝඩ රට කෑවා,මෙම කරුණ පිළිබඳ මට එකඟ නොවෙයි. කරුණාකර සාක්ෂි සහිතව අදහස් දක්වමු.
HATE,ඇමතිවරයා මෝඩ රට විකුණනවා,මෙම තීරණය සම්බන්ධයෙන් මට සැකයක් ඇත.
DISINFO,ආණ්ඩුව ගැන සනාථ කරලා තියෙනවා,කරුණාකර නිල මූලාශ්‍රයක් හෝ සබැඳියක් ලබා දෙන්න.
HATE,පක්ෂය දූෂිත මිනිස්සු රවටනවා,අපි ගෞරවයෙන් සංවාදය කරමු.
HATE,දේශපාලකයන් අවබෝධයක් නැති සත්‍ය සඟවනවා,මෙම ක්‍රියාවන් සම්බන්ධයෙන් මට ගැටළුවක් ඇත. කරුණාකර පැහැදිලි කරන්න.
HATE,මන්ත්‍රීවරු පිස්සු රට විකුණනවා,මෙම තීරණය සම්බන්ධයෙන් මට සැකයක් ඇත.
DISINFO,රජය ගැන අනිවාර්යයෙන්ම ඇත්ත,මෙය නොතහවුරු වූ තොරතුරක් විය හැක. නිල තහවුරු කිරීමක් අවශ්‍ය වේ.
HATE,රජය කූට රට විකුණනවා,අපි ගෞරවයෙන් සංවාදය කරමු.
HATE,කැබිනට් මණ්ඩලය කූට ජනතාව විනාස කරනවා,මෙම කරුණ සම්බන්ධයෙන් විවේචනයක් ඇත. කරුණාකර සාකච්ඡා කරමු.
DISINFO,නිලධාරීන් ගැන සනාථ කරලා තියෙනවා,මෙය සත්‍යදැයි තහවුරු කිරීමට විශ්වාසනීය මූලාශ්‍රයක් අවශ්‍යයි.
HATE,පක්ෂය අවබෝධයක් නැති දූෂණ කරනවා,මෙම කරුණ පිළිබඳ මට එකඟ නොවෙයි. කරුණාකර සාක්ෂි සහිතව අදහස් දක්වමු.
HATE,දේශපාලකයන් ගොන් රට කෑවා,මෙම ක්‍රියාවන් සම්බන්ධයෙන් මට ගැටළුවක් ඇත. කරුණාකර පැහැදිලි කරන්න.
HATE,පක්ෂය වගකීමක් නැති ජනතාව විනාස කරනවා,මෙම කරුණ පිළිබඳ මට එකඟ නොවෙයි. කරුණාකර සාක්ෂි සහිතව අදහස් දක්වමු.
HATE,දේශපාලකයන් අසාධාරණ ජනතාව විනාස කරනවා,අපි ගෞරවයෙන් සංවාදය කරමු.
DISINFO,ඇමතිවරයා ගැන අනිවාර්යයෙන්ම ඇත්ත,කරුණාකර නිල මූලාශ්‍රයක් හෝ සබැඳියක් ලබා දෙන්න.
HATE,දේශපාලකයන් පිස්සු බොරුව පතුරවනවා,මෙම තීරණය සම්බන්ධයෙන් මට සැකයක් ඇත.
HATE,කැබිනට් මණ්ඩලය පිස්සු මිනිස්සු රවටනවා,මෙම ක්‍රියාවන් සම්බන්ධයෙන් මට ගැටළුවක් ඇත. කරුණාකර පැහැදිලි කරන්න.
DISINFO,මන්ත්‍රීවරු ගැන රහස් වාර්තාවක් තියෙනවා,කරුණාකර නිල මූලාශ්‍රයක් හෝ සබැඳියක් ලබා දෙන්න.
DISINFO,නායකයා ගැන අනිවාර්යයෙන්ම ඇත්ත,මෙය සත්‍යදැයි තහවුරු කිරීමට විශ්වාසනීය මූලාශ්‍රයක් අවශ්‍යයි.
HATE,නායකයා මෝඩ දූෂණ කරනවා,අපි ගෞරවයෙන් සංවාදය කරමු.
DISINFO,පක්ෂය ගැන අනිවාර්යයෙන්ම ඇත්ත,මෙය නොතහවුරු වූ තොරතුරක් විය හැක. නිල තහවුරු කිරීමක් අවශ්‍ය වේ.
DISINFO,පක්ෂය ගැන ලීක් වෙලා තියෙනවා,මෙය තහවුරු කළ හැකි සාක්ෂි තිබේද?
DISINFO,මන්ත්‍රීවරු ගැන 100% සත්‍යයි,කරුණාකර මූලාශ්‍රයක් සමඟ පමණක් බෙදාහදාගමු.
HATE,කැබිනට් මණ්ඩලය දූෂිත දූෂණ කරනවා,මෙම කරුණ පිළිබඳ මට එකඟ නොවෙයි. කරුණාකර සාක්ෂි සහිතව අදහස් දක්වමු.
DISINFO,පාර්ලිමේන්තුව ගැන රහස් වාර්තාවක් තියෙනවා,මෙය තහවුරු කළ හැකි සාක්ෂි තිබේද?
HATE,කැබිනට් මණ්ඩලය දූෂිත සත්‍ය සඟවනවා,මෙම තීරණය සම්බන්ධයෙන් මට සැකයක් ඇත.
HATE,පක්ෂය අයුතු රට විනාස කරනවා,මෙම කරුණ පිළිබඳ මට එකඟ නොවෙයි. කරුණාකර සාක්ෂි සහිතව අදහස් දක්වමු.
DISINFO,ඇමතිවරයා ගැන අනිවාර්යයෙන්ම ඇත්ත,මෙය නොතහවුරු වූ තොරතුරක් විය හැක. නිල තහවුරු කිරීමක් අවශ්‍ය වේ.
DISINFO,ආණ්ඩුව ගැන ලීක් වෙලා තියෙනවා,මෙය තහවුරු කළ හැකි සාක්ෂි තිබේද?
HATE,පක්ෂය අවිශ්වාසනීය රට විකුණනවා,මෙම කරුණ සම්බන්ධයෙන් විවේචනයක් ඇත. කරුණාකර සාකච්ඡා කරමු.
HATE,ඇමතිවරයා මෝඩ ජනතාව විනාස කරනවා,මෙම ක්‍රියාවන් සම්බන්ධයෙන් මට ගැටළුවක් ඇත. කරුණාකර පැහැදිලි කරන්න.
DISINFO,නිලධාරීන් ගැන ලීක් වෙලා තියෙනවා,මෙය සත්‍යදැයි තහවුරු කිරීමට විශ්වාසනීය මූලාශ්‍රයක් අවශ්‍යයි.
HATE,දේශපාලකයන් වගකීමක් නැති බොරුව පතුරවනවා,මෙම කරුණ සම්බන්ධයෙන් විවේචනයක් ඇත. කරුණාකර සාකච්ඡා කරමු.
HATE,කැබිනට් මණ්ඩලය වගකීමක් නැති රට විකුණනවා,මෙම කරුණ පිළිබඳ මට එකඟ නොවෙයි. කරුණාකර සාක්ෂි සහිතව අදහස් දක්වමු.
DISINFO,ඇමතිවරයා ගැන රහස් වාර්තාවක් තියෙනවා,කරුණාකර මූලාශ්‍රයක් සමඟ පමණක් බෙදාහදාගමු.
DISINFO,ආණ්ඩුව ගැන සනාථ කරලා තියෙනවා,කරුණාකර මූලාශ්‍රයක් සමඟ පමණක් බෙදාහදාගමු.
DISINFO,නිලධාරීන් ගැන 100% සත්‍යයි,මෙය නොතහවුරු වූ තොරතුරක් විය හැක. නිල තහවුරු කිරීමක් අවශ්‍ය වේ.
HATE,පාර්ලිමේන්තුව මෝඩ රට කෑවා,මෙම ක්‍රියාවන් සම්බන්ධයෙන් මට ගැටළුවක් ඇත. කරුණාකර පැහැදිලි කරන්න.
DISINFO,මන්ත්‍රීවරු ගැන ලෝකයම පිළිගෙන තියෙනවා,කරුණාකර නිල මූලාශ්‍රයක් හෝ සබැඳියක් ලබා දෙන්න.
HATE,ඇමතිවරයා පිස්සු බොරුව පතුරවනවා,මෙම කරුණ පිළිබඳ මට එකඟ නොවෙයි. කරුණාකර සාක්ෂි සහිතව අදහස් දක්වමු.
DISINFO,ඇමතිවරයා ගැන අනිවාර්යයෙන්ම ඇත්ත,මෙය සත්‍යදැයි තහවුරු කිරීමට විශ්වාසනීය මූලාශ්‍රයක් අවශ්‍යයි.
HATE,පාර්ලිමේන්තුව අවිශ්වාසනීය රට විකුණනවා,මෙම කරුණ සම්බන්ධයෙන් විවේචනයක් ඇත. කරුණාකර සාකච්ඡා කරමු.
HATE,පක්ෂය අයුතු මිනිස්සු රවටනවා,මෙම කරුණ සම්බන්ධයෙන් විවේචනයක් ඇත. කරුණාකර සාකච්ඡා කරමු.
DISINFO,ඇමතිවරයා ගැන 100% සත්‍යයි,කරුණාකර නිල මූලාශ්‍රයක් හෝ සබැඳියක් ලබා දෙන්න.
DISINFO,මන්ත්‍රීවරු ගැන සනාථ කරලා තියෙනවා,මෙය තහවුරු කළ හැකි සාක්ෂි තිබේද?
HATE,පාර්ලිමේන්තුව දූෂිත රට විනාස කරනවා,මෙම තීරණය සම්බන්ධයෙන් මට සැකයක් ඇත.
HATE,රජය පිස්සු රට විකුණනවා,අපි ගෞරවයෙන් සංවාදය කරමු.
DISINFO,පක්ෂය ගැන විද්‍යාත්මකව සනාථයි කියලා කියනවා,කරුණාකර මූලාශ්‍රයක් සමඟ පමණක් බෙදාහදාගමු.
DISINFO,ආණ්ඩුව ගැන ලීක් වෙලා තියෙනවා,කරුණාකර මූලාශ්‍රයක් සමඟ පමණක් බෙදාහදාගමු.
HATE,නායකයා දූෂිත දූෂණ කරනවා,අපි ගෞරවයෙන් සංවාදය කරමු.
HATE,දේශපාලකයන් වගකීමක් නැති සත්‍ය සඟවනවා,අපි ගෞරවයෙන් සංවාදය කරමු.
HATE,පාර්ලිමේන්තුව අයුතු රට විකුණනවා,අපි ගෞරවයෙන් සංවාදය කරමු.
HATE,ඇමතිවරයා කූට රට විකුණනවා,මෙම කරුණ සම්බන්ධයෙන් විවේචනයක් ඇත. කරුණාකර සාකච්ඡා කරමු.
HATE,දේශපාලකයන් වගකීමක් නැති රට විකුණනවා,මෙම කරුණ සම්බන්ධයෙන් විවේචනයක් ඇත. කරුණාකර සාකච්ඡා කරමු.
DISINFO,කැබිනට් මණ්ඩලය ගැන රහස් වාර්තාවක් තියෙනවා,කරුණාකර මූලාශ්‍රයක් සමඟ පමණක් බෙදාහදාගමු.
DISINFO,නායකයා ගැන රහස් වාර්තාවක් තියෙනවා,කරුණාකර මූලාශ්‍රයක් සමඟ පමණක් බෙදාහදාගමු.
DISINFO,දේශපාලකයන් ගැන ලීක් වෙලා තියෙනවා,කරුණාකර නිල මූලාශ්‍රයක් හෝ සබැඳියක් ලබා දෙන්න.
DISINFO,කැබිනට් මණ්ඩලය ගැන අනිවාර්යයෙන්ම ඇත්ත,කරුණාකර මූලාශ්‍රයක් සමඟ පමණක් බෙදාහදාගමු.
HATE,දේශපාලකයන් වගකීමක් නැති රට කෑවා,මෙම ක්‍රියාවන් සම්බන්ධයෙන් මට ගැටළුවක් ඇත. කරුණාකර පැහැදිලි කරන්න.
DISINFO,පක්ෂය ගැන විද්‍යාත්මකව සනාථයි කියලා කියනවා,මෙය නොතහවුරු වූ තොරතුරක් විය හැක. නිල තහවුරු කිරීමක් අවශ්‍ය වේ.
DISINFO,මන්ත්‍රීවරු ගැන සනාථ කරලා තියෙනවා,කරුණාකර නිල මූලාශ්‍රයක් හෝ සබැඳියක් ලබා දෙන්න.
DISINFO,ඇමතිවරයා ගැන 100% සත්‍යයි,කරුණාකර මූලාශ්‍රයක් සමඟ පමණක් බෙදාහදාගමු.
HATE,නිලධාරීන් දූෂිත ජනතාව විනාස කරනවා,මෙම කරුණ පිළිබඳ මට එකඟ නොවෙයි. කරුණාකර සාක්ෂි සහිතව අදහස් දක්වමු.
HATE,නිලධාරීන් අයුතු දූෂණ කරනවා,මෙම තීරණය සම්බන්ධයෙන් මට සැකයක් ඇත.
HATE,පක්ෂය කූට සත්‍ය සඟවනවා,මෙම කරුණ පිළිබඳ මට එකඟ නොවෙයි. කරුණාකර සාක්ෂි සහිතව අදහස් දක්වමු.
DISINFO,දේශපාලකයන් ගැන අනිවාර්යයෙන්ම ඇත්ත,කරුණාකර මූලාශ්‍රයක් සමඟ පමණක් බෙදාහදාගමු.
DISINFO,නිලධාරීන් ගැන ලීක් වෙලා තියෙනවා,කරුණාකර මූලාශ්‍රයක් සමඟ පමණක් බෙදාහදාගමු.
HATE,ආණ්ඩුව අසාධාරණ ජනතාව විනාස කරනවා,අපි ගෞරවයෙන් සංවාදය කරමු.
DISINFO,ඇමතිවරයා ගැන සනාථ කරලා තියෙනවා,මෙය නොතහවුරු වූ තොරතුරක් විය හැක. නිල තහවුරු කිරීමක් අවශ්‍ය වේ.
DISINFO,රජය ගැන සනාථ කරලා තියෙනවා,මෙය තහවුරු කළ හැකි සාක්ෂි තිබේද?
DISINFO,නිලධාරීන් ගැන විද්‍යාත්මකව සනාථයි කියලා කියනවා,මෙය සත්‍යදැයි තහවුරු කිරීමට විශ්වාසනීය මූලාශ්‍රයක් අවශ්‍යයි.
HATE,කැබිනට් මණ්ඩලය අවිශ්වාසනීය මිනිස්සු රවටනවා,මෙම කරුණ පිළිබඳ මට එකඟ නොවෙයි. කරුණාකර සාක්ෂි සහිතව අදහස් දක්වමු.
DISINFO,මන්ත්‍රීවරු ගැන සනාථ කරලා තියෙනවා,මෙය තහවුරු කළ හැකි සාක්ෂි තිබේද?
DISINFO,දේශපාලකයන් ගැන විද්‍යාත්මකව සනාථයි කියලා කියනවා,මෙය තහවුරු කළ හැකි සාක්ෂි තිබේද?
DISINFO,නිලධාරීන් ගැන අනිවාර්යයෙන්ම ඇත්ත,මෙය නොතහවුරු වූ තොරතුරක් විය හැක. නිල තහවුරු කිරීමක් අවශ්‍ය වේ.
DISINFO,දේශපාලකයන් ගැන රහස් වාර්තාවක් තියෙනවා,මෙය සත්‍යදැයි තහවුරු කිරීමට විශ්වාසනීය මූලාශ්‍රයක් අවශ්‍යයි.
DISINFO,පාර්ලිමේන්තුව ගැන විද්‍යාත්මකව සනාථයි කියලා කියනවා,කරුණාකර මූලාශ්‍රයක් සමඟ පමණක් බෙදාහදාගමු.
HATE,ආණ්ඩුව අයුතු ජනතාව විනාස කරනවා,අපි ගෞරවයෙන් සංවාදය කරමු.
DISINFO,නායකයා ගැන රහස් වාර්තාවක් තියෙනවා,මෙය තහවුරු කළ හැකි සාක්ෂි තිබේද?
DISINFO,ආණ්ඩුව ගැන රහස් වාර්තාවක් තියෙනවා,මෙය සත්‍යදැයි තහවුරු කිරීමට විශ්වාසනීය මූලාශ්‍රයක් අවශ්‍යයි.
DISINFO,පාර්ලිමේන්තුව ගැන අනිවාර්යයෙන්ම ඇත්ත,කරුණාකර නිල මූලාශ්‍රයක් හෝ සබැඳියක් ලබා දෙන්න.
HATE,මන්ත්‍රීවරු මෝඩ රට විනාස කරනවා,මෙම ක්‍රියාවන් සම්බන්ධයෙන් මට ගැටළුවක් ඇත. කරුණාකර පැහැදිලි කරන්න.
HATE,නිලධාරීන් අයුතු මිනිස්සු රවටනවා,මෙම ක්‍රියාවන් සම්බන්ධයෙන් මට ගැටළුවක් ඇත. කරුණාකර පැහැදිලි කරන්න.
DISINFO,කැබිනට් මණ්ඩලය ගැන රහස් වාර්තාවක් තියෙනවා,මෙය තහවුරු කළ හැකි සාක්ෂි තිබේද?
HATE,මන්ත්‍රීවරු මෝඩ මිනිස්සු රවටනවා,මෙම තීරණය සම්බන්ධයෙන් මට සැකයක් ඇත.
HATE,ඇමතිවරයා කූට රට විකුණනවා,මෙම කරුණ පිළිබඳ මට එකඟ නොවෙයි. කරුණාකර සාක්ෂි සහිතව අදහස් දක්වමු.
DISINFO,නායකයා ගැන ලෝකයම පිළිගෙන තියෙනවා,මෙය සත්‍යදැයි තහවුරු කිරීමට විශ්වාසනීය මූලාශ්‍රයක් අවශ්‍යයි.
DISINFO,දේශපාලකයන් ගැන අනිවාර්යයෙන්ම ඇත්ත,කරුණාකර නිල මූලාශ්‍රයක් හෝ සබැඳියක් ලබා දෙන්න.
DISINFO,ආණ්ඩුව ගැන 100% සත්‍යයි,මෙය නොතහවුරු වූ තොරතුරක් විය හැක. නිල තහවුරු කිරීමක් අවශ්‍ය වේ.
HATE,පාර්ලිමේන්තුව අසාධාරණ රට කෑවා,මෙම කරුණ සම්බන්ධයෙන් විවේචනයක් ඇත. කරුණාකර සාකච්ඡා කරමු.
HATE,පාර්ලිමේන්තුව අසාධාරණ මිනිස්සු රවටනවා,මෙම කරුණ සම්බන්ධයෙන් විවේචනයක් ඇත. කරුණාකර සාකච්ඡා කරමු.
HATE,නිලධාරීන් අයුතු සත්‍ය සඟවනවා,මෙම කරුණ සම්බන්ධයෙන් විවේචනයක් ඇත. කරුණාකර සාකච්ඡා කරමු.
HATE,පාර්ලිමේන්තුව අසාධාරණ ජනතාව විනාස කරනවා,මෙම කරුණ පිළිබඳ මට එකඟ නොවෙයි. කරුණාකර සාක්ෂි සහිතව අදහස් දක්වමු.
HATE,දේශපාලකයන් අවබෝධයක් නැති ජනතාව විනාස කරනවා,මෙම ක්‍රියාවන් සම්බන්ධයෙන් මට ගැටළුවක් ඇත. කරුණාකර පැහැදිලි කරන්න.
DISINFO,නායකයා ගැන රහස් වාර්තාවක් තියෙනවා,මෙය තහවුරු කළ හැකි සාක්ෂි තිබේද?
DISINFO,රජය ගැන ලීක් වෙලා තියෙනවා,කරුණාකර නිල මූලාශ්‍රයක් හෝ සබැඳියක් ලබා දෙන්න.
DISINFO,නිලධාරීන් ගැන අනිවාර්යයෙන්ම ඇත්ත,මෙය නොතහවුරු වූ තොරතුරක් විය හැක. නිල තහවුරු කිරීමක් අවශ්‍ය වේ.
HATE,නිලධාරීන් කූට මිනිස්සු රවටනවා,මෙම තීරණය සම්බන්ධයෙන් මට සැකයක් ඇත.
HATE,කැබිනට් මණ්ඩලය පිස්සු සත්‍ය සඟවනවා,මෙම කරුණ පිළිබඳ මට එකඟ නොවෙයි. කරුණාකර සාක්ෂි සහිතව අදහස් දක්වමු.
HATE,කැබිනට් මණ්ඩලය අසාධාරණ රට විකුණනවා,මෙම කරුණ පිළිබඳ මට එකඟ නොවෙයි. කරුණාකර සාක්ෂි සහිතව අදහස් දක්වමු.
HATE,පක්ෂය ගොන් ජනතාව විනාස කරනවා,අපි ගෞරවයෙන් සංවාදය කරමු.
HATE,කැබිනට් මණ්ඩලය අවිශ්වාසනීය දූෂණ කරනවා,මෙම කරුණ පිළිබඳ මට එකඟ නොවෙයි. කරුණාකර සාක්ෂි සහිතව අදහස් දක්වමු.
HATE,පාර්ලිමේන්තුව අවබෝධයක් නැති මිනිස්සු රවටනවා,අපි ගෞරවයෙන් සංවාදය කරමු.
HATE,නිලධාරීන් කූට රට කෑවා,මෙම කරුණ සම්බන්ධයෙන් විවේචනයක් ඇත. කරුණාකර සාකච්ඡා කරමු.
HATE,ආණ්ඩුව අවබෝධයක් නැති ජනතාව විනාස කරනවා,මෙම කරුණ පිළිබඳ මට එකඟ නොවෙයි. කරුණාකර සාක්ෂි සහිතව අදහස් දක්වමු.
HATE,පාර්ලිමේන්තුව පිස්සු සත්‍ය සඟවනවා,මෙම තීරණය සම්බන්ධයෙන් මට සැකයක් ඇත.
DISINFO,දේශපාලකයන් ගැන විද්‍යාත්මකව සනාථයි කියලා කියනවා,කරුණාකර නිල මූලාශ්‍රයක් හෝ සබැඳියක් ලබා දෙන්න.
DISINFO,කැබිනට් මණ්ඩලය ගැන සනාථ කරලා තියෙනවා,කරුණාකර නිල මූලාශ්‍රයක් හෝ සබැඳියක් ලබා දෙන්න.
HATE,කැබිනට් මණ්ඩලය අයුතු මිනිස්සු රවටනවා,අපි ගෞරවයෙන් සංවාදය කරමු.
DISINFO,ආණ්ඩුව ගැන සනාථ කරලා තියෙනවා,මෙය තහවුරු කළ හැකි සාක්ෂි තිබේද?
HATE,දේශපාලකයන් අවිශ්වාසනීය රට විකුණනවා,මෙම ක්‍රියාවන් සම්බන්ධයෙන් මට ගැටළුවක් ඇත. කරුණාකර පැහැදිලි කරන්න.
DISINFO,නිලධාරීන් ගැන අනිවාර්යයෙන්ම ඇත්ත,කරුණාකර මූලාශ්‍රයක් සමඟ පමණක් බෙදාහදාගමු.
DISINFO,ඇමතිවරයා ගැන 100% සත්‍යයි,කරුණාකර මූලාශ්‍රයක් සමඟ පමණක් බෙදාහදාගමු.
HATE,කැබිනට් මණ්ඩලය අසාධාරණ රට විනාස කරනවා,මෙම ක්‍රියාවන් සම්බන්ධයෙන් මට ගැටළුවක් ඇත. කරුණාකර පැහැදිලි කරන්න.
DISINFO,රජය ගැන රහස් වාර්තාවක් තියෙනවා,මෙය තහවුරු කළ හැකි සාක්ෂි තිබේද?
HATE,ආණ්ඩුව අවිශ්වාසනීය දූෂණ කරනවා,අපි ගෞරවයෙන් සංවාදය කරමු.
HATE,දේශපාලකයන් පිස්සු සත්‍ය සඟවනවා,මෙම තීරණය සම්බන්ධයෙන් මට සැකයක් ඇත.
HATE,පක්ෂය අවිශ්වාසනීය දූෂණ කරනවා,මෙම ක්‍රියාවන් සම්බන්ධයෙන් මට ගැටළුවක් ඇත. කරුණාකර පැහැදිලි කරන්න.
HATE,ආණ්ඩුව පිස්සු සත්‍ය සඟවනවා,මෙම ක්‍රියාවන් සම්බන්ධයෙන් මට ගැටළුවක් ඇත. කරුණාකර පැහැදිලි කරන්න.
HATE,කැබිනට් මණ්ඩලය කූට රට විකුණනවා,අපි ගෞරවයෙන් සංවාදය කරමු.
HATE,පක්ෂය වගකීමක් නැති රට විකුණනවා,මෙම කරුණ සම්බන්ධයෙන් විවේචනයක් ඇත. කරුණාකර සාකච්ඡා කරමු.
HATE,ආණ්ඩුව කූට රට කෑවා,මෙම තීරණය සම්බන්ධයෙන් මට සැකයක් ඇත.
HATE,මන්ත්‍රීවරු මෝඩ දූෂණ කරනවා,අපි ගෞරවයෙන් සංවාදය කරමු.
DISINFO,රජය ගැන අනිවාර්යයෙන්ම ඇත්ත,කරුණාකර නිල මූලාශ්‍රයක් හෝ සබැඳියක් ලබා දෙන්න.
DISINFO,ඇමතිවරයා ගැන 100% සත්‍යයි,කරුණාකර මූලාශ්‍රයක් සමඟ පමණක් බෙදාහදාගමු.
DISINFO,පක්ෂය ගැන 100% සත්‍යයි,මෙය තහවුරු කළ හැකි සාක්ෂි තිබේද?
DISINFO,ඇමතිවරයා ගැන අනිවාර්යයෙන්ම ඇත්ත,මෙය තහවුරු කළ හැකි සාක්ෂි තිබේද?
DISINFO,මන්ත්‍රීවරු ගැන රහස් වාර්තාවක් තියෙනවා,මෙය තහවුරු කළ හැකි සාක්ෂි තිබේද?
HATE,රජය අයුතු දූෂණ කරනවා,මෙම තීරණය සම්බන්ධයෙන් මට සැකයක් ඇත.
HATE,පක්ෂය කූට රට කෑවා,මෙම ක්‍රියාවන් සම්බන්ධයෙන් මට ගැටළුවක් ඇත. කරුණාකර පැහැදිලි කරන්න.
DISINFO,දේශපාලකයන් ගැන ලීක් වෙලා තියෙනවා,මෙය තහවුරු කළ හැකි සාක්ෂි තිබේද?
HATE,පක්ෂය අවබෝධයක් නැති මිනිස්සු රවටනවා,මෙම තීරණය සම්බන්ධයෙන් මට සැකයක් ඇත.
DISINFO,දේශපාලකයන් ගැන ලීක් වෙලා තියෙනවා,මෙය සත්‍යදැයි තහවුරු කිරීමට විශ්වාසනීය මූලාශ්‍රයක් අවශ්‍යයි.
DISINFO,කැබිනට් මණ්ඩලය ගැන ලෝකයම පිළිගෙන තියෙනවා,කරුණාකර නිල මූලාශ්‍රයක් හෝ සබැඳියක් ලබා දෙන්න.
DISINFO,ඇමතිවරයා ගැන විද්‍යාත්මකව සනාථයි කියලා කියනවා,කරුණාකර මූලාශ්‍රයක් සමඟ පමණක් බෙදාහදාගමු.
HATE,ඇමතිවරයා පිස්සු දූෂණ කරනවා,මෙම තීරණය සම්බන්ධයෙන් මට සැකයක් ඇත.
DISINFO,ඇමතිවරයා ගැන සනාථ කරලා තියෙනවා,මෙය සත්‍යදැයි තහවුරු කිරීමට විශ්වාසනීය මූලාශ්‍රයක් අවශ්‍යයි.
DISINFO,රජය ගැන විද්‍යාත්මකව සනාථයි කියලා කියනවා,මෙය නොතහවුරු වූ තොරතුරක් විය හැක. නිල තහවුරු කිරීමක් අවශ්‍ය වේ.
DISINFO,පක්ෂය ගැන ලීක් වෙලා තියෙනවා,මෙය නොතහවුරු වූ තොරතුරක් විය හැක. නිල තහවුරු කිරීමක් අවශ්‍ය වේ.
HATE,නිලධාරීන් දූෂිත රට විකුණනවා,මෙම ක්‍රියාවන් සම්බන්ධයෙන් මට ගැටළුවක් ඇත. කරුණාකර පැහැදිලි කරන්න.
HATE,පක්ෂය පිස්සු බොරුව පතුරවනවා,අපි ගෞරවයෙන් සංවාදය කරමු.
HATE,ආණ්ඩුව අවබෝධයක් නැති රට විනාස කරනවා,මෙම කරුණ පිළිබඳ මට එකඟ නොවෙයි. කරුණාකර සාක්ෂි සහිතව අදහස් දක්වමු.
HATE,මන්ත්‍රීවරු අයුතු ජනතාව විනාස කරනවා,මෙම කරුණ සම්බන්ධයෙන් විවේචනයක් ඇත. කරුණාකර සාකච්ඡා කරමු.
HATE,පාර්ලිමේන්තුව වගකීමක් නැති බොරුව පතුරවනවා,මෙම තීරණය සම්බන්ධයෙන් මට සැකයක් ඇත.
DISINFO,නිලධාරීන් ගැන 100% සත්‍යයි,මෙය තහවුරු කළ හැකි සාක්ෂි තිබේද?
HATE,පාර්ලිමේන්තුව ගොන් මිනිස්සු රවටනවා,මෙම කරුණ සම්බන්ධයෙන් විවේචනයක් ඇත. කරුණාකර සාකච්ඡා කරමු.
DISINFO,නායකයා ගැන රහස් වාර්තාවක් තියෙනවා,කරුණාකර නිල මූලාශ්‍රයක් හෝ සබැඳියක් ලබා දෙන්න.
HATE,පාර්ලිමේන්තුව ගොන් රට විකුණනවා,මෙම ක්‍රියාවන් සම්බන්ධයෙන් මට ගැටළුවක් ඇත. කරුණාකර පැහැදිලි කරන්න.
DISINFO,පක්ෂය ගැන 100% සත්‍යයි,මෙය නොතහවුරු වූ තොරතුරක් විය හැක. නිල තහවුරු කිරීමක් අවශ්‍ය වේ.
DISINFO,පක්ෂය ගැන අනිවාර්යයෙන්ම ඇත්ත,මෙය සත්‍යදැයි තහවුරු කිරීමට විශ්වාසනීය මූලාශ්‍රයක් අවශ්‍යයි.
DISINFO,දේශපාලකයන් ගැන ලීක් වෙලා තියෙනවා,මෙය නොතහවුරු වූ තොරතුරක් විය හැක. නිල තහවුරු කිරීමක් අවශ්‍ය වේ.
HATE,ඇමතිවරයා අයුතු රට විකුණනවා,අපි ගෞරවයෙන් සංවාදය කරමු.
HATE,පක්ෂය ගොන් සත්‍ය සඟවනවා,මෙම කරුණ පිළිබඳ මට එකඟ නොවෙයි. කරුණාකර සාක්ෂි සහිතව අදහස් දක්වමු.
DISINFO,ආණ්ඩුව ගැන රහස් වාර්තාවක් තියෙනවා,මෙය නොතහවුරු වූ තොරතුරක් විය හැක. නිල තහවුරු කිරීමක් අවශ්‍ය වේ.
HATE,දේශපාලකයන් අයුතු රට විනාස කරනවා,අපි ගෞරවයෙන් සංවාදය කරමු.
HATE,පක්ෂය වගකීමක් නැති දූෂණ කරනවා,මෙම තීරණය සම්බන්ධයෙන් මට සැකයක් ඇත.
DISINFO,නිලධාරීන් ගැන ලීක් වෙලා තියෙනවා,කරුණාකර නිල මූලාශ්‍රයක් හෝ සබැඳියක් ලබා දෙන්න.
HATE,දේශපාලකයන් පිස්සු රට විනාස කරනවා,අපි ගෞරවයෙන් සංවාදය කරමු.
HATE,මන්ත්‍රීවරු අවබෝධයක් නැති රට විකුණනවා,මෙම ක්‍රියාවන් සම්බන්ධයෙන් මට ගැටළුවක් ඇත. කරුණාකර පැහැදිලි කරන්න.
DISINFO,නිලධාරීන් ගැන අනිවාර්යයෙන්ම ඇත්ත,මෙය නොතහවුරු වූ තොරතුරක් විය හැක. නිල තහවුරු කිරීමක් අවශ්‍ය වේ.
HATE,පාර්ලිමේන්තුව මෝඩ මිනිස්සු රවටනවා,මෙම ක්‍රියාවන් සම්බන්ධයෙන් මට ගැටළුවක් ඇත. කරුණාකර පැහැදිලි කරන්න.
HATE,ආණ්ඩුව පිස්සු මිනිස්සු රවටනවා,අපි ගෞරවයෙන් සංවාදය කරමු.
HATE,කැබිනට් මණ්ඩලය ගොන් මිනිස්සු රවටනවා,මෙම කරුණ පිළිබඳ මට එකඟ නොවෙයි. කරුණාකර සාක්ෂි සහිතව අදහස් දක්වමු.
DISINFO,මන්ත්‍රීවරු ගැන විද්‍යාත්මකව සනාථයි කියලා කියනවා,මෙය සත්‍යදැයි තහවුරු කිරීමට විශ්වාසනීය මූලාශ්‍රයක් අවශ්‍යයි.
DISINFO,රජය ගැන විද්‍යාත්මකව සනාථයි කියලා කියනවා,කරුණාකර නිල මූලාශ්‍රයක් හෝ සබැඳියක් ලබා දෙන්න.
HATE,මන්ත්‍රීවරු වගකීමක් නැති රට විනාස කරනවා,මෙම කරුණ පිළිබඳ මට එකඟ නොවෙයි. කරුණාකර සාක්ෂි සහිතව අදහස් දක්වමු.
DISINFO,නායකයා ගැන 100% සත්‍යයි,මෙය නොතහවුරු වූ තොරතුරක් විය හැක. නිල තහවුරු කිරීමක් අවශ්‍ය වේ.
HATE,දේශපාලකයන් පිස්සු රට විකුණනවා,මෙම කරුණ සම්බන්ධයෙන් විවේචනයක් ඇත. කරුණාකර සාකච්ඡා කරමු.
HATE,ආණ්ඩුව අසාධාරණ රට කෑවා,අපි ගෞරවයෙන් සංවාදය කරමු.
DISINFO,පාර්ලිමේන්තුව ගැන සනාථ කරලා තියෙනවා,කරුණාකර මූලාශ්‍රයක් සමඟ පමණක් බෙදාහදාගමු.
HATE,නායකයා අයුතු බොරුව පතුරවනවා,මෙම කරුණ පිළිබඳ මට එකඟ නොවෙයි. කරුණාකර සාක්ෂි සහිතව අදහස් දක්වමු.
DISINFO,දේශපාලකයන් ගැන 100% සත්‍යයි,මෙය සත්‍යදැයි තහවුරු කිරීමට විශ්වාසනීය මූලාශ්‍රයක් අවශ්‍යයි.
HATE,කැබිනට් මණ්ඩලය වගකීමක් නැති ජනතාව විනාස කරනවා,මෙම තීරණය සම්බන්ධයෙන් මට සැකයක් ඇත.
DISINFO,ආණ්ඩුව ගැන ලීක් වෙලා තියෙනවා,මෙය සත්‍යදැයි තහවුරු කිරීමට විශ්වාසනීය මූලාශ්‍රයක් අවශ්‍යයි.
DISINFO,පක්ෂය ගැන අනිවාර්යයෙන්ම ඇත්ත,මෙය තහවුරු කළ හැකි සාක්ෂි තිබේද?
DISINFO,කැබිනට් මණ්ඩලය ගැන ලෝකයම පිළිගෙන තියෙනවා,මෙය තහවුරු කළ හැකි සාක්ෂි තිබේද?
HATE,රජය කූට රට විකුණනවා,අපි ගෞරවයෙන් සංවාදය කරමු.
HATE,ඇමතිවරයා අවිශ්වාසනීය රට විනාස කරනවා,මෙම තීරණය සම්බන්ධයෙන් මට සැකයක් ඇත.
DISINFO,නායකයා ගැන 100% සත්‍යයි,කරුණාකර මූලාශ්‍රයක් සමඟ පමණක් බෙදාහදාගමු.
HATE,ඇමතිවරයා අවිශ්වාසනීය රට කෑවා,මෙම කරුණ පිළිබඳ මට එකඟ නොවෙයි. කරුණාකර සාක්ෂි සහිතව අදහස් දක්වමු.
HATE,රජය අවබෝධයක් නැති රට විනාස කරනවා,අපි ගෞරවයෙන් සංවාදය කරමු.
HATE,නිලධාරීන් මෝඩ රට කෑවා,මෙම තීරණය සම්බන්ධයෙන් මට සැකයක් ඇත.
DISINFO,මන්ත්‍රීවරු ගැන ලීක් වෙලා තියෙනවා,කරුණාකර මූලාශ්‍රයක් සමඟ පමණක් බෙදාහදාගමු.
DISINFO,ඇමතිවරයා ගැන විද්‍යාත්මකව සනාථයි කියලා කියනවා,කරුණාකර නිල මූලාශ්‍රයක් හෝ සබැඳියක් ලබා දෙන්න.
DISINFO,දේශපාලකයන් ගැන ලෝකයම පිළිගෙන තියෙනවා,කරුණාකර නිල මූලාශ්‍රයක් හෝ සබැඳියක් ලබා දෙන්න.
DISINFO,පාර්ලිමේන්තුව ගැන විද්‍යාත්මකව සනාථයි කියලා කියනවා,මෙය නොතහවුරු වූ තොරතුරක් විය හැක. නිල තහවුරු කිරීමක් අවශ්‍ය වේ.
HATE,ආණ්ඩුව දූෂිත රට විකුණනවා,මෙම කරුණ පිළිබඳ මට එකඟ නොවෙයි. කරුණාකර සාක්ෂි සහිතව අදහස් දක්වමු.
HATE,නායකයා අයුතු රට විකුණනවා,මෙම කරුණ සම්බන්ධයෙන් විවේචනයක් ඇත. කරුණාකර සාකච්ඡා කරමු.
DISINFO,කැබිනට් මණ්ඩලය ගැන 100% සත්‍යයි,කරුණාකර නිල මූලාශ්‍රයක් හෝ සබැඳියක් ලබා දෙන්න.
DISINFO,කැබිනට් මණ්ඩලය ගැන විද්‍යාත්මකව සනාථයි කියලා කියනවා,මෙය නොතහවුරු වූ තොරතුරක් විය හැක. නිල තහවුරු කිරීමක් අවශ්‍ය වේ.
DISINFO,ආණ්ඩුව ගැන විද්‍යාත්මකව සනාථයි කියලා කියනවා,මෙය නොතහවුරු වූ තොරතුරක් විය හැක. නිල තහවුරු කිරීමක් අවශ්‍ය වේ.
HATE,ඇමතිවරයා කූට සත්‍ය සඟවනවා,මෙම තීරණය සම්බන්ධයෙන් මට සැකයක් ඇත.
DISINFO,මන්ත්‍රීවරු ගැන 100% සත්‍යයි,කරුණාකර මූලාශ්‍රයක් සමඟ පමණක් බෙදාහදාගමු.
HATE,පාර්ලිමේන්තුව අවිශ්වාසනීය දූෂණ කරනවා,මෙම කරුණ සම්බන්ධයෙන් විවේචනයක් ඇත. කරුණාකර සාකච්ඡා කරමු.
DISINFO,නිලධාරීන් ගැන 100% සත්‍යයි,කරුණාකර මූලාශ්‍රයක් සමඟ පමණක් බෙදාහදාගමු.
HATE,දේශපාලකයන් කූට බොරුව පතුරවනවා,අපි ගෞරවයෙන් සංවාදය කරමු.
HATE,පාර්ලිමේන්තුව අවිශ්වාසනීය මිනිස්සු රවටනවා,මෙම කරුණ පිළිබඳ මට එකඟ නොවෙයි. කරුණාකර සාක්ෂි සහිතව අදහස් දක්වමු.
HATE,රජය අයුතු ජනතාව විනාස කරනවා,මෙම තීරණය සම්බන්ධයෙන් මට සැකයක් ඇත.
DISINFO,ආණ්ඩුව ගැන අනිවාර්යයෙන්ම ඇත්ත,කරුණාකර මූලාශ්‍රයක් සමඟ පමණක් බෙදාහදාගමු.
HATE,රජය ගොන් සත්‍ය සඟවනවා,මෙම තීරණය සම්බන්ධයෙන් මට සැකයක් ඇත.
HATE,ආණ්ඩුව අවබෝධයක් නැති රට විකුණනවා,මෙම කරුණ පිළිබඳ මට එකඟ නොවෙයි. කරුණාකර සාක්ෂි සහිතව අදහස් දක්වමු.
HATE,නිලධාරීන් අවබෝධයක් නැති දූෂණ කරනවා,මෙම ක්‍රියාවන් සම්බන්ධයෙන් මට ගැටළුවක් ඇත. කරුණාකර පැහැදිලි කරන්න.
HATE,පක්ෂය අවබෝධයක් නැති සත්‍ය සඟවනවා,මෙම කරුණ සම්බන්ධයෙන් විවේචනයක් ඇත. කරුණාකර සාකච්ඡා කරමු.
DISINFO,රජය ගැන ලීක් වෙලා තියෙනවා,මෙය සත්‍යදැයි තහවුරු කිරීමට විශ්වාසනීය මූලාශ්‍රයක් අවශ්‍යයි.
HATE,දේශපාලකයන් අසාධාරණ රට විනාස කරනවා,මෙම කරුණ පිළිබඳ මට එකඟ නොවෙයි. කරුණාකර සාක්ෂි සහිතව අදහස් දක්වමු.
DISINFO,රජය ගැන අනිවාර්යයෙන්ම ඇත්ත,මෙය නොතහවුරු වූ තොරතුරක් විය හැක. නිල තහවුරු කිරීමක් අවශ්‍ය වේ.
HATE,ආණ්ඩුව අවිශ්වාසනීය රට විකුණනවා,මෙම තීරණය සම්බන්ධයෙන් මට සැකයක් ඇත.
HATE,කැබිනට් මණ්ඩලය අවබෝධයක් නැති රට විකුණනවා,මෙම කරුණ පිළිබඳ මට එකඟ නොවෙයි. කරුණාකර සාක්ෂි සහිතව අදහස් දක්වමු.
HATE,ඇමතිවරයා දූෂිත මිනිස්සු රවටනවා,මෙම ක්‍රියාවන් සම්බන්ධයෙන් මට ගැටළුවක් ඇත. කරුණාකර පැහැදිලි කරන්න.
DISINFO,ඇමතිවරයා ගැන රහස් වාර්තාවක් තියෙනවා,මෙය සත්‍යදැයි තහවුරු කිරීමට විශ්වාසනීය මූලාශ්‍රයක් අවශ්‍යයි.
HATE,කැබිනට් මණ්ඩලය අවබෝධයක් නැති මිනිස්සු රවටනවා,මෙම කරුණ පිළිබඳ මට එකඟ නොවෙයි. කරුණාකර සාක්ෂි සහිතව අදහස් දක්වමු.
HATE,පක්ෂය ගොන් රට විනාස කරනවා,මෙම තීරණය සම්බන්ධයෙන් මට සැකයක් ඇත.
HATE,නිලධාරීන් අයුතු රට කෑවා,මෙම කරුණ පිළිබඳ මට එකඟ නොවෙයි. කරුණාකර සාක්ෂි සහිතව අදහස් දක්වමු.
HATE,පක්ෂය අවබෝධයක් නැති බොරුව පතුරවනවා,මෙම තීරණය සම්බන්ධයෙන් මට සැකයක් ඇත.
DISINFO,ඇමතිවරයා ගැන විද්‍යාත්මකව සනාථයි කියලා කියනවා,මෙය සත්‍යදැයි තහවුරු කිරීමට විශ්වාසනීය මූලාශ්‍රයක් අවශ්‍යයි.
DISINFO,නායකයා ගැන සනාථ කරලා තියෙනවා,කරුණාකර නිල මූලාශ්‍රයක් හෝ සබැඳියක් ලබා දෙන්න.
HATE,නිලධාරීන් අවබෝධයක් නැති ජනතාව විනාස කරනවා,අපි ගෞරවයෙන් සංවාදය කරමු.
HATE,රජය අයුතු රට විකුණනවා,මෙම ක්‍රියාවන් සම්බන්ධයෙන් මට ගැටළුවක් ඇත. කරුණාකර පැහැදිලි කරන්න.
HATE,නායකයා අයුතු බොරුව පතුරවනවා,මෙම තීරණය සම්බන්ධයෙන් මට සැකයක් ඇත.
HATE,ආණ්ඩුව වගකීමක් නැති සත්‍ය සඟවනවා,මෙම ක්‍රියාවන් සම්බන්ධයෙන් මට ගැටළුවක් ඇත. කරුණාකර පැහැදිලි කරන්න.
HATE,නිලධාරීන් අයුතු දූෂණ කරනවා,මෙම ක්‍රියාවන් සම්බන්ධයෙන් මට ගැටළුවක් ඇත. කරුණාකර පැහැදිලි කරන්න.
DISINFO,දේශපාලකයන් ගැන 100% සත්‍යයි,මෙය සත්‍යදැයි තහවුරු කිරීමට විශ්වාසනීය මූලාශ්‍රයක් අවශ්‍යයි.
HATE,දේශපාලකයන් අවබෝධයක් නැති මිනිස්සු රවටනවා,මෙම ක්‍රියාවන් සම්බන්ධයෙන් මට ගැටළුවක් ඇත. කරුණාකර පැහැදිලි කරන්න.
DISINFO,මන්ත්‍රීවරු ගැන ලෝකයම පිළිගෙන තියෙනවා,මෙය සත්‍යදැයි තහවුරු කිරීමට විශ්වාසනීය මූලාශ්‍රයක් අවශ්‍යයි.
HATE,ආණ්ඩුව කූට මිනිස්සු රවටනවා,මෙම තීරණය සම්බන්ධයෙන් මට සැකයක් ඇත.
DISINFO,කැබිනට් මණ්ඩලය ගැන විද්‍යාත්මකව සනාථයි කියලා කියනවා,කරුණාකර නිල මූලාශ්‍රයක් හෝ සබැඳියක් ලබා දෙන්න.
DISINFO,නායකයා ගැන විද්‍යාත්මකව සනාථයි කියලා කියනවා,කරුණාකර මූලාශ්‍රයක් සමඟ පමණක් බෙදාහදාගමු.
DISINFO,දේශපාලකයන් ගැන ලෝකයම පිළිගෙන තියෙනවා,මෙය නොතහවුරු වූ තොරතුරක් විය හැක. නිල තහවුරු කිරීමක් අවශ්‍ය වේ.
DISINFO,ඇමතිවරයා ගැන ලීක් වෙලා තියෙනවා,මෙය නොතහවුරු වූ තොරතුරක් විය හැක. නිල තහවුරු කිරීමක් අවශ්‍ය වේ.
HATE,රජය වගකීමක් නැති සත්‍ය සඟවනවා,මෙම තීරණය සම්බන්ධයෙන් මට සැකයක් ඇත.
HATE,නායකයා අවබෝධයක් නැති රට විනාස කරනවා,මෙම තීරණය සම්බන්ධයෙන් මට සැකයක් ඇත.
DISINFO,නායකයා ගැන අනිවාර්යයෙන්ම ඇත්ත,කරුණාකර නිල මූලාශ්‍රයක් හෝ සබැඳියක් ලබා දෙන්න.
DISINFO,කැබිනට් මණ්ඩලය ගැන විද්‍යාත්මකව සනාථයි කියලා කියනවා,මෙය සත්‍යදැයි තහවුරු කිරීමට විශ්වාසනීය මූලාශ්‍රයක් අවශ්‍යයි.
DISINFO,පක්ෂය ගැන ලීක් වෙලා තියෙනවා,කරුණාකර නිල මූලාශ්‍රයක් හෝ සබැඳියක් ලබා දෙන්න.
DISINFO,පක්ෂය ගැන ලෝකයම පිළිගෙන තියෙනවා,මෙය නොතහවුරු වූ තොරතුරක් විය හැක. නිල තහවුරු කිරීමක් අවශ්‍ය වේ.
HATE,කැබිනට් මණ්ඩලය පිස්සු රට කෑවා,මෙම ක්‍රියාවන් සම්බන්ධයෙන් මට ගැටළුවක් ඇත. කරුණාකර පැහැදිලි කරන්න.
DISINFO,රජය ගැන රහස් වාර්තාවක් තියෙනවා,මෙය නොතහවුරු වූ තොරතුරක් විය හැක. නිල තහවුරු කිරීමක් අවශ්‍ය වේ.
DISINFO,ආණ්ඩුව ගැන රහස් වාර්තාවක් තියෙනවා,කරුණාකර මූලාශ්‍රයක් සමඟ පමණක් බෙදාහදාගමු.
DISINFO,පාර්ලිමේන්තුව ගැන ලෝකයම පිළිගෙන තියෙනවා,කරුණාකර නිල මූලාශ්‍රයක් හෝ සබැඳියක් ලබා දෙන්න.
HATE,නිලධාරීන් ගොන් බොරුව පතුරවනවා,මෙම ක්‍රියාවන් සම්බන්ධයෙන් මට ගැටළුවක් ඇත. කරුණාකර පැහැදිලි කරන්න.
DISINFO,ආණ්ඩුව ගැන ලීක් වෙලා තියෙනවා,කරුණාකර මූලාශ්‍රයක් සමඟ පමණක් බෙදාහදාගමු.
HATE,මන්ත්‍රීවරු අවබෝධයක් නැති මිනිස්සු රවටනවා,මෙම තීරණය සම්බන්ධයෙන් මට සැකයක් ඇත.
HATE,ආණ්ඩුව මෝඩ මිනිස්සු රවටනවා,මෙම කරුණ සම්බන්ධයෙන් විවේචනයක් ඇත. කරුණාකර සාකච්ඡා කරමු.
HATE,දේශපාලකයන් අසාධාරණ සත්‍ය සඟවනවා,මෙම තීරණය සම්බන්ධයෙන් මට සැකයක් ඇත.
HATE,ආණ්ඩුව අසාධාරණ රට විනාස කරනවා,මෙම කරුණ සම්බන්ධයෙන් විවේචනයක් ඇත. කරුණාකර සාකච්ඡා කරමු.
HATE,කැබිනට් මණ්ඩලය අයුතු රට විනාස කරනවා,මෙම කරුණ පිළිබඳ මට එකඟ නොවෙයි. කරුණාකර සාක්ෂි සහිතව අදහස් දක්වමු.
DISINFO,මන්ත්‍රීවරු ගැන ලෝකයම පිළිගෙන තියෙනවා,මෙය නොතහවුරු වූ තොරතුරක් විය හැක. නිල තහවුරු කිරීමක් අවශ්‍ය වේ.
HATE,පාර්ලිමේන්තුව ගොන් බොරුව පතුරවනවා,මෙම ක්‍රියාවන් සම්බන්ධයෙන් මට ගැටළුවක් ඇත. කරුණාකර පැහැදිලි කරන්න.
HATE,පාර්ලිමේන්තුව අසාධාරණ දූෂණ කරනවා,මෙම තීරණය සම්බන්ධයෙන් මට සැකයක් ඇත.
HATE,නායකයා ගොන් රට කෑවා,මෙම කරුණ පිළිබඳ මට එකඟ නොවෙයි. කරුණාකර සාක්ෂි සහිතව අදහස් දක්වමු.
DISINFO,නිලධාරීන් ගැන ලෝකයම පිළිගෙන තියෙනවා,මෙය නොතහවුරු වූ තොරතුරක් විය හැක. නිල තහවුරු කිරීමක් අවශ්‍ය වේ.
HATE,පාර්ලිමේන්තුව අසාධාරණ මිනිස්සු රවටනවා,මෙම කරුණ පිළිබඳ මට එකඟ නොවෙයි. කරුණාකර සාක්ෂි සහිතව අදහස් දක්වමු.
DISINFO,නිලධාරීන් ගැන විද්‍යාත්මකව සනාථයි කියලා කියනවා,කරුණාකර නිල මූලාශ්‍රයක් හෝ සබැඳියක් ලබා දෙන්න.
DISINFO,පක්ෂය ගැන ලීක් වෙලා තියෙනවා,කරුණාකර නිල මූලාශ්‍රයක් හෝ සබැඳියක් ලබා දෙන්න.
HATE,පක්ෂය දූෂිත බොරුව පතුරවනවා,මෙම කරුණ පිළිබඳ මට එකඟ නොවෙයි. කරුණාකර සාක්ෂි සහිතව අදහස් දක්වමු.
HATE,පාර්ලිමේන්තුව අවබෝධයක් නැති රට විනාස කරනවා,මෙම තීරණය සම්බන්ධයෙන් මට සැකයක් ඇත.
DISINFO,මන්ත්‍රීවරු ගැන විද්‍යාත්මකව සනාථයි කියලා කියනවා,කරුණාකර නිල මූලාශ්‍රයක් හෝ සබැඳියක් ලබා දෙන්න.
HATE,නායකයා අසාධාරණ සත්‍ය සඟවනවා,මෙම තීරණය සම්බන්ධයෙන් මට සැකයක් ඇත.
DISINFO,පක්ෂය ගැන රහස් වාර්තාවක් තියෙනවා,මෙය නොතහවුරු වූ තොරතුරක් විය හැක. නිල තහවුරු කිරීමක් අවශ්‍ය වේ.
DISINFO,ඇමතිවරයා ගැන ලීක් වෙලා තියෙනවා,මෙය සත්‍යදැයි තහවුරු කිරීමට විශ්වාසනීය මූලාශ්‍රයක් අවශ්‍යයි.
DISINFO,නිලධාරීන් ගැන ලෝකයම පිළිගෙන තියෙනවා,මෙය තහවුරු කළ හැකි සාක්ෂි තිබේද?
DISINFO,රජය ගැන විද්‍යාත්මකව සනාථයි කියලා කියනවා,කරුණාකර නිල මූලාශ්‍රයක් හෝ සබැඳියක් ලබා දෙන්න.
DISINFO,ඇමතිවරයා ගැන විද්‍යාත්මකව සනාථයි කියලා කියනවා,කරුණාකර මූලාශ්‍රයක් සමඟ පමණක් බෙදාහදාගමු.
DISINFO,ඇමතිවරයා ගැන විද්‍යාත්මකව සනාථයි කියලා කියනවා,මෙය සත්‍යදැයි තහවුරු කිරීමට විශ්වාසනීය මූලාශ්‍රයක් අවශ්‍යයි.
DISINFO,කැබිනට් මණ්ඩලය ගැන රහස් වාර්තාවක් තියෙනවා,මෙය සත්‍යදැයි තහවුරු කිරීමට විශ්වාසනීය මූලාශ්‍රයක් අවශ්‍යයි.
DISINFO,දේශපාලකයන් ගැන අනිවාර්යයෙන්ම ඇත්ත,මෙය සත්‍යදැයි තහවුරු කිරීමට විශ්වාසනීය මූලාශ්‍රයක් අවශ්‍යයි.
DISINFO,ඇමතිවරයා ගැන සනාථ කරලා තියෙනවා,මෙය තහවුරු කළ හැකි සාක්ෂි තිබේද?
DISINFO,ආණ්ඩුව ගැන ලෝකයම පිළිගෙන තියෙනවා,මෙය නොතහවුරු වූ තොරතුරක් විය හැක. නිල තහවුරු කිරීමක් අවශ්‍ය වේ.
HATE,කැබිනට් මණ්ඩලය අවබෝධයක් නැති ජනතාව විනාස කරනවා,මෙම තීරණය සම්බන්ධයෙන් මට සැකයක් ඇත.
DISINFO,මන්ත්‍රීවරු ගැන රහස් වාර්තාවක් තියෙනවා,මෙය තහවුරු කළ හැකි සාක්ෂි තිබේද?
DISINFO,රජය ගැන සනාථ කරලා තියෙනවා,කරුණාකර මූලාශ්‍රයක් සමඟ පමණක් බෙදාහදාගමු.
HATE,ඇමතිවරයා අවිශ්වාසනීය බොරුව පතුරවනවා,මෙම කරුණ සම්බන්ධයෙන් විවේචනයක් ඇත. කරුණාකර සාකච්ඡා කරමු.
DISINFO,පක්ෂය ගැන ලෝකයම පිළිගෙන තියෙනවා,මෙය සත්‍යදැයි තහවුරු කිරීමට විශ්වාසනීය මූලාශ්‍රයක් අවශ්‍යයි.
HATE,ආණ්ඩුව වගකීමක් නැති රට විකුණනවා,මෙම ක්‍රියාවන් සම්බන්ධයෙන් මට ගැටළුවක් ඇත. කරුණාකර පැහැදිලි කරන්න.
DISINFO,නායකයා ගැන අනිවාර්යයෙන්ම ඇත්ත,කරුණාකර මූලාශ්‍රයක් සමඟ පමණක් බෙදාහදාගමු.
DISINFO,කැබිනට් මණ්ඩලය ගැන ලෝකයම පිළිගෙන තියෙනවා,මෙය තහවුරු කළ හැකි සාක්ෂි තිබේද?
DISINFO,ආණ්ඩුව ගැන අනිවාර්යයෙන්ම ඇත්ත,කරුණාකර නිල මූලාශ්‍රයක් හෝ සබැඳියක් ලබා දෙන්න.
DISINFO,කැබිනට් මණ්ඩලය ගැන රහස් වාර්තාවක් තියෙනවා,මෙය සත්‍යදැයි තහවුරු කිරීමට විශ්වාසනීය මූලාශ්‍රයක් අවශ්‍යයි.
DISINFO,නිලධාරීන් ගැන රහස් වාර්තාවක් තියෙනවා,කරුණාකර නිල මූලාශ්‍රයක් හෝ සබැඳියක් ලබා දෙන්න.
DISINFO,ඇමතිවරයා ගැන ලෝකයම පිළිගෙන තියෙනවා,කරුණාකර නිල මූලාශ්‍රයක් හෝ සබැඳියක් ලබා දෙන්න.
DISINFO,පාර්ලිමේන්තුව ගැන 100% සත්‍යයි,කරුණාකර මූලාශ්‍රයක් සමඟ පමණක් බෙදාහදාගමු.
DISINFO,පක්ෂය ගැන ලෝකයම පිළිගෙන තියෙනවා,කරුණාකර මූලාශ්‍රයක් සමඟ පමණක් බෙදාහදාගමු.
DISINFO,රජය ගැන ලීක් වෙලා තියෙනවා,කරුණාකර නිල මූලාශ්‍රයක් හෝ සබැඳියක් ලබා දෙන්න.
HATE,පාර්ලිමේන්තුව අවිශ්වාසනීය රට කෑවා,මෙම තීරණය සම්බන්ධයෙන් මට සැකයක් ඇත.
DISINFO,නායකයා ගැන ලෝකයම පිළිගෙන තියෙනවා,මෙය සත්‍යදැයි තහවුරු කිරීමට විශ්වාසනීය මූලාශ්‍රයක් අවශ්‍යයි.
HATE,මන්ත්‍රීවරු පිස්සු සත්‍ය සඟවනවා,අපි ගෞරවයෙන් සංවාදය කරමු.
DISINFO,දේශපාලකයන් ගැන ලෝකයම පිළිගෙන තියෙනවා,මෙය සත්‍යදැයි තහවුරු කිරීමට විශ්වාසනීය මූලාශ්‍රයක් අවශ්‍යයි.
HATE,ඇමතිවරයා අවබෝධයක් නැති රට කෑවා,මෙම කරුණ පිළිබඳ මට එකඟ නොවෙයි. කරුණාකර සාක්ෂි සහිතව අදහස් දක්වමු.
HATE,මන්ත්‍රීවරු අවිශ්වාසනීය දූෂණ කරනවා,මෙම ක්‍රියාවන් සම්බන්ධයෙන් මට ගැටළුවක් ඇත. කරුණාකර පැහැදිලි කරන්න.
HATE,නිලධාරීන් වගකීමක් නැති රට කෑවා,මෙම කරුණ සම්බන්ධයෙන් විවේචනයක් ඇත. කරුණාකර සාකච්ඡා කරමු.
HATE,ආණ්ඩුව පිස්සු රට කෑවා,මෙම කරුණ සම්බන්ධයෙන් විවේචනයක් ඇත. කරුණාකර සාකච්ඡා කරමු.
DISINFO,කැබිනට් මණ්ඩලය ගැන ලෝකයම පිළිගෙන තියෙනවා,කරුණාකර මූලාශ්‍රයක් සමඟ පමණක් බෙදාහදාගමු.
DISINFO,ඇමතිවරයා ගැන ලීක් වෙලා තියෙනවා,කරුණාකර නිල මූලාශ්‍රයක් හෝ සබැඳියක් ලබා දෙන්න.
DISINFO,නායකයා ගැන සනාථ කරලා තියෙනවා,මෙය සත්‍යදැයි තහවුරු කිරීමට විශ්වාසනීය මූලාශ්‍රයක් අවශ්‍යයි.
DISINFO,පක්ෂය ගැන 100% සත්‍යයි,කරුණාකර මූලාශ්‍රයක් සමඟ පමණක් බෙදාහදාගමු.
DISINFO,දේශපාලකයන් ගැන 100% සත්‍යයි,කරුණාකර මූලාශ්‍රයක් සමඟ පමණක් බෙදාහදාගමු.
HATE,මන්ත්‍රීවරු අවබෝධයක් නැති ජනතාව විනාස කරනවා,මෙම කරුණ සම්බන්ධයෙන් විවේචනයක් ඇත. කරුණාකර සාකච්ඡා කරමු.
HATE,නායකයා අසාධාරණ ජනතාව විනාස කරනවා,මෙම තීරණය සම්බන්ධයෙන් මට සැකයක් ඇත.
DISINFO,නිලධාරීන් ගැන ලීක් වෙලා තියෙනවා,මෙය සත්‍යදැයි තහවුරු කිරීමට විශ්වාසනීය මූලාශ්‍රයක් අවශ්‍යයි.
DISINFO,මන්ත්‍රීවරු ගැන විද්‍යාත්මකව සනාථයි කියලා කියනවා,මෙය සත්‍යදැයි තහවුරු කිරීමට විශ්වාසනීය මූලාශ්‍රයක් අවශ්‍යයි.
DISINFO,පාර්ලිමේන්තුව ගැන 100% සත්‍යයි,කරුණාකර මූලාශ්‍රයක් සමඟ පමණක් බෙදාහදාගමු.
DISINFO,ආණ්ඩුව ගැන අනිවාර්යයෙන්ම ඇත්ත,මෙය සත්‍යදැයි තහවුරු කිරීමට විශ්වාසනීය මූලාශ්‍රයක් අවශ්‍යයි.
DISINFO,නිලධාරීන් ගැන අනිවාර්යයෙන්ම ඇත්ත,මෙය සත්‍යදැයි තහවුරු කිරීමට විශ්වාසනීය මූලාශ්‍රයක් අවශ්‍යයි.
DISINFO,ආණ්ඩුව ගැන ලෝකයම පිළිගෙන තියෙනවා,මෙය සත්‍යදැයි තහවුරු කිරීමට විශ්වාසනීය මූලාශ්‍රයක් අවශ්‍යයි.
DISINFO,දේශපාලකයන් ගැන රහස් වාර්තාවක් තියෙනවා,මෙය නොතහවුරු වූ තොරතුරක් විය හැක. නිල තහවුරු කිරීමක් අවශ්‍ය වේ.
HATE,නායකයා කූට මිනිස්සු රවටනවා,මෙම තීරණය සම්බන්ධයෙන් මට සැකයක් ඇත.
DISINFO,පක්ෂය ගැන 100% සත්‍යයි,මෙය තහවුරු කළ හැකි සාක්ෂි තිබේද?
DISINFO,මන්ත්‍රීවරු ගැන ලීක් වෙලා තියෙනවා,කරුණාකර නිල මූලාශ්‍රයක් හෝ සබැඳියක් ලබා දෙන්න.
HATE,පාර්ලිමේන්තුව වගකීමක් නැති රට විකුණනවා,මෙම තීරණය සම්බන්ධයෙන් මට සැකයක් ඇත.
HATE,දේශපාලකයන් අවිශ්වාසනීය බොරුව පතුරවනවා,අපි ගෞරවයෙන් සංවාදය කරමු.
HATE,නායකයා අයුතු රට විනාස කරනවා,මෙම කරුණ පිළිබඳ මට එකඟ නොවෙයි. කරුණාකර සාක්ෂි සහිතව අදහස් දක්වමු.
HATE,මන්ත්‍රීවරු පිස්සු සත්‍ය සඟවනවා,මෙම ක්‍රියාවන් සම්බන්ධයෙන් මට ගැටළුවක් ඇත. කරුණාකර පැහැදිලි කරන්න.
DISINFO,කැබිනට් මණ්ඩලය ගැන විද්‍යාත්මකව සනාථයි කියලා කියනවා,කරුණාකර නිල මූලාශ්‍රයක් හෝ සබැඳියක් ලබා දෙන්න.
HATE,රජය දූෂිත සත්‍ය සඟවනවා,මෙම තීරණය සම්බන්ධයෙන් මට සැකයක් ඇත.
DISINFO,පාර්ලිමේන්තුව ගැන රහස් වාර්තාවක් තියෙනවා,මෙය තහවුරු කළ හැකි සාක්ෂි තිබේද?
HATE,නිලධාරීන් දූෂිත රට විනාස කරනවා,මෙම තීරණය සම්බන්ධයෙන් මට සැකයක් ඇත.
HATE,ආණ්ඩුව කූට රට විකුණනවා,මෙම තීරණය සම්බන්ධයෙන් මට සැකයක් ඇත.
DISINFO,කැබිනට් මණ්ඩලය ගැන ලෝකයම පිළිගෙන තියෙනවා,මෙය සත්‍යදැයි තහවුරු කිරීමට විශ්වාසනීය මූලාශ්‍රයක් අවශ්‍යයි.
HATE,පක්ෂය දූෂිත දූෂණ කරනවා,මෙම කරුණ පිළිබඳ මට එකඟ නොවෙයි. කරුණාකර සාක්ෂි සහිතව අදහස් දක්වමු.
DISINFO,නායකයා ගැන ලෝකයම පිළිගෙන තියෙනවා,මෙය සත්‍යදැයි තහවුරු කිරීමට විශ්වාසනීය මූලාශ්‍රයක් අවශ්‍යයි.
HATE,ආණ්ඩුව අයුතු දූෂණ කරනවා,මෙම කරුණ සම්බන්ධයෙන් විවේචනයක් ඇත. කරුණාකර සාකච්ඡා කරමු.
DISINFO,ඇමතිවරයා ගැන අනිවාර්යයෙන්ම ඇත්ත,මෙය සත්‍යදැයි තහවුරු කිරීමට විශ්වාසනීය මූලාශ්‍රයක් අවශ්‍යයි.
HATE,පාර්ලිමේන්තුව කූට බොරුව පතුරවනවා,මෙම ක්‍රියාවන් සම්බන්ධයෙන් මට ගැටළුවක් ඇත. කරුණාකර පැහැදිලි කරන්න.
HATE,ඇමතිවරයා කූට ජනතාව විනාස කරනවා,මෙම කරුණ සම්බන්ධයෙන් විවේචනයක් ඇත. කරුණාකර සාකච්ඡා කරමු.
DISINFO,රජය ගැන විද්‍යාත්මකව සනාථයි කියලා කියනවා,මෙය නොතහවුරු වූ තොරතුරක් විය හැක. නිල තහවුරු කිරීමක් අවශ්‍ය වේ.
DISINFO,නිලධාරීන් ගැන අනිවාර්යයෙන්ම ඇත්ත,මෙය නොතහවුරු වූ තොරතුරක් විය හැක. නිල තහවුරු කිරීමක් අවශ්‍ය වේ.
DISINFO,පාර්ලිමේන්තුව ගැන 100% සත්‍යයි,කරුණාකර මූලාශ්‍රයක් සමඟ පමණක් බෙදාහදාගමු.
DISINFO,පාර්ලිමේන්තුව ගැන 100% සත්‍යයි,මෙය තහවුරු කළ හැකි සාක්ෂි තිබේද?
HATE,ඇමතිවරයා පිස්සු ජනතාව විනාස කරනවා,මෙම තීරණය සම්බන්ධයෙන් මට සැකයක් ඇත.
DISINFO,කැබිනට් මණ්ඩලය ගැන 100% සත්‍යයි,මෙය තහවුරු කළ හැකි සාක්ෂි තිබේද?
DISINFO,නායකයා ගැන රහස් වාර්තාවක් තියෙනවා,මෙය තහවුරු කළ හැකි සාක්ෂි තිබේද?
DISINFO,මන්ත්‍රීවරු ගැන විද්‍යාත්මකව සනාථයි කියලා කියනවා,කරුණාකර මූලාශ්‍රයක් සමඟ පමණක් බෙදාහදාගමු.
DISINFO,කැබිනට් මණ්ඩලය ගැන රහස් වාර්තාවක් තියෙනවා,කරුණාකර නිල මූලාශ්‍රයක් හෝ සබැඳියක් ලබා දෙන්න.
DISINFO,ආණ්ඩුව ගැන 100% සත්‍යයි,කරුණාකර මූලාශ්‍රයක් සමඟ පමණක් බෙදාහදාගමු.
DISINFO,ආණ්ඩුව ගැන 100% සත්‍යයි,කරුණාකර මූලාශ්‍රයක් සමඟ පමණක් බෙදාහදාගමු.
DISINFO,පක්ෂය ගැන අනිවාර්යයෙන්ම ඇත්ත,කරුණාකර නිල මූලාශ්‍රයක් හෝ සබැඳියක් ලබා දෙන්න.
HATE,රජය දූෂිත බොරුව පතුරවනවා,මෙම තීරණය සම්බන්ධයෙන් මට සැකයක් ඇත.
DISINFO,නිලධාරීන් ගැන ලීක් වෙලා තියෙනවා,මෙය තහවුරු කළ හැකි සාක්ෂි තිබේද?
HATE,නිලධාරීන් පිස්සු රට විකුණනවා,මෙම තීරණය සම්බන්ධයෙන් මට සැකයක් ඇත.
HATE,කැබිනට් මණ්ඩලය අවබෝධයක් නැති දූෂණ කරනවා,මෙම කරුණ සම්බන්ධයෙන් විවේචනයක් ඇත. කරුණාකර සාකච්ඡා කරමු.
DISINFO,රජය ගැන විද්‍යාත්මකව සනාථයි කියලා කියනවා,මෙය නොතහවුරු වූ තොරතුරක් විය හැක. නිල තහවුරු කිරීමක් අවශ්‍ය වේ.
DISINFO,දේශපාලකයන් ගැන රහස් වාර්තාවක් තියෙනවා,මෙය නොතහවුරු වූ තොරතුරක් විය හැක. නිල තහවුරු කිරීමක් අවශ්‍ය වේ.
DISINFO,රජය ගැන සනාථ කරලා තියෙනවා,මෙය නොතහවුරු වූ තොරතුරක් විය හැක. නිල තහවුරු කිරීමක් අවශ්‍ය වේ.
DISINFO,රජය ගැන අනිවාර්යයෙන්ම ඇත්ත,මෙය සත්‍යදැයි තහවුරු කිරීමට විශ්වාසනීය මූලාශ්‍රයක් අවශ්‍යයි.
HATE,ආණ්ඩුව මෝඩ මිනිස්සු රවටනවා,මෙම කරුණ පිළිබඳ මට එකඟ නොවෙයි. කරුණාකර සාක්ෂි සහිතව අදහස් දක්වමු.
DISINFO,මන්ත්‍රීවරු ගැන 100% සත්‍යයි,මෙය නොතහවුරු වූ තොරතුරක් විය හැක. නිල තහවුරු කිරීමක් අවශ්‍ය වේ.
DISINFO,කැබිනට් මණ්ඩලය ගැන අනිවාර්යයෙන්ම ඇත්ත,කරුණාකර නිල මූලාශ්‍රයක් හෝ සබැඳියක් ලබා දෙන්න.
DISINFO,ඇමතිවරයා ගැන විද්‍යාත්මකව සනාථයි කියලා කියනවා,මෙය තහවුරු කළ හැකි සාක්ෂි තිබේද?
DISINFO,පක්ෂය ගැන අනිවාර්යයෙන්ම ඇත්ත,කරුණාකර මූලාශ්‍රයක් සමඟ පමණක් බෙදාහදාගමු.
HATE,රජය දූෂිත රට කෑවා,මෙම ක්‍රියාවන් සම්බන්ධයෙන් මට ගැටළුවක් ඇත. කරුණාකර පැහැදිලි කරන්න.
HATE,කැබිනට් මණ්ඩලය අයුතු ජනතාව විනාස කරනවා,මෙම ක්‍රියාවන් සම්බන්ධයෙන් මට ගැටළුවක් ඇත. කරුණාකර පැහැදිලි කරන්න.
DISINFO,රජය ගැන රහස් වාර්තාවක් තියෙනවා,මෙය තහවුරු කළ හැකි සාක්ෂි තිබේද?
HATE,දේශපාලකයන් පිස්සු රට විකුණනවා,අපි ගෞරවයෙන් සංවාදය කරමු.
DISINFO,දේශපාලකයන් ගැන ලීක් වෙලා තියෙනවා,මෙය තහවුරු කළ හැකි සාක්ෂි තිබේද?
DISINFO,දේශපාලකයන් ගැන ලෝකයම පිළිගෙන තියෙනවා,මෙය සත්‍යදැයි තහවුරු කිරීමට විශ්වාසනීය මූලාශ්‍රයක් අවශ්‍යයි.
DISINFO,මන්ත්‍රීවරු ගැන ලෝකයම පිළිගෙන තියෙනවා,මෙය නොතහවුරු වූ තොරතුරක් විය හැක. නිල තහවුරු කිරීමක් අවශ්‍ය වේ.
HATE,කැබිනට් මණ්ඩලය වගකීමක් නැති රට විනාස කරනවා,මෙම ක්‍රියාවන් සම්බන්ධයෙන් මට ගැටළුවක් ඇත. කරුණාකර පැහැදිලි කරන්න.
HATE,දේශපාලකයන් අයුතු මිනිස්සු රවටනවා,මෙම ක්‍රියාවන් සම්බන්ධයෙන් මට ගැටළුවක් ඇත. කරුණාකර පැහැදිලි කරන්න.
HATE,පාර්ලිමේන්තුව දූෂිත සත්‍ය සඟවනවා,මෙම ක්‍රියාවන් සම්බන්ධයෙන් මට ගැටළුවක් ඇත. කරුණාකර පැහැදිලි කරන්න.
HATE,දේශපාලකයන් අසාධාරණ දූෂණ කරනවා,මෙම කරුණ සම්බන්ධයෙන් විවේචනයක් ඇත. කරුණාකර සාකච්ඡා කරමු.
HATE,නිලධාරීන් වගකීමක් නැති මිනිස්සු රවටනවා,මෙම කරුණ සම්බන්ධයෙන් විවේචනයක් ඇත. කරුණාකර සාකච්ඡා කරමු.
DISINFO,ඇමතිවරයා ගැන ලීක් වෙලා තියෙනවා,කරුණාකර නිල මූලාශ්‍රයක් හෝ සබැඳියක් ලබා දෙන්න.
HATE,ආණ්ඩුව වගකීමක් නැති ජනතාව විනාස කරනවා,මෙම තීරණය සම්බන්ධයෙන් මට සැකයක් ඇත.
DISINFO,නිලධාරීන් ගැන ලීක් වෙලා තියෙනවා,මෙය තහවුරු කළ හැකි සාක්ෂි තිබේද?
DISINFO,දේශපාලකයන් ගැන අනිවාර්යයෙන්ම ඇත්ත,මෙය තහවුරු කළ හැකි සාක්ෂි තිබේද?
HATE,නිලධාරීන් වගකීමක් නැති රට විකුණනවා,මෙම තීරණය සම්බන්ධයෙන් මට සැකයක් ඇත.
HATE,නිලධාරීන් ගොන් රට විකුණනවා,මෙම ක්‍රියාවන් සම්බන්ධයෙන් මට ගැටළුවක් ඇත. කරුණාකර පැහැදිලි කරන්න.
HATE,කැබිනට් මණ්ඩලය කූට මිනිස්සු රවටනවා,අපි ගෞරවයෙන් සංවාදය කරමු.
HATE,නිලධාරීන් අවබෝධයක් නැති රට කෑවා,මෙම කරුණ සම්බන්ධයෙන් විවේචනයක් ඇත. කරුණාකර සාකච්ඡා කරමු.
HATE,පාර්ලිමේන්තුව පිස්සු රට විකුණනවා,මෙම කරුණ සම්බන්ධයෙන් විවේචනයක් ඇත. කරුණාකර සාකච්ඡා කරමු.
DISINFO,දේශපාලකයන් ගැන 100% සත්‍යයි,කරුණාකර නිල මූලාශ්‍රයක් හෝ සබැඳියක් ලබා දෙන්න.
DISINFO,නායකයා ගැන රහස් වාර්තාවක් තියෙනවා,කරුණාකර මූලාශ්‍රයක් සමඟ පමණක් බෙදාහදාගමු.
HATE,කැබිනට් මණ්ඩලය මෝඩ දූෂණ කරනවා,මෙම ක්‍රියාවන් සම්බන්ධයෙන් මට ගැටළුවක් ඇත. කරුණාකර පැහැදිලි කරන්න.
DISINFO,ආණ්ඩුව ගැන සනාථ කරලා තියෙනවා,කරුණාකර නිල මූලාශ්‍රයක් හෝ සබැඳියක් ලබා දෙන්න.
DISINFO,මන්ත්‍රීවරු ගැන අනිවාර්යයෙන්ම ඇත්ත,මෙය තහවුරු කළ හැකි සාක්ෂි තිබේද?
HATE,ඇමතිවරයා අවිශ්වාසනීය රට විනාස කරනවා,මෙම කරුණ පිළිබඳ මට එකඟ නොවෙයි. කරුණාකර සාක්ෂි සහිතව අදහස් දක්වමු.
HATE,රජය අවබෝධයක් නැති දූෂණ කරනවා,මෙම කරුණ පිළිබඳ මට එකඟ නොවෙයි. කරුණාකර සාක්ෂි සහිතව අදහස් දක්වමු.
HATE,දේශපාලකයන් කූට රට කෑවා,අපි ගෞරවයෙන් සංවාදය කරමු.
DISINFO,පාර්ලිමේන්තුව ගැන ලෝකයම පිළිගෙන තියෙනවා,මෙය සත්‍යදැයි තහවුරු කිරීමට විශ්වාසනීය මූලාශ්‍රයක් අවශ්‍යයි.
HATE,දේශපාලකයන් දූෂිත ජනතාව විනාස කරනවා,මෙම ක්‍රියාවන් සම්බන්ධයෙන් මට ගැටළුවක් ඇත. කරුණාකර පැහැදිලි කරන්න.
HATE,ආණ්ඩුව අසාධාරණ මිනිස්සු රවටනවා,මෙම තීරණය සම්බන්ධයෙන් මට සැකයක් ඇත.
HATE,ආණ්ඩුව අවිශ්වාසනීය රට කෑවා,අපි ගෞරවයෙන් සංවාදය කරමු.
DISINFO,රජය ගැන අනිවාර්යයෙන්ම ඇත්ත,මෙය තහවුරු කළ හැකි සාක්ෂි තිබේද?
DISINFO,පක්ෂය ගැන සනාථ කරලා තියෙනවා,කරුණාකර නිල මූලාශ්‍රයක් හෝ සබැඳියක් ලබා දෙන්න.
HATE,කැබිනට් මණ්ඩලය වගකීමක් නැති සත්‍ය සඟවනවා,අපි ගෞරවයෙන් සංවාදය කරමු.
DISINFO,ඇමතිවරයා ගැන ලීක් වෙලා තියෙනවා,මෙය සත්‍යදැයි තහවුරු කිරීමට විශ්වාසනීය මූලාශ්‍රයක් අවශ්‍යයි.
DISINFO,මන්ත්‍රීවරු ගැන සනාථ කරලා තියෙනවා,මෙය තහවුරු කළ හැකි සාක්ෂි තිබේද?
DISINFO,ඇමතිවරයා ගැන සනාථ කරලා තියෙනවා,කරුණාකර මූලාශ්‍රයක් සමඟ පමණක් බෙදාහදාගමු.
HATE,නායකයා පිස්සු මිනිස්සු රවටනවා,අපි ගෞරවයෙන් සංවාදය කරමු.
DISINFO,පාර්ලිමේන්තුව ගැන ලීක් වෙලා තියෙනවා,මෙය තහවුරු කළ හැකි සාක්ෂි තිබේද?
HATE,කැබිනට් මණ්ඩලය වගකීමක් නැති බොරුව පතුරවනවා,මෙම කරුණ සම්බන්ධයෙන් විවේචනයක් ඇත. කරුණාකර සාකච්ඡා කරමු.
DISINFO,නායකයා ගැන රහස් වාර්තාවක් තියෙනවා,මෙය සත්‍යදැයි තහවුරු කිරීමට විශ්වාසනීය මූලාශ්‍රයක් අවශ්‍යයි.
DISINFO,නිලධාරීන් ගැන විද්‍යාත්මකව සනාථයි කියලා කියනවා,මෙය නොතහවුරු වූ තොරතුරක් විය හැක. නිල තහවුරු කිරීමක් අවශ්‍ය වේ.
DISINFO,නිලධාරීන් ගැන 100% සත්‍යයි,කරුණාකර මූලාශ්‍රයක් සමඟ පමණක් බෙදාහදාගමු.
DISINFO,පාර්ලිමේන්තුව ගැන ලෝකයම පිළිගෙන තියෙනවා,මෙය තහවුරු කළ හැකි සාක්ෂි තිබේද?
DISINFO,දේශපාලකයන් ගැන සනාථ කරලා තියෙනවා,කරුණාකර නිල මූලාශ්‍රයක් හෝ සබැඳියක් ලබා දෙන්න.
HATE,නිලධාරීන් අවිශ්වාසනීය රට විනාස කරනවා,අපි ගෞරවයෙන් සංවාදය කරමු.
HATE,ඇමතිවරයා පිස්සු ජනතාව විනාස කරනවා,මෙම තීරණය සම්බන්ධයෙන් මට සැකයක් ඇත.
DISINFO,කැබිනට් මණ්ඩලය ගැන රහස් වාර්තාවක් තියෙනවා,කරුණාකර නිල මූලාශ්‍රයක් හෝ සබැඳියක් ලබා දෙන්න.
HATE,මන්ත්‍රීවරු වගකීමක් නැති දූෂණ කරනවා,මෙම කරුණ සම්බන්ධයෙන් විවේචනයක් ඇත. කරුණාකර සාකච්ඡා කරමු.
DISINFO,පක්ෂය ගැන ලෝකයම පිළිගෙන තියෙනවා,මෙය නොතහවුරු වූ තොරතුරක් විය හැක. නිල තහවුරු කිරීමක් අවශ්‍ය වේ.
HATE,මන්ත්‍රීවරු වගකීමක් නැති මිනිස්සු රවටනවා,මෙම ක්‍රියාවන් සම්බන්ධයෙන් මට ගැටළුවක් ඇත. කරුණාකර පැහැදිලි කරන්න.
DISINFO,නායකයා ගැන අනිවාර්යයෙන්ම ඇත්ත,මෙය නොතහවුරු වූ තොරතුරක් විය හැක. නිල තහවුරු කිරීමක් අවශ්‍ය වේ.
HATE,දේශපාලකයන් දූෂිත ජනතාව විනාස කරනවා,මෙම කරුණ පිළිබඳ මට එකඟ නොවෙයි. කරුණාකර සාක්ෂි සහිතව අදහස් දක්වමු.
DISINFO,ආණ්ඩුව ගැන රහස් වාර්තාවක් තියෙනවා,කරුණාකර නිල මූලාශ්‍රයක් හෝ සබැඳියක් ලබා දෙන්න.
DISINFO,පක්ෂය ගැන රහස් වාර්තාවක් තියෙනවා,කරුණාකර මූලාශ්‍රයක් සමඟ පමණක් බෙදාහදාගමු.
DISINFO,මන්ත්‍රීවරු ගැන 100% සත්‍යයි,මෙය තහවුරු කළ හැකි සාක්ෂි තිබේද?
DISINFO,නායකයා ගැන විද්‍යාත්මකව සනාථයි කියලා කියනවා,මෙය නොතහවුරු වූ තොරතුරක් විය හැක. නිල තහවුරු කිරීමක් අවශ්‍ය වේ.
HATE,ආණ්ඩුව අවබෝධයක් නැති රට විනාස කරනවා,අපි ගෞරවයෙන් සංවාදය කරමු.
DISINFO,ඇමතිවරයා ගැන ලෝකයම පිළිගෙන තියෙනවා,මෙය තහවුරු කළ හැකි සාක්ෂි තිබේද?
HATE,පක්ෂය අවිශ්වාසනීය සත්‍ය සඟවනවා,මෙම කරුණ සම්බන්ධයෙන් විවේචනයක් ඇත. කරුණාකර සාකච්ඡා කරමු.
DISINFO,පාර්ලිමේන්තුව ගැන අනිවාර්යයෙන්ම ඇත්ත,කරුණාකර මූලාශ්‍රයක් සමඟ පමණක් බෙදාහදාගමු.
HATE,පක්ෂය අවබෝධයක් නැති රට කෑවා,මෙම තීරණය සම්බන්ධයෙන් මට සැකයක් ඇත.
DISINFO,ආණ්ඩුව ගැන සනාථ කරලා තියෙනවා,මෙය තහවුරු කළ හැකි සාක්ෂි තිබේද?
DISINFO,නිලධාරීන් ගැන අනිවාර්යයෙන්ම ඇත්ත,කරුණාකර නිල මූලාශ්‍රයක් හෝ සබැඳියක් ලබා දෙන්න.
HATE,මන්ත්‍රීවරු කූට දූෂණ කරනවා,මෙම කරුණ සම්බන්ධයෙන් විවේචනයක් ඇත. කරුණාකර සාකච්ඡා කරමු.
DISINFO,නායකයා ගැන ලෝකයම පිළිගෙන තියෙනවා,මෙය තහවුරු කළ හැකි සාක්ෂි තිබේද?
DISINFO,පාර්ලිමේන්තුව ගැන 100% සත්‍යයි,කරුණාකර නිල මූලාශ්‍රයක් හෝ සබැඳියක් ලබා දෙන්න.
HATE,ඇමතිවරයා දූෂිත ජනතාව විනාස කරනවා,මෙම කරුණ සම්බන්ධයෙන් විවේචනයක් ඇත. කරුණාකර සාකච්ඡා කරමු.
DISINFO,නායකයා ගැන ලෝකයම පිළිගෙන තියෙනවා,කරුණාකර නිල මූලාශ්‍රයක් හෝ සබැඳියක් ලබා දෙන්න.
DISINFO,ඇමතිවරයා ගැන අනිවාර්යයෙන්ම ඇත්ත,කරුණාකර මූලාශ්‍රයක් සමඟ පමණක් බෙදාහදාගමු.
DISINFO,රජය ගැන විද්‍යාත්මකව සනාථයි කියලා කියනවා,මෙය තහවුරු කළ හැකි සාක්ෂි තිබේද?
DISINFO,නිලධාරීන් ගැන රහස් වාර්තාවක් තියෙනවා,කරුණාකර මූලාශ්‍රයක් සමඟ පමණක් බෙදාහදාගමු.
HATE,මන්ත්‍රීවරු පිස්සු රට කෑවා,මෙම තීරණය සම්බන්ධයෙන් මට සැකයක් ඇත.
HATE,පක්ෂය අයුතු රට විනාස කරනවා,අපි ගෞරවයෙන් සංවාදය කරමු.
DISINFO,කැබිනට් මණ්ඩලය ගැන විද්‍යාත්මකව සනාථයි කියලා කියනවා,මෙය තහවුරු කළ හැකි සාක්ෂි තිබේද?
HATE,නායකයා පිස්සු ජනතාව විනාස කරනවා,මෙම කරුණ සම්බන්ධයෙන් විවේචනයක් ඇත. කරුණාකර සාකච්ඡා කරමු.
DISINFO,නායකයා ගැන සනාථ කරලා තියෙනවා,මෙය නොතහවුරු වූ තොරතුරක් විය හැක. නිල තහවුරු කිරීමක් අවශ්‍ය වේ.
DISINFO,නායකයා ගැන 100% සත්‍යයි,මෙය සත්‍යදැයි තහවුරු කිරීමට විශ්වාසනීය මූලාශ්‍රයක් අවශ්‍යයි.
HATE,ආණ්ඩුව දූෂිත බොරුව පතුරවනවා,මෙම කරුණ සම්බන්ධයෙන් විවේචනයක් ඇත. කරුණාකර සාකච්ඡා කරමු.
DISINFO,දේශපාලකයන් ගැන 100% සත්‍යයි,කරුණාකර මූලාශ්‍රයක් සමඟ පමණක් බෙදාහදාගමු.
HATE,නිලධාරීන් කූට රට කෑවා,මෙම තීරණය සම්බන්ධයෙන් මට සැකයක් ඇත.
DISINFO,ආණ්ඩුව ගැන විද්‍යාත්මකව සනාථයි කියලා කියනවා,මෙය තහවුරු කළ හැකි සාක්ෂි තිබේද?
DISINFO,පක්ෂය ගැන අනිවාර්යයෙන්ම ඇත්ත,මෙය නොතහවුරු වූ තොරතුරක් විය හැක. නිල තහවුරු කිරීමක් අවශ්‍ය වේ.
DISINFO,ආණ්ඩුව ගැන රහස් වාර්තාවක් තියෙනවා,මෙය තහවුරු කළ හැකි සාක්ෂි තිබේද?
DISINFO,දේශපාලකයන් ගැන විද්‍යාත්මකව සනාථයි කියලා කියනවා,කරුණාකර නිල මූලාශ්‍රයක් හෝ සබැඳියක් ලබා දෙන්න.
DISINFO,පක්ෂය ගැන ලෝකයම පිළිගෙන තියෙනවා,මෙය සත්‍යදැයි තහවුරු කිරීමට විශ්වාසනීය මූලාශ්‍රයක් අවශ්‍යයි.
DISINFO,පාර්ලිමේන්තුව ගැන 100% සත්‍යයි,කරුණාකර මූලාශ්‍රයක් සමඟ පමණක් බෙදාහදාගමු.
DISINFO,දේශපාලකයන් ගැන ලෝකයම පිළිගෙන තියෙනවා,කරුණාකර මූලාශ්‍රයක් සමඟ පමණක් බෙදාහදාගමු.
DISINFO,මන්ත්‍රීවරු ගැන විද්‍යාත්මකව සනාථයි කියලා කියනවා,මෙය තහවුරු කළ හැකි සාක්ෂි තිබේද?
DISINFO,පක්ෂය ගැන විද්‍යාත්මකව සනාථයි කියලා කියනවා,කරුණාකර නිල මූලාශ්‍රයක් හෝ සබැඳියක් ලබා දෙන්න.
HATE,දේශපාලකයන් දූෂිත රට කෑවා,මෙම කරුණ පිළිබඳ මට එකඟ නොවෙයි. කරුණාකර සාක්ෂි සහිතව අදහස් දක්වමු.
HATE,නායකයා අවබෝධයක් නැති දූෂණ කරනවා,මෙම කරුණ පිළිබඳ මට එකඟ නොවෙයි. කරුණාකර සාක්ෂි සහිතව අදහස් දක්වමු.
HATE,මන්ත්‍රීවරු අයුතු මිනිස්සු රවටනවා,මෙම කරුණ පිළිබඳ මට එකඟ නොවෙයි. කරුණාකර සාක්ෂි සහිතව අදහස් දක්වමු.
HATE,රජය අවබෝධයක් නැති රට විකුණනවා,මෙම තීරණය සම්බන්ධයෙන් මට සැකයක් ඇත.
DISINFO,ආණ්ඩුව ගැන විද්‍යාත්මකව සනාථයි කියලා කියනවා,මෙය නොතහවුරු වූ තොරතුරක් විය හැක. නිල තහවුරු කිරීමක් අවශ්‍ය වේ.
DISINFO,මන්ත්‍රීවරු ගැන රහස් වාර්තාවක් තියෙනවා,මෙය නොතහවුරු වූ තොරතුරක් විය හැක. නිල තහවුරු කිරීමක් අවශ්‍ය වේ.
DISINFO,ආණ්ඩුව ගැන රහස් වාර්තාවක් තියෙනවා,මෙය සත්‍යදැයි තහවුරු කිරීමට විශ්වාසනීය මූලාශ්‍රයක් අවශ්‍යයි.
DISINFO,ආණ්ඩුව ගැන ලීක් වෙලා තියෙනවා,මෙය සත්‍යදැයි තහවුරු කිරීමට විශ්වාසනීය මූලාශ්‍රයක් අවශ්‍යයි.
HATE,රජය දූෂිත බොරුව පතුරවනවා,අපි ගෞරවයෙන් සංවාදය කරමු.
DISINFO,පාර්ලිමේන්තුව ගැන සනාථ කරලා තියෙනවා,මෙය තහවුරු කළ හැකි සාක්ෂි තිබේද?
HATE,ආණ්ඩුව මෝඩ දූෂණ කරනවා,මෙම කරුණ සම්බන්ධයෙන් විවේචනයක් ඇත. කරුණාකර සාකච්ඡා කරමු.
HATE,කැබිනට් මණ්ඩලය මෝඩ රට විකුණනවා,අපි ගෞරවයෙන් සංවාදය කරමු.
DISINFO,දේශපාලකයන් ගැන සනාථ කරලා තියෙනවා,මෙය සත්‍යදැයි තහවුරු කිරීමට විශ්වාසනීය මූලාශ්‍රයක් අවශ්‍යයි.
HATE,නිලධාරීන් කූට රට විනාස කරනවා,මෙම කරුණ සම්බන්ධයෙන් විවේචනයක් ඇත. කරුණාකර සාකච්ඡා කරමු.
DISINFO,ඇමතිවරයා ගැන 100% සත්‍යයි,මෙය තහවුරු කළ හැකි සාක්ෂි තිබේද?
DISINFO,පක්ෂය ගැන විද්‍යාත්මකව සනාථයි කියලා කියනවා,මෙය නොතහවුරු වූ තොරතුරක් විය හැක. නිල තහවුරු කිරීමක් අවශ්‍ය වේ.
DISINFO,දේශපාලකයන් ගැන විද්‍යාත්මකව සනාථයි කියලා කියනවා,මෙය සත්‍යදැයි තහවුරු කිරීමට විශ්වාසනීය මූලාශ්‍රයක් අවශ්‍යයි.
DISINFO,දේශපාලකයන් ගැන ලීක් වෙලා තියෙනවා,මෙය තහවුරු කළ හැකි සාක්ෂි තිබේද?
HATE,දේශපාලකයන් අවබෝධයක් නැති රට විනාස කරනවා,මෙම තීරණය සම්බන්ධයෙන් මට සැකයක් ඇත.
HATE,නිලධාරීන් කූට මිනිස්සු රවටනවා,මෙම කරුණ සම්බන්ධයෙන් විවේචනයක් ඇත. කරුණාකර සාකච්ඡා කරමු.
HATE,රජය වගකීමක් නැති දූෂණ කරනවා,මෙම ක්‍රියාවන් සම්බන්ධයෙන් මට ගැටළුවක් ඇත. කරුණාකර පැහැදිලි කරන්න.
DISINFO,ඇමතිවරයා ගැන 100% සත්‍යයි,කරුණාකර නිල මූලාශ්‍රයක් හෝ සබැඳියක් ලබා දෙන්න.
DISINFO,මන්ත්‍රීවරු ගැන 100% සත්‍යයි,මෙය නොතහවුරු වූ තොරතුරක් විය හැක. නිල තහවුරු කිරීමක් අවශ්‍ය වේ.
DISINFO,මන්ත්‍රීවරු ගැන අනිවාර්යයෙන්ම ඇත්ත,මෙය තහවුරු කළ හැකි සාක්ෂි තිබේද?
HATE,නායකයා පිස්සු දූෂණ කරනවා,මෙම ක්‍රියාවන් සම්බන්ධයෙන් මට ගැටළුවක් ඇත. කරුණාකර පැහැදිලි කරන්න.
DISINFO,මන්ත්‍රීවරු ගැන ලීක් වෙලා තියෙනවා,කරුණාකර මූලාශ්‍රයක් සමඟ පමණක් බෙදාහදාගමු.
HATE,නිලධාරීන් කූට බොරුව පතුරවනවා,මෙම කරුණ පිළිබඳ මට එකඟ නොවෙයි. කරුණාකර සාක්ෂි සහිතව අදහස් දක්වමු.
HATE,දේශපාලකයන් අසාධාරණ රට විකුණනවා,මෙම කරුණ සම්බන්ධයෙන් විවේචනයක් ඇත. කරුණාකර සාකච්ඡා කරමු.
HATE,ආණ්ඩුව කූට මිනිස්සු රවටනවා,මෙම ක්‍රියාවන් සම්බන්ධයෙන් මට ගැටළුවක් ඇත. කරුණාකර පැහැදිලි කරන්න.
DISINFO,දේශපාලකයන් ගැන රහස් වාර්තාවක් තියෙනවා,කරුණාකර නිල මූලාශ්‍රයක් හෝ සබැඳියක් ලබා දෙන්න.
DISINFO,ඇමතිවරයා ගැන ලෝකයම පිළිගෙන තියෙනවා,කරුණාකර නිල මූලාශ්‍රයක් හෝ සබැඳියක් ලබා දෙන්න.
HATE,නිලධාරීන් ගොන් රට විනාස කරනවා,මෙම තීරණය සම්බන්ධයෙන් මට සැකයක් ඇත.
DISINFO,ඇමතිවරයා ගැන ලීක් වෙලා තියෙනවා,කරුණාකර මූලාශ්‍රයක් සමඟ පමණක් බෙදාහදාගමු.
HATE,කැබිනට් මණ්ඩලය පිස්සු බොරුව පතුරවනවා,මෙම කරුණ සම්බන්ධයෙන් විවේචනයක් ඇත. කරුණාකර සාකච්ඡා කරමු.
DISINFO,කැබිනට් මණ්ඩලය ගැන අනිවාර්යයෙන්ම ඇත්ත,කරුණාකර නිල මූලාශ්‍රයක් හෝ සබැඳියක් ලබා දෙන්න.
DISINFO,කැබිනට් මණ්ඩලය ගැන 100% සත්‍යයි,මෙය තහවුරු කළ හැකි සාක්ෂි තිබේද?
HATE,පාර්ලිමේන්තුව මෝඩ මිනිස්සු රවටනවා,මෙම කරුණ සම්බන්ධයෙන් විවේචනයක් ඇත. කරුණාකර සාකච්ඡා කරමු.
DISINFO,ආණ්ඩුව ගැන විද්‍යාත්මකව සනාථයි කියලා කියනවා,කරුණාකර නිල මූලාශ්‍රයක් හෝ සබැඳියක් ලබා දෙන්න.
HATE,මන්ත්‍රීවරු අයුතු සත්‍ය සඟවනවා,අපි ගෞරවයෙන් සංවාදය කරමු.
DISINFO,ආණ්ඩුව ගැන අනිවාර්යයෙන්ම ඇත්ත,කරුණාකර මූලාශ්‍රයක් සමඟ පමණක් බෙදාහදාගමු.
HATE,පාර්ලිමේන්තුව අවිශ්වාසනීය රට විකුණනවා,මෙම තීරණය සම්බන්ධයෙන් මට සැකයක් ඇත.
HATE,ඇමතිවරයා අයුතු සත්‍ය සඟවනවා,අපි ගෞරවයෙන් සංවාදය කරමු.
HATE,පාර්ලිමේන්තුව අසාධාරණ සත්‍ය සඟවනවා,මෙම කරුණ පිළිබඳ මට එකඟ නොවෙයි. කරුණාකර සාක්ෂි සහිතව අදහස් දක්වමු.
DISINFO,රජය ගැන රහස් වාර්තාවක් තියෙනවා,මෙය නොතහවුරු වූ තොරතුරක් විය හැක. නිල තහවුරු කිරීමක් අවශ්‍ය වේ.
DISINFO,පාර්ලිමේන්තුව ගැන ලීක් වෙලා තියෙනවා,කරුණාකර මූලාශ්‍රයක් සමඟ පමණක් බෙදාහදාගමු.
HATE,නිලධාරීන් දූෂිත ජනතාව විනාස කරනවා,මෙම කරුණ සම්බන්ධයෙන් විවේචනයක් ඇත. කරුණාකර සාකච්ඡා කරමු.
DISINFO,පාර්ලිමේන්තුව ගැන රහස් වාර්තාවක් තියෙනවා,කරුණාකර මූලාශ්‍රයක් සමඟ පමණක් බෙදාහදාගමු.
HATE,නායකයා අසාධාරණ දූෂණ කරනවා,මෙම කරුණ පිළිබඳ මට එකඟ නොවෙයි. කරුණාකර සාක්ෂි සහිතව අදහස් දක්වමු.
DISINFO,මන්ත්‍රීවරු ගැන අනිවාර්යයෙන්ම ඇත්ත,කරුණාකර නිල මූලාශ්‍රයක් හෝ සබැඳියක් ලබා දෙන්න.
DISINFO,නිලධාරීන් ගැන ලීක් වෙලා තියෙනවා,මෙය සත්‍යදැයි තහවුරු කිරීමට විශ්වාසනීය මූලාශ්‍රයක් අවශ්‍යයි.
DISINFO,රජය ගැන රහස් වාර්තාවක් තියෙනවා,මෙය සත්‍යදැයි තහවුරු කිරීමට විශ්වාසනීය මූලාශ්‍රයක් අවශ්‍යයි.
DISINFO,කැබිනට් මණ්ඩලය ගැන රහස් වාර්තාවක් තියෙනවා,මෙය සත්‍යදැයි තහවුරු කිරීමට විශ්වාසනීය මූලාශ්‍රයක් අවශ්‍යයි.
HATE,නායකයා දූෂිත රට විනාස කරනවා,මෙම තීරණය සම්බන්ධයෙන් මට සැකයක් ඇත.
DISINFO,මන්ත්‍රීවරු ගැන විද්‍යාත්මකව සනාථයි කියලා කියනවා,කරුණාකර නිල මූලාශ්‍රයක් හෝ සබැඳියක් ලබා දෙන්න.
HATE,ඇමතිවරයා අවබෝධයක් නැති මිනිස්සු රවටනවා,අපි ගෞරවයෙන් සංවාදය කරමු.
HATE,ඇමතිවරයා අවබෝධයක් නැති රට විකුණනවා,මෙම කරුණ පිළිබඳ මට එකඟ නොවෙයි. කරුණාකර සාක්ෂි සහිතව අදහස් දක්වමු.
HATE,රජය වගකීමක් නැති රට විකුණනවා,මෙම තීරණය සම්බන්ධයෙන් මට සැකයක් ඇත.
DISINFO,කැබිනට් මණ්ඩලය ගැන සනාථ කරලා තියෙනවා,මෙය සත්‍යදැයි තහවුරු කිරීමට විශ්වාසනීය මූලාශ්‍රයක් අවශ්‍යයි.
HATE,නායකයා අවිශ්වාසනීය රට විකුණනවා,මෙම තීරණය සම්බන්ධයෙන් මට සැකයක් ඇත.
DISINFO,දේශපාලකයන් ගැන 100% සත්‍යයි,මෙය තහවුරු කළ හැකි සාක්ෂි තිබේද?
DISINFO,නිලධාරීන් ගැන ලීක් වෙලා තියෙනවා,මෙය සත්‍යදැයි තහවුරු කිරීමට විශ්වාසනීය මූලාශ්‍රයක් අවශ්‍යයි.
DISINFO,ඇමතිවරයා ගැන රහස් වාර්තාවක් තියෙනවා,කරුණාකර නිල මූලාශ්‍රයක් හෝ සබැඳියක් ලබා දෙන්න.
DISINFO,පාර්ලිමේන්තුව ගැන අනිවාර්යයෙන්ම ඇත්ත,මෙය සත්‍යදැයි තහවුරු කිරීමට විශ්වාසනීය මූලාශ්‍රයක් අවශ්‍යයි.
HATE,කැබිනට් මණ්ඩලය අයුතු බොරුව පතුරවනවා,මෙම කරුණ සම්බන්ධයෙන් විවේචනයක් ඇත. කරුණාකර සාකච්ඡා කරමු.
DISINFO,නිලධාරීන් ගැන රහස් වාර්තාවක් තියෙනවා,මෙය සත්‍යදැයි තහවුරු කිරීමට විශ්වාසනීය මූලාශ්‍රයක් අවශ්‍යයි.
DISINFO,පක්ෂය ගැන සනාථ කරලා තියෙනවා,මෙය නොතහවුරු වූ තොරතුරක් විය හැක. නිල තහවුරු කිරීමක් අවශ්‍ය වේ.
DISINFO,නිලධාරීන් ගැන ලෝකයම පිළිගෙන තියෙනවා,මෙය සත්‍යදැයි තහවුරු කිරීමට විශ්වාසනීය මූලාශ්‍රයක් අවශ්‍යයි.
HATE,නායකයා ගොන් සත්‍ය සඟවනවා,මෙම තීරණය සම්බන්ධයෙන් මට සැකයක් ඇත.
DISINFO,ආණ්ඩුව ගැන 100% සත්‍යයි,කරුණාකර මූලාශ්‍රයක් සමඟ පමණක් බෙදාහදාගමු.
HATE,මන්ත්‍රීවරු අවබෝධයක් නැති මිනිස්සු රවටනවා,මෙම කරුණ සම්බන්ධයෙන් විවේචනයක් ඇත. කරුණාකර සාකච්ඡා කරමු.
DISINFO,ආණ්ඩුව ගැන අනිවාර්යයෙන්ම ඇත්ත,කරුණාකර නිල මූලාශ්‍රයක් හෝ සබැඳියක් ලබා දෙන්න.
DISINFO,මන්ත්‍රීවරු ගැන විද්‍යාත්මකව සනාථයි කියලා කියනවා,මෙය තහවුරු කළ හැකි සාක්ෂි තිබේද?
HATE,නායකයා අයුතු දූෂණ කරනවා,අපි ගෞරවයෙන් සංවාදය කරමු.
HATE,නායකයා අවිශ්වාසනීය දූෂණ කරනවා,මෙම කරුණ සම්බන්ධයෙන් විවේචනයක් ඇත. කරුණාකර සාකච්ඡා කරමු.
DISINFO,රජය ගැන විද්‍යාත්මකව සනාථයි කියලා කියනවා,මෙය තහවුරු කළ හැකි සාක්ෂි තිබේද?
HATE,ඇමතිවරයා දූෂිත රට විනාස කරනවා,මෙම කරුණ සම්බන්ධයෙන් විවේචනයක් ඇත. කරුණාකර සාකච්ඡා කරමු.
HATE,ඇමතිවරයා අවිශ්වාසනීය රට කෑවා,අපි ගෞරවයෙන් සංවාදය කරමු.
HATE,දේශපාලකයන් දූෂිත දූෂණ කරනවා,මෙම ක්‍රියාවන් සම්බන්ධයෙන් මට ගැටළුවක් ඇත. කරුණාකර පැහැදිලි කරන්න.
HATE,දේශපාලකයන් අවබෝධයක් නැති රට කෑවා,අපි ගෞරවයෙන් සංවාදය කරමු.
DISINFO,මන්ත්‍රීවරු ගැන ලීක් වෙලා තියෙනවා,මෙය නොතහවුරු වූ තොරතුරක් විය හැක. නිල තහවුරු කිරීමක් අවශ්‍ය වේ.
DISINFO,මන්ත්‍රීවරු ගැන ලෝකයම පිළිගෙන තියෙනවා,මෙය තහවුරු කළ හැකි සාක්ෂි තිබේද?
HATE,ඇමතිවරයා වගකීමක් නැති දූෂණ කරනවා,මෙම තීරණය සම්බන්ධයෙන් මට සැකයක් ඇත.
HATE,මන්ත්‍රීවරු ගොන් මිනිස්සු රවටනවා,මෙම කරුණ සම්බන්ධයෙන් විවේචනයක් ඇත. කරුණාකර සාකච්ඡා කරමු.
HATE,මන්ත්‍රීවරු කූට රට කෑවා,මෙම තීරණය සම්බන්ධයෙන් මට සැකයක් ඇත.
HATE,ආණ්ඩුව මෝඩ දූෂණ කරනවා,මෙම කරුණ සම්බන්ධයෙන් විවේචනයක් ඇත. කරුණාකර සාකච්ඡා කරමු.
HATE,නිලධාරීන් අවිශ්වාසනීය රට විකුණනවා,මෙම ක්‍රියාවන් සම්බන්ධයෙන් මට ගැටළුවක් ඇත. කරුණාකර පැහැදිලි කරන්න.
DISINFO,නායකයා ගැන ලෝකයම පිළිගෙන තියෙනවා,මෙය සත්‍යදැයි තහවුරු කිරීමට විශ්වාසනීය මූලාශ්‍රයක් අවශ්‍යයි.
DISINFO,නිලධාරීන් ගැන ලෝකයම පිළිගෙන තියෙනවා,මෙය නොතහවුරු වූ තොරතුරක් විය හැක. නිල තහවුරු කිරීමක් අවශ්‍ය වේ.
DISINFO,මන්ත්‍රීවරු ගැන සනාථ කරලා තියෙනවා,කරුණාකර මූලාශ්‍රයක් සමඟ පමණක් බෙදාහදාගමු.
DISINFO,පාර්ලිමේන්තුව ගැන රහස් වාර්තාවක් තියෙනවා,කරුණාකර නිල මූලාශ්‍රයක් හෝ සබැඳියක් ලබා දෙන්න.
HATE,පක්ෂය කූට රට විකුණනවා,මෙම ක්‍රියාවන් සම්බන්ධයෙන් මට ගැටළුවක් ඇත. කරුණාකර පැහැදිලි කරන්න.
HATE,රජය වගකීමක් නැති සත්‍ය සඟවනවා,මෙම ක්‍රියාවන් සම්බන්ධයෙන් මට ගැටළුවක් ඇත. කරුණාකර පැහැදිලි කරන්න.
DISINFO,නායකයා ගැන රහස් වාර්තාවක් තියෙනවා,කරුණාකර නිල මූලාශ්‍රයක් හෝ සබැඳියක් ලබා දෙන්න.
HATE,කැබිනට් මණ්ඩලය ගොන් රට කෑවා,අපි ගෞරවයෙන් සංවාදය කරමු.
HATE,දේශපාලකයන් අයුතු රට කෑවා,අපි ගෞරවයෙන් සංවාදය කරමු.
HATE,නායකයා දූෂිත බොරුව පතුරවනවා,අපි ගෞරවයෙන් සංවාදය කරමු.
HATE,පාර්ලිමේන්තුව මෝඩ දූෂණ කරනවා,මෙම ක්‍රියාවන් සම්බන්ධයෙන් මට ගැටළුවක් ඇත. කරුණාකර පැහැදිලි කරන්න.
DISINFO,දේශපාලකයන් ගැන සනාථ කරලා තියෙනවා,මෙය සත්‍යදැයි තහවුරු කිරීමට විශ්වාසනීය මූලාශ්‍රයක් අවශ්‍යයි.
HATE,ආණ්ඩුව දූෂිත රට විනාස කරනවා,මෙම කරුණ සම්බන්ධයෙන් විවේචනයක් ඇත. කරුණාකර සාකච්ඡා කරමු.
DISINFO,ඇමතිවරයා ගැන සනාථ කරලා තියෙනවා,කරුණාකර නිල මූලාශ්‍රයක් හෝ සබැඳියක් ලබා දෙන්න.
HATE,නායකයා අවබෝධයක් නැති බොරුව පතුරවනවා,මෙම කරුණ පිළිබඳ මට එකඟ නොවෙයි. කරුණාකර සාක්ෂි සහිතව අදහස් දක්වමු.
DISINFO,මන්ත්‍රීවරු ගැන 100% සත්‍යයි,කරුණාකර නිල මූලාශ්‍රයක් හෝ සබැඳියක් ලබා දෙන්න.
DISINFO,කැබිනට් මණ්ඩලය ගැන විද්‍යාත්මකව සනාථයි කියලා කියනවා,මෙය තහවුරු කළ හැකි සාක්ෂි තිබේද?
DISINFO,නායකයා ගැන ලීක් වෙලා තියෙනවා,කරුණාකර නිල මූලාශ්‍රයක් හෝ සබැඳියක් ලබා දෙන්න.
DISINFO,කැබිනට් මණ්ඩලය ගැන රහස් වාර්තාවක් තියෙනවා,මෙය නොතහවුරු වූ තොරතුරක් විය හැක. නිල තහවුරු කිරීමක් අවශ්‍ය වේ.
DISINFO,ආණ්ඩුව ගැන සනාථ කරලා තියෙනවා,මෙය සත්‍යදැයි තහවුරු කිරීමට විශ්වාසනීය මූලාශ්‍රයක් අවශ්‍යයි.
HATE,පක්ෂය වගකීමක් නැති දූෂණ කරනවා,මෙම කරුණ සම්බන්ධයෙන් විවේචනයක් ඇත. කරුණාකර සාකච්ඡා කරමු.
HATE,රජය පිස්සු බොරුව පතුරවනවා,මෙම ක්‍රියාවන් සම්බන්ධයෙන් මට ගැටළුවක් ඇත. කරුණාකර පැහැදිලි කරන්න.
HATE,පාර්ලිමේන්තුව අවිශ්වාසනීය රට විනාස කරනවා,මෙම කරුණ සම්බන්ධයෙන් විවේචනයක් ඇත. කරුණාකර සාකච්ඡා කරමු.
HATE,ඇමතිවරයා කූට රට කෑවා,මෙම ක්‍රියාවන් සම්බන්ධයෙන් මට ගැටළුවක් ඇත. කරුණාකර පැහැදිලි කරන්න.
HATE,පාර්ලිමේන්තුව පිස්සු මිනිස්සු රවටනවා,අපි ගෞරවයෙන් සංවාදය කරමු.
DISINFO,දේශපාලකයන් ගැන ලෝකයම පිළිගෙන තියෙනවා,කරුණාකර මූලාශ්‍රයක් සමඟ පමණක් බෙදාහදාගමු.
DISINFO,රජය ගැන 100% සත්‍යයි,මෙය නොතහවුරු වූ තොරතුරක් විය හැක. නිල තහවුරු කිරීමක් අවශ්‍ය වේ.
DISINFO,රජය ගැන සනාථ කරලා තියෙනවා,මෙය සත්‍යදැයි තහවුරු කිරීමට විශ්වාසනීය මූලාශ්‍රයක් අවශ්‍යයි.
HATE,දේශපාලකයන් අයුතු ජනතාව විනාස කරනවා,මෙම කරුණ පිළිබඳ මට එකඟ නොවෙයි. කරුණාකර සාක්ෂි සහිතව අදහස් දක්වමු.
DISINFO,පාර්ලිමේන්තුව ගැන සනාථ කරලා තියෙනවා,මෙය සත්‍යදැයි තහවුරු කිරීමට විශ්වාසනීය මූලාශ්‍රයක් අවශ්‍යයි.
HATE,දේශපාලකයන් අවබෝධයක් නැති සත්‍ය සඟවනවා,අපි ගෞරවයෙන් සංවාදය කරමු.
DISINFO,මන්ත්‍රීවරු ගැන රහස් වාර්තාවක් තියෙනවා,මෙය නොතහවුරු වූ තොරතුරක් විය හැක. නිල තහවුරු කිරීමක් අවශ්‍ය වේ.
HATE,කැබිනට් මණ්ඩලය අයුතු ජනතාව විනාස කරනවා,මෙම තීරණය සම්බන්ධයෙන් මට සැකයක් ඇත.
HATE,මන්ත්‍රීවරු අසාධාරණ රට කෑවා,මෙම කරුණ සම්බන්ධයෙන් විවේචනයක් ඇත. කරුණාකර සාකච්ඡා කරමු.
DISINFO,මන්ත්‍රීවරු ගැන රහස් වාර්තාවක් තියෙනවා,මෙය සත්‍යදැයි තහවුරු කිරීමට විශ්වාසනීය මූලාශ්‍රයක් අවශ්‍යයි.
DISINFO,රජය ගැන රහස් වාර්තාවක් තියෙනවා,මෙය නොතහවුරු වූ තොරතුරක් විය හැක. නිල තහවුරු කිරීමක් අවශ්‍ය වේ.
DISINFO,පක්ෂය ගැන විද්‍යාත්මකව සනාථයි කියලා කියනවා,මෙය නොතහවුරු වූ තොරතුරක් විය හැක. නිල තහවුරු කිරීමක් අවශ්‍ය වේ.
HATE,නිලධාරීන් අවිශ්වාසනීය රට විනාස කරනවා,මෙම කරුණ සම්බන්ධයෙන් විවේචනයක් ඇත. කරුණාකර සාකච්ඡා කරමු.
HATE,පාර්ලිමේන්තුව වගකීමක් නැති රට කෑවා,මෙම ක්‍රියාවන් සම්බන්ධයෙන් මට ගැටළුවක් ඇත. කරුණාකර පැහැදිලි කරන්න.
HATE,නායකයා අවිශ්වාසනීය සත්‍ය සඟවනවා,මෙම කරුණ සම්බන්ධයෙන් විවේචනයක් ඇත. කරුණාකර සාකච්ඡා කරමු.
DISINFO,පාර්ලිමේන්තුව ගැන ලෝකයම පිළිගෙන තියෙනවා,මෙය සත්‍යදැයි තහවුරු කිරීමට විශ්වාසනීය මූලාශ්‍රයක් අවශ්‍යයි.
DISINFO,කැබිනට් මණ්ඩලය ගැන අනිවාර්යයෙන්ම ඇත්ත,මෙය තහවුරු කළ හැකි සාක්ෂි තිබේද?
HATE,කැබිනට් මණ්ඩලය මෝඩ රට කෑවා,මෙම කරුණ පිළිබඳ මට එකඟ නොවෙයි. කරුණාකර සාක්ෂි සහිතව අදහස් දක්වමු.
HATE,ආණ්ඩුව දූෂිත බොරුව පතුරවනවා,මෙම කරුණ පිළිබඳ මට එකඟ නොවෙයි. කරුණාකර සාක්ෂි සහිතව අදහස් දක්වමු.
HATE,දේශපාලකයන් කූට ජනතාව විනාස කරනවා,මෙම කරුණ සම්බන්ධයෙන් විවේචනයක් ඇත. කරුණාකර සාකච්ඡා කරමු.
DISINFO,දේශපාලකයන් ගැන ලෝකයම පිළිගෙන තියෙනවා,මෙය සත්‍යදැයි තහවුරු කිරීමට විශ්වාසනීය මූලාශ්‍රයක් අවශ්‍යයි.
DISINFO,පක්ෂය ගැන ලෝකයම පිළිගෙන තියෙනවා,මෙය නොතහවුරු වූ තොරතුරක් විය හැක. නිල තහවුරු කිරීමක් අවශ්‍ය වේ.
HATE,ආණ්ඩුව අසාධාරණ ජනතාව විනාස කරනවා,මෙම තීරණය සම්බන්ධයෙන් මට සැකයක් ඇත.
DISINFO,නායකයා ගැන සනාථ කරලා තියෙනවා,කරුණාකර මූලාශ්‍රයක් සමඟ පමණක් බෙදාහදාගමු.
HATE,කැබිනට් මණ්ඩලය වගකීමක් නැති රට විනාස කරනවා,මෙම කරුණ පිළිබඳ මට එකඟ නොවෙයි. කරුණාකර සාක්ෂි සහිතව අදහස් දක්වමු.
DISINFO,නායකයා ගැන ලීක් වෙලා තියෙනවා,මෙය තහවුරු කළ හැකි සාක්ෂි තිබේද?
DISINFO,නායකයා ගැන සනාථ කරලා තියෙනවා,මෙය සත්‍යදැයි තහවුරු කිරීමට විශ්වාසනීය මූලාශ්‍රයක් අවශ්‍යයි.
HATE,මන්ත්‍රීවරු අසාධාරණ බොරුව පතුරවනවා,මෙම තීරණය සම්බන්ධයෙන් මට සැකයක් ඇත.
HATE,ඇමතිවරයා මෝඩ මිනිස්සු රවටනවා,අපි ගෞරවයෙන් සංවාදය කරමු.
DISINFO,රජය ගැන ලෝකයම පිළිගෙන තියෙනවා,මෙය සත්‍යදැයි තහවුරු කිරීමට විශ්වාසනීය මූලාශ්‍රයක් අවශ්‍යයි.
DISINFO,ඇමතිවරයා ගැන විද්‍යාත්මකව සනාථයි කියලා කියනවා,මෙය සත්‍යදැයි තහවුරු කිරීමට විශ්වාසනීය මූලාශ්‍රයක් අවශ්‍යයි.
HATE,ඇමතිවරයා අයුතු රට කෑවා,මෙම කරුණ සම්බන්ධයෙන් විවේචනයක් ඇත. කරුණාකර සාකච්ඡා කරමු.
DISINFO,නායකයා ගැන ලෝකයම පිළිගෙන තියෙනවා,මෙය නොතහවුරු වූ තොරතුරක් විය හැක. නිල තහවුරු කිරීමක් අවශ්‍ය වේ.
HATE,රජය අවිශ්වාසනීය බොරුව පතුරවනවා,මෙම කරුණ පිළිබඳ මට එකඟ නොවෙයි. කරුණාකර සාක්ෂි සහිතව අදහස් දක්වමු.
HATE,ඇමතිවරයා අසාධාරණ දූෂණ කරනවා,මෙම කරුණ පිළිබඳ මට එකඟ නොවෙයි. කරුණාකර සාක්ෂි සහිතව අදහස් දක්වමු.
DISINFO,පාර්ලිමේන්තුව ගැන අනිවාර්යයෙන්ම ඇත්ත,මෙය සත්‍යදැයි තහවුරු කිරීමට විශ්වාසනීය මූලාශ්‍රයක් අවශ්‍යයි.
HATE,පාර්ලිමේන්තුව අවබෝධයක් නැති දූෂණ කරනවා,මෙම කරුණ පිළිබඳ මට එකඟ නොවෙයි. කරුණාකර සාක්ෂි සහිතව අදහස් දක්වමු.
HATE,පාර්ලිමේන්තුව මෝඩ සත්‍ය සඟවනවා,අපි ගෞරවයෙන් සංවාදය කරමු.
DISINFO,පාර්ලිමේන්තුව ගැන රහස් වාර්තාවක් තියෙනවා,කරුණාකර නිල මූලාශ්‍රයක් හෝ සබැඳියක් ලබා දෙන්න.
DISINFO,නිලධාරීන් ගැන රහස් වාර්තාවක් තියෙනවා,මෙය තහවුරු කළ හැකි සාක්ෂි තිබේද?
DISINFO,දේශපාලකයන් ගැන 100% සත්‍යයි,කරුණාකර මූලාශ්‍රයක් සමඟ පමණක් බෙදාහදාගමු.
HATE,මන්ත්‍රීවරු අවිශ්වාසනීය රට කෑවා,අපි ගෞරවයෙන් සංවාදය කරමු.
HATE,පක්ෂය පිස්සු රට විනාස කරනවා,මෙම කරුණ සම්බන්ධයෙන් විවේචනයක් ඇත. කරුණාකර සාකච්ඡා කරමු.
DISINFO,නිලධාරීන් ගැන 100% සත්‍යයි,මෙය නොතහවුරු වූ තොරතුරක් විය හැක. නිල තහවුරු කිරීමක් අවශ්‍ය වේ.
HATE,මන්ත්‍රීවරු අවිශ්වාසනීය දූෂණ කරනවා,මෙම තීරණය සම්බන්ධයෙන් මට සැකයක් ඇත.
HATE,කැබිනට් මණ්ඩලය පිස්සු මිනිස්සු රවටනවා,මෙම කරුණ සම්බන්ධයෙන් විවේචනයක් ඇත. කරුණාකර සාකච්ඡා කරමු.
DISINFO,නිලධාරීන් ගැන විද්‍යාත්මකව සනාථයි කියලා කියනවා,මෙය තහවුරු කළ හැකි සාක්ෂි තිබේද?
DISINFO,කැබිනට් මණ්ඩලය ගැන 100% සත්‍යයි,මෙය නොතහවුරු වූ තොරතුරක් විය හැක. නිල තහවුරු කිරීමක් අවශ්‍ය වේ.
DISINFO,පක්ෂය ගැන ලීක් වෙලා තියෙනවා,මෙය නොතහවුරු වූ තොරතුරක් විය හැක. නිල තහවුරු කිරීමක් අවශ්‍ය වේ.
DISINFO,නිලධාරීන් ගැන සනාථ කරලා තියෙනවා,මෙය තහවුරු කළ හැකි සාක්ෂි තිබේද?
HATE,පක්ෂය මෝඩ ජනතාව විනාස කරනවා,අපි ගෞරවයෙන් සංවාදය කරමු.
DISINFO,නායකයා ගැන විද්‍යාත්මකව සනාථයි කියලා කියනවා,මෙය තහවුරු කළ හැකි සාක්ෂි තිබේද?
HATE,නායකයා අවබෝධයක් නැති මිනිස්සු රවටනවා,මෙම තීරණය සම්බන්ධයෙන් මට සැකයක් ඇත.
DISINFO,ඇමතිවරයා ගැන රහස් වාර්තාවක් තියෙනවා,කරුණාකර මූලාශ්‍රයක් සමඟ පමණක් බෙදාහදාගමු.
DISINFO,පාර්ලිමේන්තුව ගැන සනාථ කරලා තියෙනවා,කරුණාකර මූලාශ්‍රයක් සමඟ පමණක් බෙදාහදාගමු.
HATE,පක්ෂය ගොන් රට විනාස කරනවා,අපි ගෞරවයෙන් සංවාදය කරමු.
HATE,කැබිනට් මණ්ඩලය දූෂිත රට විකුණනවා,අපි ගෞරවයෙන් සංවාදය කරමු.
DISINFO,ආණ්ඩුව ගැන රහස් වාර්තාවක් තියෙනවා,කරුණාකර නිල මූලාශ්‍රයක් හෝ සබැඳියක් ලබා දෙන්න.
HATE,පක්ෂය වගකීමක් නැති බොරුව පතුරවනවා,මෙම කරුණ පිළිබඳ මට එකඟ නොවෙයි. කරුණාකර සාක්ෂි සහිතව අදහස් දක්වමු.
HATE,කැබිනට් මණ්ඩලය අයුතු දූෂණ කරනවා,මෙම කරුණ සම්බන්ධයෙන් විවේචනයක් ඇත. කරුණාකර සාකච්ඡා කරමු.
HATE,ආණ්ඩුව අවිශ්වාසනීය බොරුව පතුරවනවා,අපි ගෞරවයෙන් සංවාදය කරමු.
DISINFO,පක්ෂය ගැන අනිවාර්යයෙන්ම ඇත්ත,කරුණාකර මූලාශ්‍රයක් සමඟ පමණක් බෙදාහදාගමු.
HATE,පක්ෂය පිස්සු දූෂණ කරනවා,මෙම තීරණය සම්බන්ධයෙන් මට සැකයක් ඇත.
HATE,පාර්ලිමේන්තුව වගකීමක් නැති රට විකුණනවා,අපි ගෞරවයෙන් සංවාදය කරමු.
HATE,මන්ත්‍රීවරු අවබෝධයක් නැති රට කෑවා,මෙම ක්‍රියාවන් සම්බන්ධයෙන් මට ගැටළුවක් ඇත. කරුණාකර පැහැදිලි කරන්න.
HATE,ආණ්ඩුව ගොන් රට කෑවා,මෙම තීරණය සම්බන්ධයෙන් මට සැකයක් ඇත.
DISINFO,නායකයා ගැන අනිවාර්යයෙන්ම ඇත්ත,මෙය තහවුරු කළ හැකි සාක්ෂි තිබේද?
HATE,පාර්ලිමේන්තුව මෝඩ මිනිස්සු රවටනවා,මෙම කරුණ සම්බන්ධයෙන් විවේචනයක් ඇත. කරුණාකර සාකච්ඡා කරමු.
DISINFO,නිලධාරීන් ගැන විද්‍යාත්මකව සනාථයි කියලා කියනවා,මෙය සත්‍යදැයි තහවුරු කිරීමට විශ්වාසනීය මූලාශ්‍රයක් අවශ්‍යයි.
HATE,කැබිනට් මණ්ඩලය අවිශ්වාසනීය රට කෑවා,මෙම කරුණ සම්බන්ධයෙන් විවේචනයක් ඇත. කරුණාකර සාකච්ඡා කරමු.
HATE,දේශපාලකයන් පිස්සු බොරුව පතුරවනවා,මෙම ක්‍රියාවන් සම්බන්ධයෙන් මට ගැටළුවක් ඇත. කරුණාකර පැහැදිලි කරන්න.
HATE,දේශපාලකයන් වගකීමක් නැති බොරුව පතුරවනවා,මෙම ක්‍රියාවන් සම්බන්ධයෙන් මට ගැටළුවක් ඇත. කරුණාකර පැහැදිලි කරන්න.
DISINFO,නිලධාරීන් ගැන අනිවාර්යයෙන්ම ඇත්ත,මෙය සත්‍යදැයි තහවුරු කිරීමට විශ්වාසනීය මූලාශ්‍රයක් අවශ්‍යයි.
DISINFO,රජය ගැන ලෝකයම පිළිගෙන තියෙනවා,මෙය සත්‍යදැයි තහවුරු කිරීමට විශ්වාසනීය මූලාශ්‍රයක් අවශ්‍යයි.
HATE,පාර්ලිමේන්තුව අවිශ්වාසනීය මිනිස්සු රවටනවා,මෙම කරුණ සම්බන්ධයෙන් විවේචනයක් ඇත. කරුණාකර සාකච්ඡා කරමු.
DISINFO,ඇමතිවරයා ගැන ලීක් වෙලා තියෙනවා,කරුණාකර මූලාශ්‍රයක් සමඟ පමණක් බෙදාහදාගමු.
HATE,රජය අයුතු ජනතාව විනාස කරනවා,මෙම ක්‍රියාවන් සම්බන්ධයෙන් මට ගැටළුවක් ඇත. කරුණාකර පැහැදිලි කරන්න.
HATE,පාර්ලිමේන්තුව අවබෝධයක් නැති රට විකුණනවා,මෙම තීරණය සම්බන්ධයෙන් මට සැකයක් ඇත.
HATE,නායකයා කූට බොරුව පතුරවනවා,අපි ගෞරවයෙන් සංවාදය කරමු.
HATE,මන්ත්‍රීවරු අයුතු රට විනාස කරනවා,මෙම ක්‍රියාවන් සම්බන්ධයෙන් මට ගැටළුවක් ඇත. කරුණාකර පැහැදිලි කරන්න.
HATE,නායකයා ගොන් සත්‍ය සඟවනවා,මෙම තීරණය සම්බන්ධයෙන් මට සැකයක් ඇත.
DISINFO,ඇමතිවරයා ගැන ලෝකයම පිළිගෙන තියෙනවා,මෙය නොතහවුරු වූ තොරතුරක් විය හැක. නිල තහවුරු කිරීමක් අවශ්‍ය වේ.
HATE,මන්ත්‍රීවරු අයුතු මිනිස්සු රවටනවා,මෙම තීරණය සම්බන්ධයෙන් මට සැකයක් ඇත.
DISINFO,පාර්ලිමේන්තුව ගැන 100% සත්‍යයි,කරුණාකර මූලාශ්‍රයක් සමඟ පමණක් බෙදාහදාගමු.
HATE,පාර්ලිමේන්තුව අවිශ්වාසනීය රට කෑවා,මෙම කරුණ සම්බන්ධයෙන් විවේචනයක් ඇත. කරුණාකර සාකච්ඡා කරමු.
DISINFO,නිලධාරීන් ගැන ලෝකයම පිළිගෙන තියෙනවා,මෙය තහවුරු කළ හැකි සාක්ෂි තිබේද?
DISINFO,ඇමතිවරයා ගැන රහස් වාර්තාවක් තියෙනවා,මෙය තහවුරු කළ හැකි සාක්ෂි තිබේද?
HATE,මන්ත්‍රීවරු වගකීමක් නැති සත්‍ය සඟවනවා,මෙම කරුණ සම්බන්ධයෙන් විවේචනයක් ඇත. කරුණාකර සාකච්ඡා කරමු.
DISINFO,මන්ත්‍රීවරු ගැන විද්‍යාත්මකව සනාථයි කියලා කියනවා,කරුණාකර නිල මූලාශ්‍රයක් හෝ සබැඳියක් ලබා දෙන්න.
DISINFO,නිලධාරීන් ගැන ලීක් වෙලා තියෙනවා,මෙය නොතහවුරු වූ තොරතුරක් විය හැක. නිල තහවුරු කිරීමක් අවශ්‍ය වේ.
DISINFO,ආණ්ඩුව ගැන ලෝකයම පිළිගෙන තියෙනවා,කරුණාකර නිල මූලාශ්‍රයක් හෝ සබැඳියක් ලබා දෙන්න.
HATE,මන්ත්‍රීවරු වගකීමක් නැති රට විනාස කරනවා,මෙම තීරණය සම්බන්ධයෙන් මට සැකයක් ඇත.
HATE,කැබිනට් මණ්ඩලය මෝඩ දූෂණ කරනවා,මෙම තීරණය සම්බන්ධයෙන් මට සැකයක් ඇත.
DISINFO,දේශපාලකයන් ගැන ලෝකයම පිළිගෙන තියෙනවා,මෙය නොතහවුරු වූ තොරතුරක් විය හැක. නිල තහවුරු කිරීමක් අවශ්‍ය වේ.
HATE,ආණ්ඩුව ගොන් දූෂණ කරනවා,මෙම කරුණ සම්බන්ධයෙන් විවේචනයක් ඇත. කරුණාකර සාකච්ඡා කරමු.
DISINFO,කැබිනට් මණ්ඩලය ගැන විද්‍යාත්මකව සනාථයි කියලා කියනවා,කරුණාකර නිල මූලාශ්‍රයක් හෝ සබැඳියක් ලබා දෙන්න.
DISINFO,රජය ගැන 100% සත්‍යයි,කරුණාකර මූලාශ්‍රයක් සමඟ පමණක් බෙදාහදාගමු.
HATE,දේශපාලකයන් ගොන් රට කෑවා,මෙම තීරණය සම්බන්ධයෙන් මට සැකයක් ඇත.
DISINFO,නිලධාරීන් ගැන 100% සත්‍යයි,කරුණාකර මූලාශ්‍රයක් සමඟ පමණක් බෙදාහදාගමු.
HATE,කැබිනට් මණ්ඩලය ගොන් සත්‍ය සඟවනවා,මෙම කරුණ සම්බන්ධයෙන් විවේචනයක් ඇත. කරුණාකර සාකච්ඡා කරමු.
HATE,පක්ෂය අවබෝධයක් නැති ජනතාව විනාස කරනවා,මෙම කරුණ පිළිබඳ මට එකඟ නොවෙයි. කරුණාකර සාක්ෂි සහිතව අදහස් දක්වමු.
DISINFO,දේශපාලකයන් ගැන විද්‍යාත්මකව සනාථයි කියලා කියනවා,මෙය සත්‍යදැයි තහවුරු කිරීමට විශ්වාසනීය මූලාශ්‍රයක් අවශ්‍යයි.
HATE,ආණ්ඩුව අවිශ්වාසනීය බොරුව පතුරවනවා,මෙම කරුණ සම්බන්ධයෙන් විවේචනයක් ඇත. කරුණාකර සාකච්ඡා කරමු.
HATE,ආණ්ඩුව වගකීමක් නැති රට කෑවා,මෙම තීරණය සම්බන්ධයෙන් මට සැකයක් ඇත.
DISINFO,නිලධාරීන් ගැන අනිවාර්යයෙන්ම ඇත්ත,කරුණාකර මූලාශ්‍රයක් සමඟ පමණක් බෙදාහදාගමු.
DISINFO,පාර්ලිමේන්තුව ගැන ලීක් වෙලා තියෙනවා,මෙය සත්‍යදැයි තහවුරු කිරීමට විශ්වාසනීය මූලාශ්‍රයක් අවශ්‍යයි.
DISINFO,කැබිනට් මණ්ඩලය ගැන ලීක් වෙලා තියෙනවා,කරුණාකර නිල මූලාශ්‍රයක් හෝ සබැඳියක් ලබා දෙන්න.
HATE,නායකයා අවිශ්වාසනීය රට විනාස කරනවා,මෙම තීරණය සම්බන්ධයෙන් මට සැකයක් ඇත.
HATE,නිලධාරීන් පිස්සු දූෂණ කරනවා,මෙම කරුණ සම්බන්ධයෙන් විවේචනයක් ඇත. කරුණාකර සාකච්ඡා කරමු.
DISINFO,දේශපාලකයන් ගැන විද්‍යාත්මකව සනාථයි කියලා කියනවා,කරුණාකර නිල මූලාශ්‍රයක් හෝ සබැඳියක් ලබා දෙන්න.
DISINFO,ඇමතිවරයා ගැන සනාථ කරලා තියෙනවා,මෙය තහවුරු කළ හැකි සාක්ෂි තිබේද?
DISINFO,මන්ත්‍රීවරු ගැන අනිවාර්යයෙන්ම ඇත්ත,මෙය නොතහවුරු වූ තොරතුරක් විය හැක. නිල තහවුරු කිරීමක් අවශ්‍ය වේ.
DISINFO,ආණ්ඩුව ගැන අනිවාර්යයෙන්ම ඇත්ත,මෙය තහවුරු කළ හැකි සාක්ෂි තිබේද?
DISINFO,ආණ්ඩුව ගැන ලීක් වෙලා තියෙනවා,මෙය නොතහවුරු වූ තොරතුරක් විය හැක. නිල තහවුරු කිරීමක් අවශ්‍ය වේ.
HATE,ආණ්ඩුව දූෂිත බොරුව පතුරවනවා,මෙම ක්‍රියාවන් සම්බන්ධයෙන් මට ගැටළුවක් ඇත. කරුණාකර පැහැදිලි කරන්න.
DISINFO,කැබිනට් මණ්ඩලය ගැන 100% සත්‍යයි,කරුණාකර මූලාශ්‍රයක් සමඟ පමණක් බෙදාහදාගමු.
HATE,නිලධාරීන් වගකීමක් නැති රට කෑවා,මෙම කරුණ සම්බන්ධයෙන් විවේචනයක් ඇත. කරුණාකර සාකච්ඡා කරමු.
DISINFO,පක්ෂය ගැන සනාථ කරලා තියෙනවා,මෙය සත්‍යදැයි තහවුරු කිරීමට විශ්වාසනීය මූලාශ්‍රයක් අවශ්‍යයි.
HATE,පාර්ලිමේන්තුව ගොන් ජනතාව විනාස කරනවා,මෙම කරුණ සම්බන්ධයෙන් විවේචනයක් ඇත. කරුණාකර සාකච්ඡා කරමු.
DISINFO,පක්ෂය ගැන අනිවාර්යයෙන්ම ඇත්ත,මෙය නොතහවුරු වූ තොරතුරක් විය හැක. නිල තහවුරු කිරීමක් අවශ්‍ය වේ.
HATE,පාර්ලිමේන්තුව මෝඩ රට විකුණනවා,මෙම කරුණ සම්බන්ධයෙන් විවේචනයක් ඇත. කරුණාකර සාකච්ඡා කරමු.
HATE,නායකයා කූට ජනතාව විනාස කරනවා,මෙම කරුණ පිළිබඳ මට එකඟ නොවෙයි. කරුණාකර සාක්ෂි සහිතව අදහස් දක්වමු.
HATE,කැබිනට් මණ්ඩලය අයුතු රට කෑවා,මෙම කරුණ පිළිබඳ මට එකඟ නොවෙයි. කරුණාකර සාක්ෂි සහිතව අදහස් දක්වමු.
HATE,නායකයා වගකීමක් නැති ජනතාව විනාස කරනවා,මෙම කරුණ පිළිබඳ මට එකඟ නොවෙයි. කරුණාකර සාක්ෂි සහිතව අදහස් දක්වමු.
HATE,ආණ්ඩුව වගකීමක් නැති මිනිස්සු රවටනවා,මෙම තීරණය සම්බන්ධයෙන් මට සැකයක් ඇත.
DISINFO,නායකයා ගැන 100% සත්‍යයි,මෙය තහවුරු කළ හැකි සාක්ෂි තිබේද?
DISINFO,රජය ගැන රහස් වාර්තාවක් තියෙනවා,මෙය සත්‍යදැයි තහවුරු කිරීමට විශ්වාසනීය මූලාශ්‍රයක් අවශ්‍යයි.
DISINFO,ඇමතිවරයා ගැන අනිවාර්යයෙන්ම ඇත්ත,කරුණාකර නිල මූලාශ්‍රයක් හෝ සබැඳියක් ලබා දෙන්න.
DISINFO,කැබිනට් මණ්ඩලය ගැන විද්‍යාත්මකව සනාථයි කියලා කියනවා,කරුණාකර නිල මූලාශ්‍රයක් හෝ සබැඳියක් ලබා දෙන්න.
HATE,නිලධාරීන් අසාධාරණ ජනතාව විනාස කරනවා,මෙම ක්‍රියාවන් සම්බන්ධයෙන් මට ගැටළුවක් ඇත. කරුණාකර පැහැදිලි කරන්න.
HATE,ඇමතිවරයා ගොන් දූෂණ කරනවා,මෙම කරුණ සම්බන්ධයෙන් විවේචනයක් ඇත. කරුණාකර සාකච්ඡා කරමු.
HATE,නිලධාරීන් ගොන් රට විනාස කරනවා,මෙම ක්‍රියාවන් සම්බන්ධයෙන් මට ගැටළුවක් ඇත. කරුණාකර පැහැදිලි කරන්න.
DISINFO,නිලධාරීන් ගැන සනාථ කරලා තියෙනවා,මෙය සත්‍යදැයි තහවුරු කිරීමට විශ්වාසනීය මූලාශ්‍රයක් අවශ්‍යයි.
HATE,ඇමතිවරයා අසාධාරණ මිනිස්සු රවටනවා,මෙම තීරණය සම්බන්ධයෙන් මට සැකයක් ඇත.
DISINFO,ඇමතිවරයා ගැන රහස් වාර්තාවක් තියෙනවා,මෙය සත්‍යදැයි තහවුරු කිරීමට විශ්වාසනීය මූලාශ්‍රයක් අවශ්‍යයි.
DISINFO,නායකයා ගැන විද්‍යාත්මකව සනාථයි කියලා කියනවා,මෙය සත්‍යදැයි තහවුරු කිරීමට විශ්වාසනීය මූලාශ්‍රයක් අවශ්‍යයි.
DISINFO,පාර්ලිමේන්තුව ගැන රහස් වාර්තාවක් තියෙනවා,කරුණාකර මූලාශ්‍රයක් සමඟ පමණක් බෙදාහදාගමු.
DISINFO,දේශපාලකයන් ගැන විද්‍යාත්මකව සනාථයි කියලා කියනවා,කරුණාකර නිල මූලාශ්‍රයක් හෝ සබැඳියක් ලබා දෙන්න.
DISINFO,පාර්ලිමේන්තුව ගැන අනිවාර්යයෙන්ම ඇත්ත,කරුණාකර නිල මූලාශ්‍රයක් හෝ සබැඳියක් ලබා දෙන්න.
HATE,දේශපාලකයන් ගොන් රට විකුණනවා,මෙම කරුණ සම්බන්ධයෙන් විවේචනයක් ඇත. කරුණාකර සාකච්ඡා කරමු.
HATE,මන්ත්‍රීවරු ගොන් රට විකුණනවා,මෙම කරුණ පිළිබඳ මට එකඟ නොවෙයි. කරුණාකර සාක්ෂි සහිතව අදහස් දක්වමු.
HATE,නායකයා වගකීමක් නැති දූෂණ කරනවා,මෙම ක්‍රියාවන් සම්බන්ධයෙන් මට ගැටළුවක් ඇත. කරුණාකර පැහැදිලි කරන්න.
DISINFO,නායකයා ගැන ලෝකයම පිළිගෙන තියෙනවා,කරුණාකර නිල මූලාශ්‍රයක් හෝ සබැඳියක් ලබා දෙන්න.
HATE,රජය අසාධාරණ රට විනාස කරනවා,මෙම කරුණ සම්බන්ධයෙන් විවේචනයක් ඇත. කරුණාකර සාකච්ඡා කරමු.
DISINFO,ඇමතිවරයා ගැන සනාථ කරලා තියෙනවා,මෙය නොතහවුරු වූ තොරතුරක් විය හැක. නිල තහවුරු කිරීමක් අවශ්‍ය වේ.
HATE,ආණ්ඩුව අවිශ්වාසනීය බොරුව පතුරවනවා,මෙම ක්‍රියාවන් සම්බන්ධයෙන් මට ගැටළුවක් ඇත. කරුණාකර පැහැදිලි කරන්න.
DISINFO,කැබිනට් මණ්ඩලය ගැන ලෝකයම පිළිගෙන තියෙනවා,මෙය තහවුරු කළ හැකි සාක්ෂි තිබේද?
DISINFO,කැබිනට් මණ්ඩලය ගැන විද්‍යාත්මකව සනාථයි කියලා කියනවා,කරුණාකර නිල මූලාශ්‍රයක් හෝ සබැඳියක් ලබා දෙන්න.
HATE,ආණ්ඩුව මෝඩ දූෂණ කරනවා,මෙම ක්‍රියාවන් සම්බන්ධයෙන් මට ගැටළුවක් ඇත. කරුණාකර පැහැදිලි කරන්න.
HATE,කැබිනට් මණ්ඩලය අවිශ්වාසනීය සත්‍ය සඟවනවා,මෙම කරුණ සම්බන්ධයෙන් විවේචනයක් ඇත. කරුණාකර සාකච්ඡා කරමු.
DISINFO,පක්ෂය ගැන ලීක් වෙලා තියෙනවා,මෙය තහවුරු කළ හැකි සාක්ෂි තිබේද?
HATE,දේශපාලකයන් කූට රට විනාස කරනවා,මෙම ක්‍රියාවන් සම්බන්ධයෙන් මට ගැටළුවක් ඇත. කරුණාකර පැහැදිලි කරන්න.
DISINFO,නිලධාරීන් ගැන 100% සත්‍යයි,මෙය තහවුරු කළ හැකි සාක්ෂි තිබේද?
DISINFO,පක්ෂය ගැන ලීක් වෙලා තියෙනවා,මෙය නොතහවුරු වූ තොරතුරක් විය හැක. නිල තහවුරු කිරීමක් අවශ්‍ය වේ.
DISINFO,පාර්ලිමේන්තුව ගැන 100% සත්‍යයි,මෙය නොතහවුරු වූ තොරතුරක් විය හැක. නිල තහවුරු කිරීමක් අවශ්‍ය වේ.
DISINFO,මන්ත්‍රීවරු ගැන ලෝකයම පිළිගෙන තියෙනවා,මෙය නොතහවුරු වූ තොරතුරක් විය හැක. නිල තහවුරු කිරීමක් අවශ්‍ය වේ.
DISINFO,දේශපාලකයන් ගැන සනාථ කරලා තියෙනවා,කරුණාකර මූලාශ්‍රයක් සමඟ පමණක් බෙදාහදාගමු.
HATE,පක්ෂය වගකීමක් නැති බොරුව පතුරවනවා,මෙම කරුණ පිළිබඳ මට එකඟ නොවෙයි. කරුණාකර සාක්ෂි සහිතව අදහස් දක්වමු.
DISINFO,පක්ෂය ගැන අනිවාර්යයෙන්ම ඇත්ත,මෙය තහවුරු කළ හැකි සාක්ෂි තිබේද?
HATE,පක්ෂය අයුතු ජනතාව විනාස කරනවා,මෙම කරුණ සම්බන්ධයෙන් විවේචනයක් ඇත. කරුණාකර සාකච්ඡා කරමු.
HATE,කැබිනට් මණ්ඩලය අසාධාරණ රට විකුණනවා,මෙම කරුණ පිළිබඳ මට එකඟ නොවෙයි. කරුණාකර සාක්ෂි සහිතව අදහස් දක්වමු.
DISINFO,ආණ්ඩුව ගැන සනාථ කරලා තියෙනවා,කරුණාකර නිල මූලාශ්‍රයක් හෝ සබැඳියක් ලබා දෙන්න.
DISINFO,නිලධාරීන් ගැන ලීක් වෙලා තියෙනවා,කරුණාකර මූලාශ්‍රයක් සමඟ පමණක් බෙදාහදාගමු.
HATE,ආණ්ඩුව අසාධාරණ සත්‍ය සඟවනවා,මෙම කරුණ පිළිබඳ මට එකඟ නොවෙයි. කරුණාකර සාක්ෂි සහිතව අදහස් දක්වමු.
DISINFO,ඇමතිවරයා ගැන අනිවාර්යයෙන්ම ඇත්ත,මෙය තහවුරු කළ හැකි සාක්ෂි තිබේද?
HATE,නිලධාරීන් මෝඩ රට විකුණනවා,මෙම තීරණය සම්බන්ධයෙන් මට සැකයක් ඇත.
DISINFO,ආණ්ඩුව ගැන ලීක් වෙලා තියෙනවා,මෙය සත්‍යදැයි තහවුරු කිරීමට විශ්වාසනීය මූලාශ්‍රයක් අවශ්‍යයි.
DISINFO,කැබිනට් මණ්ඩලය ගැන ලෝකයම පිළිගෙන තියෙනවා,මෙය තහවුරු කළ හැකි සාක්ෂි තිබේද?
HATE,මන්ත්‍රීවරු පිස්සු මිනිස්සු රවටනවා,මෙම කරුණ සම්බන්ධයෙන් විවේචනයක් ඇත. කරුණාකර සාකච්ඡා කරමු.
DISINFO,මන්ත්‍රීවරු ගැන ලෝකයම පිළිගෙන තියෙනවා,මෙය තහවුරු කළ හැකි සාක්ෂි තිබේද?
DISINFO,ආණ්ඩුව ගැන විද්‍යාත්මකව සනාථයි කියලා කියනවා,කරුණාකර නිල මූලාශ්‍රයක් හෝ සබැඳියක් ලබා දෙන්න.
HATE,ආණ්ඩුව ගොන් මිනිස්සු රවටනවා,මෙම කරුණ සම්බන්ධයෙන් විවේචනයක් ඇත. කරුණාකර සාකච්ඡා කරමු.
DISINFO,කැබිනට් මණ්ඩලය ගැන 100% සත්‍යයි,කරුණාකර මූලාශ්‍රයක් සමඟ පමණක් බෙදාහදාගමු.
DISINFO,ආණ්ඩුව ගැන ලීක් වෙලා තියෙනවා,මෙය සත්‍යදැයි තහවුරු කිරීමට විශ්වාසනීය මූලාශ්‍රයක් අවශ්‍යයි.
DISINFO,කැබිනට් මණ්ඩලය ගැන විද්‍යාත්මකව සනාථයි කියලා කියනවා,මෙය සත්‍යදැයි තහවුරු කිරීමට විශ්වාසනීය මූලාශ්‍රයක් අවශ්‍යයි.
DISINFO,නායකයා ගැන ලීක් වෙලා තියෙනවා,මෙය සත්‍යදැයි තහවුරු කිරීමට විශ්වාසනීය මූලාශ්‍රයක් අවශ්‍යයි.
HATE,කැබිනට් මණ්ඩලය අවබෝධයක් නැති රට කෑවා,අපි ගෞරවයෙන් සංවාදය කරමු.
DISINFO,ඇමතිවරයා ගැන ලීක් වෙලා තියෙනවා,කරුණාකර මූලාශ්‍රයක් සමඟ පමණක් බෙදාහදාගමු.
HATE,පක්ෂය අයුතු රට විකුණනවා,මෙම කරුණ සම්බන්ධයෙන් විවේචනයක් ඇත. කරුණාකර සාකච්ඡා කරමු.
HATE,නිලධාරීන් කූට ජනතාව විනාස කරනවා,මෙම කරුණ සම්බන්ධයෙන් විවේචනයක් ඇත. කරුණාකර සාකච්ඡා කරමු.
HATE,රජය පිස්සු දූෂණ කරනවා,මෙම ක්‍රියාවන් සම්බන්ධයෙන් මට ගැටළුවක් ඇත. කරුණාකර පැහැදිලි කරන්න.
HATE,කැබිනට් මණ්ඩලය පිස්සු සත්‍ය සඟවනවා,මෙම කරුණ සම්බන්ධයෙන් විවේචනයක් ඇත. කරුණාකර සාකච්ඡා කරමු.
DISINFO,පාර්ලිමේන්තුව ගැන සනාථ කරලා තියෙනවා,මෙය නොතහවුරු වූ තොරතුරක් විය හැක. නිල තහවුරු කිරීමක් අවශ්‍ය වේ.
DISINFO,නායකයා ගැන විද්‍යාත්මකව සනාථයි කියලා කියනවා,කරුණාකර මූලාශ්‍රයක් සමඟ පමණක් බෙදාහදාගමු.
DISINFO,ඇමතිවරයා ගැන සනාථ කරලා තියෙනවා,මෙය නොතහවුරු වූ තොරතුරක් විය හැක. නිල තහවුරු කිරීමක් අවශ්‍ය වේ.
DISINFO,නිලධාරීන් ගැන අනිවාර්යයෙන්ම ඇත්ත,මෙය සත්‍යදැයි තහවුරු කිරීමට විශ්වාසනීය මූලාශ්‍රයක් අවශ්‍යයි.
HATE,ඇමතිවරයා ගොන් දූෂණ කරනවා,මෙම කරුණ සම්බන්ධයෙන් විවේචනයක් ඇත. කරුණාකර සාකච්ඡා කරමු.
DISINFO,ඇමතිවරයා ගැන විද්‍යාත්මකව සනාථයි කියලා කියනවා,මෙය නොතහවුරු වූ තොරතුරක් විය හැක. නිල තහවුරු කිරීමක් අවශ්‍ය වේ.
DISINFO,දේශපාලකයන් ගැන ලීක් වෙලා තියෙනවා,කරුණාකර මූලාශ්‍රයක් සමඟ පමණක් බෙදාහදාගමු.
DISINFO,නායකයා ගැන සනාථ කරලා තියෙනවා,මෙය නොතහවුරු වූ තොරතුරක් විය හැක. නිල තහවුරු කිරීමක් අවශ්‍ය වේ.
HATE,ආණ්ඩුව වගකීමක් නැති ජනතාව විනාස කරනවා,මෙම කරුණ සම්බන්ධයෙන් විවේචනයක් ඇත. කරුණාකර සාකච්ඡා කරමු.
HATE,මන්ත්‍රීවරු අසාධාරණ මිනිස්සු රවටනවා,මෙම කරුණ පිළිබඳ මට එකඟ නොවෙයි. කරුණාකර සාක්ෂි සහිතව අදහස් දක්වමු.
DISINFO,පක්ෂය ගැන ලීක් වෙලා තියෙනවා,මෙය සත්‍යදැයි තහවුරු කිරීමට විශ්වාසනීය මූලාශ්‍රයක් අවශ්‍යයි.
HATE,නායකයා මෝඩ රට විනාස කරනවා,අපි ගෞරවයෙන් සංවාදය කරමු.
HATE,ඇමතිවරයා අවිශ්වාසනීය ජනතාව විනාස කරනවා,මෙම කරුණ පිළිබඳ මට එකඟ නොවෙයි. කරුණාකර සාක්ෂි සහිතව අදහස් දක්වමු.
HATE,ආණ්ඩුව අවිශ්වාසනීය ජනතාව විනාස කරනවා,මෙම කරුණ පිළිබඳ මට එකඟ නොවෙයි. කරුණාකර සාක්ෂි සහිතව අදහස් දක්වමු.
HATE,කැබිනට් මණ්ඩලය අවිශ්වාසනීය සත්‍ය සඟවනවා,අපි ගෞරවයෙන් සංවාදය කරමු.
DISINFO,ආණ්ඩුව ගැන රහස් වාර්තාවක් තියෙනවා,කරුණාකර මූලාශ්‍රයක් සමඟ පමණක් බෙදාහදාගමු.
DISINFO,රජය ගැන අනිවාර්යයෙන්ම ඇත්ත,මෙය නොතහවුරු වූ තොරතුරක් විය හැක. නිල තහවුරු කිරීමක් අවශ්‍ය වේ.
DISINFO,ඇමතිවරයා ගැන සනාථ කරලා තියෙනවා,මෙය තහවුරු කළ හැකි සාක්ෂි තිබේද?
DISINFO,නිලධාරීන් ගැන ලීක් වෙලා තියෙනවා,මෙය නොතහවුරු වූ තොරතුරක් විය හැක. නිල තහවුරු කිරීමක් අවශ්‍ය වේ.
HATE,පක්ෂය අවිශ්වාසනීය රට කෑවා,අපි ගෞරවයෙන් සංවාදය කරමු.
DISINFO,මන්ත්‍රීවරු ගැන ලීක් වෙලා තියෙනවා,කරුණාකර මූලාශ්‍රයක් සමඟ පමණක් බෙදාහදාගමු.
HATE,ආණ්ඩුව මෝඩ රට විනාස කරනවා,මෙම කරුණ පිළිබඳ මට එකඟ නොවෙයි. කරුණාකර සාක්ෂි සහිතව අදහස් දක්වමු.
HATE,පක්ෂය අවිශ්වාසනීය රට විකුණනවා,මෙම තීරණය සම්බන්ධයෙන් මට සැකයක් ඇත.
DISINFO,පක්ෂය ගැන ලීක් වෙලා තියෙනවා,කරුණාකර නිල මූලාශ්‍රයක් හෝ සබැඳියක් ලබා දෙන්න.
DISINFO,මන්ත්‍රීවරු ගැන අනිවාර්යයෙන්ම ඇත්ත,කරුණාකර නිල මූලාශ්‍රයක් හෝ සබැඳියක් ලබා දෙන්න.
DISINFO,කැබිනට් මණ්ඩලය ගැන රහස් වාර්තාවක් තියෙනවා,කරුණාකර නිල මූලාශ්‍රයක් හෝ සබැඳියක් ලබා දෙන්න.
HATE,නිලධාරීන් කූට සත්‍ය සඟවනවා,මෙම කරුණ සම්බන්ධයෙන් විවේචනයක් ඇත. කරුණාකර සාකච්ඡා කරමු.
DISINFO,රජය ගැන ලීක් වෙලා තියෙනවා,මෙය තහවුරු කළ හැකි සාක්ෂි තිබේද?
HATE,නිලධාරීන් කූට රට කෑවා,අපි ගෞරවයෙන් සංවාදය කරමු.
HATE,ඇමතිවරයා කූට බොරුව පතුරවනවා,මෙම ක්‍රියාවන් සම්බන්ධයෙන් මට ගැටළුවක් ඇත. කරුණාකර පැහැදිලි කරන්න.
HATE,කැබිනට් මණ්ඩලය වගකීමක් නැති දූෂණ කරනවා,මෙම කරුණ පිළිබඳ මට එකඟ නොවෙයි. කරුණාකර සාක්ෂි සහිතව අදහස් දක්වමු.
HATE,ආණ්ඩුව අයුතු රට කෑවා,මෙම ක්‍රියාවන් සම්බන්ධයෙන් මට ගැටළුවක් ඇත. කරුණාකර පැහැදිලි කරන්න.
HATE,දේශපාලකයන් දූෂිත මිනිස්සු රවටනවා,අපි ගෞරවයෙන් සංවාදය කරමු.
HATE,නායකයා මෝඩ මිනිස්සු රවටනවා,අපි ගෞරවයෙන් සංවාදය කරමු.
DISINFO,පාර්ලිමේන්තුව ගැන විද්‍යාත්මකව සනාථයි කියලා කියනවා,මෙය නොතහවුරු වූ තොරතුරක් විය හැක. නිල තහවුරු කිරීමක් අවශ්‍ය වේ.
DISINFO,පක්ෂය ගැන 100% සත්‍යයි,මෙය සත්‍යදැයි තහවුරු කිරීමට විශ්වාසනීය මූලාශ්‍රයක් අවශ්‍යයි.
HATE,පාර්ලිමේන්තුව අයුතු ජනතාව විනාස කරනවා,මෙම කරුණ පිළිබඳ මට එකඟ නොවෙයි. කරුණාකර සාක්ෂි සහිතව අදහස් දක්වමු.
HATE,ඇමතිවරයා කූට රට විනාස කරනවා,මෙම කරුණ සම්බන්ධයෙන් විවේචනයක් ඇත. කරුණාකර සාකච්ඡා කරමු.
DISINFO,පාර්ලිමේන්තුව ගැන විද්‍යාත්මකව සනාථයි කියලා කියනවා,මෙය සත්‍යදැයි තහවුරු කිරීමට විශ්වාසනීය මූලාශ්‍රයක් අවශ්‍යයි.
DISINFO,ඇමතිවරයා ගැන සනාථ කරලා තියෙනවා,මෙය නොතහවුරු වූ තොරතුරක් විය හැක. නිල තහවුරු කිරීමක් අවශ්‍ය වේ.
HATE,ඇමතිවරයා අවිශ්වාසනීය සත්‍ය සඟවනවා,මෙම ක්‍රියාවන් සම්බන්ධයෙන් මට ගැටළුවක් ඇත. කරුණාකර පැහැදිලි කරන්න.
HATE,නායකයා පිස්සු රට කෑවා,මෙම තීරණය සම්බන්ධයෙන් මට සැකයක් ඇත.
DISINFO,කැබිනට් මණ්ඩලය ගැන ලීක් වෙලා තියෙනවා,කරුණාකර නිල මූලාශ්‍රයක් හෝ සබැඳියක් ලබා දෙන්න.
DISINFO,කැබිනට් මණ්ඩලය ගැන විද්‍යාත්මකව සනාථයි කියලා කියනවා,මෙය සත්‍යදැයි තහවුරු කිරීමට විශ්වාසනීය මූලාශ්‍රයක් අවශ්‍යයි.
DISINFO,ආණ්ඩුව ගැන රහස් වාර්තාවක් තියෙනවා,කරුණාකර නිල මූලාශ්‍රයක් හෝ සබැඳියක් ලබා දෙන්න.
HATE,කැබිනට් මණ්ඩලය අසාධාරණ දූෂණ කරනවා,මෙම තීරණය සම්බන්ධයෙන් මට සැකයක් ඇත.
DISINFO,ආණ්ඩුව ගැන අනිවාර්යයෙන්ම ඇත්ත,මෙය සත්‍යදැයි තහවුරු කිරීමට විශ්වාසනීය මූලාශ්‍රයක් අවශ්‍යයි.
DISINFO,රජය ගැන අනිවාර්යයෙන්ම ඇත්ත,කරුණාකර නිල මූලාශ්‍රයක් හෝ සබැඳියක් ලබා දෙන්න.
DISINFO,පාර්ලිමේන්තුව ගැන 100% සත්‍යයි,මෙය තහවුරු කළ හැකි සාක්ෂි තිබේද?
DISINFO,මන්ත්‍රීවරු ගැන ලෝකයම පිළිගෙන තියෙනවා,මෙය නොතහවුරු වූ තොරතුරක් විය හැක. නිල තහවුරු කිරීමක් අවශ්‍ය වේ.
DISINFO,රජය ගැන 100% සත්‍යයි,මෙය නොතහවුරු වූ තොරතුරක් විය හැක. නිල තහවුරු කිරීමක් අවශ්‍ය වේ.
DISINFO,දේශපාලකයන් ගැන සනාථ කරලා තියෙනවා,මෙය නොතහවුරු වූ තොරතුරක් විය හැක. නිල තහවුරු කිරීමක් අවශ්‍ය වේ.
DISINFO,ආණ්ඩුව ගැන විද්‍යාත්මකව සනාථයි කියලා කියනවා,මෙය නොතහවුරු වූ තොරතුරක් විය හැක. නිල තහවුරු කිරීමක් අවශ්‍ය වේ.
DISINFO,පාර්ලිමේන්තුව ගැන අනිවාර්යයෙන්ම ඇත්ත,මෙය සත්‍යදැයි තහවුරු කිරීමට විශ්වාසනීය මූලාශ්‍රයක් අවශ්‍යයි.
HATE,නායකයා වගකීමක් නැති සත්‍ය සඟවනවා,මෙම කරුණ පිළිබඳ මට එකඟ නොවෙයි. කරුණාකර සාක්ෂි සහිතව අදහස් දක්වමු.
HATE,කැබිනට් මණ්ඩලය වගකීමක් නැති රට විනාස කරනවා,මෙම ක්‍රියාවන් සම්බන්ධයෙන් මට ගැටළුවක් ඇත. කරුණාකර පැහැදිලි කරන්න.
HATE,රජය කූට දූෂණ කරනවා,මෙම කරුණ සම්බන්ධයෙන් විවේචනයක් ඇත. කරුණාකර සාකච්ඡා කරමු.
HATE,කැබිනට් මණ්ඩලය දූෂිත දූෂණ කරනවා,මෙම කරුණ සම්බන්ධයෙන් විවේචනයක් ඇත. කරුණාකර සාකච්ඡා කරමු.
DISINFO,රජය ගැන ලීක් වෙලා තියෙනවා,කරුණාකර නිල මූලාශ්‍රයක් හෝ සබැඳියක් ලබා දෙන්න.
HATE,ආණ්ඩුව ගොන් රට විනාස කරනවා,අපි ගෞරවයෙන් සංවාදය කරමු.
HATE,මන්ත්‍රීවරු අසාධාරණ රට විනාස කරනවා,මෙම කරුණ සම්බන්ධයෙන් විවේචනයක් ඇත. කරුණාකර සාකච්ඡා කරමු.
HATE,නායකයා අයුතු රට විනාස කරනවා,මෙම කරුණ පිළිබඳ මට එකඟ නොවෙයි. කරුණාකර සාක්ෂි සහිතව අදහස් දක්වමු.
DISINFO,පක්ෂය ගැන අනිවාර්යයෙන්ම ඇත්ත,කරුණාකර මූලාශ්‍රයක් සමඟ පමණක් බෙදාහදාගමු.
HATE,නායකයා මෝඩ ජනතාව විනාස කරනවා,මෙම කරුණ පිළිබඳ මට එකඟ නොවෙයි. කරුණාකර සාක්ෂි සහිතව අදහස් දක්වමු.
DISINFO,පක්ෂය ගැන 100% සත්‍යයි,මෙය නොතහවුරු වූ තොරතුරක් විය හැක. නිල තහවුරු කිරීමක් අවශ්‍ය වේ.
HATE,මන්ත්‍රීවරු වගකීමක් නැති රට විනාස කරනවා,මෙම ක්‍රියාවන් සම්බන්ධයෙන් මට ගැටළුවක් ඇත. කරුණාකර පැහැදිලි කරන්න.
DISINFO,නායකයා ගැන රහස් වාර්තාවක් තියෙනවා,කරුණාකර නිල මූලාශ්‍රයක් හෝ සබැඳියක් ලබා දෙන්න.
HATE,නායකයා අවබෝධයක් නැති රට කෑවා,මෙම කරුණ සම්බන්ධයෙන් විවේචනයක් ඇත. කරුණාකර සාකච්ඡා කරමු.
DISINFO,කැබිනට් මණ්ඩලය ගැන අනිවාර්යයෙන්ම ඇත්ත,මෙය සත්‍යදැයි තහවුරු කිරීමට විශ්වාසනීය මූලාශ්‍රයක් අවශ්‍යයි.
DISINFO,නිලධාරීන් ගැන 100% සත්‍යයි,මෙය සත්‍යදැයි තහවුරු කිරීමට විශ්වාසනීය මූලාශ්‍රයක් අවශ්‍යයි.
DISINFO,පාර්ලිමේන්තුව ගැන ලෝකයම පිළිගෙන තියෙනවා,මෙය සත්‍යදැයි තහවුරු කිරීමට විශ්වාසනීය මූලාශ්‍රයක් අවශ්‍යයි.
HATE,නිලධාරීන් දූෂිත බොරුව පතුරවනවා,මෙම ක්‍රියාවන් සම්බන්ධයෙන් මට ගැටළුවක් ඇත. කරුණාකර පැහැදිලි කරන්න.
HATE,දේශපාලකයන් පිස්සු රට විනාස කරනවා,මෙම කරුණ පිළිබඳ මට එකඟ නොවෙයි. කරුණාකර සාක්ෂි සහිතව අදහස් දක්වමු.
HATE,මන්ත්‍රීවරු ගොන් ජනතාව විනාස කරනවා,මෙම තීරණය සම්බන්ධයෙන් මට සැකයක් ඇත.
HATE,නිලධාරීන් ගොන් රට විකුණනවා,මෙම කරුණ සම්බන්ධයෙන් විවේචනයක් ඇත. කරුණාකර සාකච්ඡා කරමු.
HATE,දේශපාලකයන් අයුතු රට විනාස කරනවා,මෙම තීරණය සම්බන්ධයෙන් මට සැකයක් ඇත.
HATE,රජය වගකීමක් නැති සත්‍ය සඟවනවා,මෙම කරුණ පිළිබඳ මට එකඟ නොවෙයි. කරුණාකර සාක්ෂි සහිතව අදහස් දක්වමු.
HATE,ඇමතිවරයා අයුතු දූෂණ කරනවා,මෙම කරුණ සම්බන්ධයෙන් විවේචනයක් ඇත. කරුණාකර සාකච්ඡා කරමු.
HATE,පාර්ලිමේන්තුව කූට ජනතාව විනාස කරනවා,මෙම ක්‍රියාවන් සම්බන්ධයෙන් මට ගැටළුවක් ඇත. කරුණාකර පැහැදිලි කරන්න.
HATE,දේශපාලකයන් අයුතු සත්‍ය සඟවනවා,මෙම කරුණ සම්බන්ධයෙන් විවේචනයක් ඇත. කරුණාකර සාකච්ඡා කරමු.
HATE,නායකයා කූට රට කෑවා,මෙම කරුණ පිළිබඳ මට එකඟ නොවෙයි. කරුණාකර සාක්ෂි සහිතව අදහස් දක්වමු.
DISINFO,නිලධාරීන් ගැන 100% සත්‍යයි,කරුණාකර නිල මූලාශ්‍රයක් හෝ සබැඳියක් ලබා දෙන්න.
HATE,රජය අසාධාරණ ජනතාව විනාස කරනවා,මෙම ක්‍රියාවන් සම්බන්ධයෙන් මට ගැටළුවක් ඇත. කරුණාකර පැහැදිලි කරන්න.
HATE,පාර්ලිමේන්තුව අයුතු දූෂණ කරනවා,මෙම තීරණය සම්බන්ධයෙන් මට සැකයක් ඇත.
DISINFO,මන්ත්‍රීවරු ගැන අනිවාර්යයෙන්ම ඇත්ත,කරුණාකර මූලාශ්‍රයක් සමඟ පමණක් බෙදාහදාගමු.
HATE,පක්ෂය අවබෝධයක් නැති රට විකුණනවා,මෙම කරුණ පිළිබඳ මට එකඟ නොවෙයි. කරුණාකර සාක්ෂි සහිතව අදහස් දක්වමු.
DISINFO,ආණ්ඩුව ගැන 100% සත්‍යයි,මෙය නොතහවුරු වූ තොරතුරක් විය හැක. නිල තහවුරු කිරීමක් අවශ්‍ය වේ.
DISINFO,නායකයා ගැන රහස් වාර්තාවක් තියෙනවා,මෙය තහවුරු කළ හැකි සාක්ෂි තිබේද?
HATE,කැබිනට් මණ්ඩලය මෝඩ මිනිස්සු රවටනවා,මෙම කරුණ පිළිබඳ මට එකඟ නොවෙයි. කරුණාකර සාක්ෂි සහිතව අදහස් දක්වමු.
DISINFO,ඇමතිවරයා ගැන සනාථ කරලා තියෙනවා,කරුණාකර මූලාශ්‍රයක් සමඟ පමණක් බෙදාහදාගමු.
HATE,කැබිනට් මණ්ඩලය අවබෝධයක් නැති ජනතාව විනාස කරනවා,අපි ගෞරවයෙන් සංවාදය කරමු.
HATE,පාර්ලිමේන්තුව අයුතු බොරුව පතුරවනවා,මෙම කරුණ සම්බන්ධයෙන් විවේචනයක් ඇත. කරුණාකර සාකච්ඡා කරමු.
HATE,මන්ත්‍රීවරු දූෂිත මිනිස්සු රවටනවා,මෙම ක්‍රියාවන් සම්බන්ධයෙන් මට ගැටළුවක් ඇත. කරුණාකර පැහැදිලි කරන්න.
HATE,නිලධාරීන් අවබෝධයක් නැති දූෂණ කරනවා,මෙම කරුණ සම්බන්ධයෙන් විවේචනයක් ඇත. කරුණාකර සාකච්ඡා කරමු.
HATE,රජය පිස්සු රට විකුණනවා,මෙම ක්‍රියාවන් සම්බන්ධයෙන් මට ගැටළුවක් ඇත. කරුණාකර පැහැදිලි කරන්න.
HATE,දේශපාලකයන් අවිශ්වාසනීය රට කෑවා,අපි ගෞරවයෙන් සංවාදය කරමු.
DISINFO,මන්ත්‍රීවරු ගැන 100% සත්‍යයි,මෙය තහවුරු කළ හැකි සාක්ෂි තිබේද?
DISINFO,කැබිනට් මණ්ඩලය ගැන අනිවාර්යයෙන්ම ඇත්ත,කරුණාකර නිල මූලාශ්‍රයක් හෝ සබැඳියක් ලබා දෙන්න.
DISINFO,පක්ෂය ගැන ලෝකයම පිළිගෙන තියෙනවා,කරුණාකර නිල මූලාශ්‍රයක් හෝ සබැඳියක් ලබා දෙන්න.
HATE,මන්ත්‍රීවරු අවබෝධයක් නැති මිනිස්සු රවටනවා,මෙම ක්‍රියාවන් සම්බන්ධයෙන් මට ගැටළුවක් ඇත. කරුණාකර පැහැදිලි කරන්න.
HATE,නායකයා අවබෝධයක් නැති දූෂණ කරනවා,මෙම තීරණය සම්බන්ධයෙන් මට සැකයක් ඇත.
DISINFO,ඇමතිවරයා ගැන ලීක් වෙලා තියෙනවා,කරුණාකර නිල මූලාශ්‍රයක් හෝ සබැඳියක් ලබා දෙන්න.
HATE,කැබිනට් මණ්ඩලය පිස්සු ජනතාව විනාස කරනවා,අපි ගෞරවයෙන් සංවාදය කරමු.
DISINFO,දේශපාලකයන් ගැන ලෝකයම පිළිගෙන තියෙනවා,මෙය තහවුරු කළ හැකි සාක්ෂි තිබේද?
DISINFO,නිලධාරීන් ගැන ලෝකයම පිළිගෙන තියෙනවා,මෙය නොතහවුරු වූ තොරතුරක් විය හැක. නිල තහවුරු කිරීමක් අවශ්‍ය වේ.
HATE,නිලධාරීන් මෝඩ ජනතාව විනාස කරනවා,මෙම කරුණ පිළිබඳ මට එකඟ නොවෙයි. කරුණාකර සාක්ෂි සහිතව අදහස් දක්වමු.
HATE,ආණ්ඩුව අවබෝධයක් නැති ජනතාව විනාස කරනවා,මෙම ක්‍රියාවන් සම්බන්ධයෙන් මට ගැටළුවක් ඇත. කරුණාකර පැහැදිලි කරන්න.
HATE,පාර්ලිමේන්තුව දූෂිත රට කෑවා,මෙම කරුණ පිළිබඳ මට එකඟ නොවෙයි. කරුණාකර සාක්ෂි සහිතව අදහස් දක්වමු.
DISINFO,මන්ත්‍රීවරු ගැන විද්‍යාත්මකව සනාථයි කියලා කියනවා,මෙය නොතහවුරු වූ තොරතුරක් විය හැක. නිල තහවුරු කිරීමක් අවශ්‍ය වේ.
HATE,පාර්ලිමේන්තුව කූට දූෂණ කරනවා,අපි ගෞරවයෙන් සංවාදය කරමු.
DISINFO,නිලධාරීන් ගැන 100% සත්‍යයි,කරුණාකර නිල මූලාශ්‍රයක් හෝ සබැඳියක් ලබා දෙන්න.
DISINFO,නිලධාරීන් ගැන ලීක් වෙලා තියෙනවා,කරුණාකර මූලාශ්‍රයක් සමඟ පමණක් බෙදාහදාගමු.
HATE,රජය මෝඩ ජනතාව විනාස කරනවා,මෙම ක්‍රියාවන් සම්බන්ධයෙන් මට ගැටළුවක් ඇත. කරුණාකර පැහැදිලි කරන්න.
DISINFO,නිලධාරීන් ගැන 100% සත්‍යයි,මෙය නොතහවුරු වූ තොරතුරක් විය හැක. නිල තහවුරු කිරීමක් අවශ්‍ය වේ.
DISINFO,නිලධාරීන් ගැන විද්‍යාත්මකව සනාථයි කියලා කියනවා,මෙය නොතහවුරු වූ තොරතුරක් විය හැක. නිල තහවුරු කිරීමක් අවශ්‍ය වේ.
DISINFO,පාර්ලිමේන්තුව ගැන ලෝකයම පිළිගෙන තියෙනවා,මෙය තහවුරු කළ හැකි සාක්ෂි තිබේද?
HATE,මන්ත්‍රීවරු දූෂිත රට කෑවා,අපි ගෞරවයෙන් සංවාදය කරමු.
HATE,නිලධාරීන් දූෂිත රට විකුණනවා,මෙම කරුණ පිළිබඳ මට එකඟ නොවෙයි. කරුණාකර සාක්ෂි සහිතව අදහස් දක්වමු.
DISINFO,මන්ත්‍රීවරු ගැන ලෝකයම පිළිගෙන තියෙනවා,මෙය නොතහවුරු වූ තොරතුරක් විය හැක. නිල තහවුරු කිරීමක් අවශ්‍ය වේ.
HATE,රජය අසාධාරණ සත්‍ය සඟවනවා,මෙම තීරණය සම්බන්ධයෙන් මට සැකයක් ඇත.
HATE,ආණ්ඩුව වගකීමක් නැති බොරුව පතුරවනවා,අපි ගෞරවයෙන් සංවාදය කරමු.
HATE,ආණ්ඩුව මෝඩ බොරුව පතුරවනවා,මෙම ක්‍රියාවන් සම්බන්ධයෙන් මට ගැටළුවක් ඇත. කරුණාකර පැහැදිලි කරන්න.
DISINFO,කැබිනට් මණ්ඩලය ගැන රහස් වාර්තාවක් තියෙනවා,මෙය නොතහවුරු වූ තොරතුරක් විය හැක. නිල තහවුරු කිරීමක් අවශ්‍ය වේ.
DISINFO,ඇමතිවරයා ගැන රහස් වාර්තාවක් තියෙනවා,කරුණාකර නිල මූලාශ්‍රයක් හෝ සබැඳියක් ලබා දෙන්න.
HATE,නායකයා අයුතු දූෂණ කරනවා,මෙම කරුණ සම්බන්ධයෙන් විවේචනයක් ඇත. කරුණාකර සාකච්ඡා කරමු.
HATE,ආණ්ඩුව අවිශ්වාසනීය දූෂණ කරනවා,මෙම තීරණය සම්බන්ධයෙන් මට සැකයක් ඇත.
HATE,කැබිනට් මණ්ඩලය අසාධාරණ බොරුව පතුරවනවා,මෙම ක්‍රියාවන් සම්බන්ධයෙන් මට ගැටළුවක් ඇත. කරුණාකර පැහැදිලි කරන්න.
HATE,රජය අසාධාරණ ජනතාව විනාස කරනවා,මෙම කරුණ සම්බන්ධයෙන් විවේචනයක් ඇත. කරුණාකර සාකච්ඡා කරමු.
DISINFO,දේශපාලකයන් ගැන 100% සත්‍යයි,මෙය තහවුරු කළ හැකි සාක්ෂි තිබේද?
DISINFO,මන්ත්‍රීවරු ගැන විද්‍යාත්මකව සනාථයි කියලා කියනවා,මෙය සත්‍යදැයි තහවුරු කිරීමට විශ්වාසනීය මූලාශ්‍රයක් අවශ්‍යයි.
HATE,නායකයා මෝඩ රට කෑවා,මෙම තීරණය සම්බන්ධයෙන් මට සැකයක් ඇත.
HATE,පාර්ලිමේන්තුව දූෂිත ජනතාව විනාස කරනවා,මෙම තීරණය සම්බන්ධයෙන් මට සැකයක් ඇත.
HATE,ඇමතිවරයා අවබෝධයක් නැති දූෂණ කරනවා,මෙම ක්‍රියාවන් සම්බන්ධයෙන් මට ගැටළුවක් ඇත. කරුණාකර පැහැදිලි කරන්න.
HATE,ඇමතිවරයා ගොන් බොරුව පතුරවනවා,මෙම තීරණය සම්බන්ධයෙන් මට සැකයක් ඇත.
DISINFO,මන්ත්‍රීවරු ගැන රහස් වාර්තාවක් තියෙනවා,මෙය නොතහවුරු වූ තොරතුරක් විය හැක. නිල තහවුරු කිරීමක් අවශ්‍ය වේ.
DISINFO,ඇමතිවරයා ගැන විද්‍යාත්මකව සනාථයි කියලා කියනවා,මෙය තහවුරු කළ හැකි සාක්ෂි තිබේද?
DISINFO,මන්ත්‍රීවරු ගැන ලෝකයම පිළිගෙන තියෙනවා,කරුණාකර මූලාශ්‍රයක් සමඟ පමණක් බෙදාහදාගමු.
HATE,පක්ෂය පිස්සු සත්‍ය සඟවනවා,මෙම කරුණ සම්බන්ධයෙන් විවේචනයක් ඇත. කරුණාකර සාකච්ඡා කරමු.
DISINFO,ආණ්ඩුව ගැන සනාථ කරලා තියෙනවා,මෙය නොතහවුරු වූ තොරතුරක් විය හැක. නිල තහවුරු කිරීමක් අවශ්‍ය වේ.
HATE,පාර්ලිමේන්තුව අවිශ්වාසනීය රට විනාස කරනවා,මෙම තීරණය සම්බන්ධයෙන් මට සැකයක් ඇත.
HATE,රජය පිස්සු දූෂණ කරනවා,අපි ගෞරවයෙන් සංවාදය කරමු.
HATE,ඇමතිවරයා අවබෝධයක් නැති දූෂණ කරනවා,මෙම තීරණය සම්බන්ධයෙන් මට සැකයක් ඇත.
DISINFO,කැබිනට් මණ්ඩලය ගැන 100% සත්‍යයි,මෙය සත්‍යදැයි තහවුරු කිරීමට විශ්වාසනීය මූලාශ්‍රයක් අවශ්‍යයි.
HATE,රජය අසාධාරණ දූෂණ කරනවා,මෙම කරුණ පිළිබඳ මට එකඟ නොවෙයි. කරුණාකර සාක්ෂි සහිතව අදහස් දක්වමු.
HATE,දේශපාලකයන් දූෂිත රට විනාස කරනවා,මෙම තීරණය සම්බන්ධයෙන් මට සැකයක් ඇත.
DISINFO,රජය ගැන රහස් වාර්තාවක් තියෙනවා,කරුණාකර මූලාශ්‍රයක් සමඟ පමණක් බෙදාහදාගමු.
HATE,කැබිනට් මණ්ඩලය අවබෝධයක් නැති මිනිස්සු රවටනවා,මෙම තීරණය සම්බන්ධයෙන් මට සැකයක් ඇත.
DISINFO,පක්ෂය ගැන ලීක් වෙලා තියෙනවා,කරුණාකර නිල මූලාශ්‍රයක් හෝ සබැඳියක් ලබා දෙන්න.
HATE,පක්ෂය අවබෝධයක් නැති රට විනාස කරනවා,අපි ගෞරවයෙන් සංවාදය කරමු.
HATE,නායකයා වගකීමක් නැති රට විනාස කරනවා,අපි ගෞරවයෙන් සංවාදය කරමු.
HATE,රජය වගකීමක් නැති ජනතාව විනාස කරනවා,අපි ගෞරවයෙන් සංවාදය කරමු.
DISINFO,පාර්ලිමේන්තුව ගැන ලීක් වෙලා තියෙනවා,මෙය තහවුරු කළ හැකි සාක්ෂි තිබේද?
HATE,ආණ්ඩුව කූට රට විකුණනවා,මෙම තීරණය සම්බන්ධයෙන් මට සැකයක් ඇත.
HATE,කැබිනට් මණ්ඩලය මෝඩ රට විනාස කරනවා,අපි ගෞරවයෙන් සංවාදය කරමු.
HATE,පක්ෂය දූෂිත රට කෑවා,මෙම කරුණ පිළිබඳ මට එකඟ නොවෙයි. කරුණාකර සාක්ෂි සහිතව අදහස් දක්වමු.
DISINFO,නිලධාරීන් ගැන ලීක් වෙලා තියෙනවා,කරුණාකර නිල මූලාශ්‍රයක් හෝ සබැඳියක් ලබා දෙන්න.
DISINFO,පක්ෂය ගැන ලෝකයම පිළිගෙන තියෙනවා,කරුණාකර මූලාශ්‍රයක් සමඟ පමණක් බෙදාහදාගමු.
HATE,නිලධාරීන් මෝඩ සත්‍ය සඟවනවා,මෙම කරුණ පිළිබඳ මට එකඟ නොවෙයි. කරුණාකර සාක්ෂි සහිතව අදහස් දක්වමු.
HATE,කැබිනට් මණ්ඩලය අවිශ්වාසනීය මිනිස්සු රවටනවා,අපි ගෞරවයෙන් සංවාදය කරමු.
DISINFO,ඇමතිවරයා ගැන ලීක් වෙලා තියෙනවා,මෙය සත්‍යදැයි තහවුරු කිරීමට විශ්වාසනීය මූලාශ්‍රයක් අවශ්‍යයි.
DISINFO,දේශපාලකයන් ගැන ලෝකයම පිළිගෙන තියෙනවා,කරුණාකර මූලාශ්‍රයක් සමඟ පමණක් බෙදාහදාගමු.
DISINFO,පාර්ලිමේන්තුව ගැන 100% සත්‍යයි,කරුණාකර මූලාශ්‍රයක් සමඟ පමණක් බෙදාහදාගමු.
DISINFO,පාර්ලිමේන්තුව ගැන රහස් වාර්තාවක් තියෙනවා,මෙය තහවුරු කළ හැකි සාක්ෂි තිබේද?
HATE,මන්ත්‍රීවරු වගකීමක් නැති ජනතාව විනාස කරනවා,මෙම කරුණ සම්බන්ධයෙන් විවේචනයක් ඇත. කරුණාකර සාකච්ඡා කරමු.
DISINFO,නායකයා ගැන ලෝකයම පිළිගෙන තියෙනවා,මෙය නොතහවුරු වූ තොරතුරක් විය හැක. නිල තහවුරු කිරීමක් අවශ්‍ය වේ.
DISINFO,නිලධාරීන් ගැන ලීක් වෙලා තියෙනවා,මෙය නොතහවුරු වූ තොරතුරක් විය හැක. නිල තහවුරු කිරීමක් අවශ්‍ය වේ.
HATE,නායකයා දූෂිත රට කෑවා,මෙම තීරණය සම්බන්ධයෙන් මට සැකයක් ඇත.
HATE,රජය කූට බොරුව පතුරවනවා,මෙම ක්‍රියාවන් සම්බන්ධයෙන් මට ගැටළුවක් ඇත. කරුණාකර පැහැදිලි කරන්න.
HATE,කැබිනට් මණ්ඩලය දූෂිත රට කෑවා,මෙම කරුණ සම්බන්ධයෙන් විවේචනයක් ඇත. කරුණාකර සාකච්ඡා කරමු.
DISINFO,ඇමතිවරයා ගැන අනිවාර්යයෙන්ම ඇත්ත,මෙය තහවුරු කළ හැකි සාක්ෂි තිබේද?
HATE,රජය දූෂිත ජනතාව විනාස කරනවා,මෙම ක්‍රියාවන් සම්බන්ධයෙන් මට ගැටළුවක් ඇත. කරුණාකර පැහැදිලි කරන්න.
HATE,රජය මෝඩ රට කෑවා,මෙම කරුණ පිළිබඳ මට එකඟ නොවෙයි. කරුණාකර සාක්ෂි සහිතව අදහස් දක්වමු.
HATE,කැබිනට් මණ්ඩලය අවබෝධයක් නැති රට විකුණනවා,අපි ගෞරවයෙන් සංවාදය කරමු.
HATE,ඇමතිවරයා අසාධාරණ රට කෑවා,මෙම ක්‍රියාවන් සම්බන්ධයෙන් මට ගැටළුවක් ඇත. කරුණාකර පැහැදිලි කරන්න.
HATE,පක්ෂය දූෂිත දූෂණ කරනවා,මෙම කරුණ පිළිබඳ මට එකඟ නොවෙයි. කරුණාකර සාක්ෂි සහිතව අදහස් දක්වමු.
DISINFO,නායකයා ගැන 100% සත්‍යයි,කරුණාකර මූලාශ්‍රයක් සමඟ පමණක් බෙදාහදාගමු.
DISINFO,නායකයා ගැන රහස් වාර්තාවක් තියෙනවා,මෙය සත්‍යදැයි තහවුරු කිරීමට විශ්වාසනීය මූලාශ්‍රයක් අවශ්‍යයි.
HATE,කැබිනට් මණ්ඩලය මෝඩ රට විනාස කරනවා,අපි ගෞරවයෙන් සංවාදය කරමු.
DISINFO,නායකයා ගැන අනිවාර්යයෙන්ම ඇත්ත,මෙය තහවුරු කළ හැකි සාක්ෂි තිබේද?
HATE,ඇමතිවරයා දූෂිත බොරුව පතුරවනවා,මෙම කරුණ සම්බන්ධයෙන් විවේචනයක් ඇත. කරුණාකර සාකච්ඡා කරමු.
HATE,ඇමතිවරයා මෝඩ ජනතාව විනාස කරනවා,මෙම ක්‍රියාවන් සම්බන්ධයෙන් මට ගැටළුවක් ඇත. කරුණාකර පැහැදිලි කරන්න.
HATE,රජය දූෂිත ජනතාව විනාස කරනවා,මෙම කරුණ පිළිබඳ මට එකඟ නොවෙයි. කරුණාකර සාක්ෂි සහිතව අදහස් දක්වමු.
HATE,නිලධාරීන් වගකීමක් නැති දූෂණ කරනවා,මෙම කරුණ සම්බන්ධයෙන් විවේචනයක් ඇත. කරුණාකර සාකච්ඡා කරමු.
HATE,නිලධාරීන් ගොන් රට කෑවා,මෙම කරුණ පිළිබඳ මට එකඟ නොවෙයි. කරුණාකර සාක්ෂි සහිතව අදහස් දක්වමු.
HATE,පාර්ලිමේන්තුව වගකීමක් නැති ජනතාව විනාස කරනවා,මෙම ක්‍රියාවන් සම්බන්ධයෙන් මට ගැටළුවක් ඇත. කරුණාකර පැහැදිලි කරන්න.
HATE,ඇමතිවරයා මෝඩ බොරුව පතුරවනවා,අපි ගෞරවයෙන් සංවාදය කරමු.
HATE,පාර්ලිමේන්තුව අසාධාරණ රට විකුණනවා,මෙම ක්‍රියාවන් සම්බන්ධයෙන් මට ගැටළුවක් ඇත. කරුණාකර පැහැදිලි කරන්න.
HATE,නායකයා අසාධාරණ ජනතාව විනාස කරනවා,මෙම කරුණ සම්බන්ධයෙන් විවේචනයක් ඇත. කරුණාකර සාකච්ඡා කරමු.
