post_id,text,tokens,rationales,label,rationales_list,hate word,Hate
1393885590152572930,හැමිනෙන්න ගියාම මොන ලබ්බකටද බල්ලෝ වීඩියෝ කරන්නෙ. මේක මේ චූ කෙල්ලන්ටත් හොඳ පාඩමක්. යකෝ වීඩියෝ කර කර  හුකාගන්නෙ නැතුව නිකන් කරගනින් එතකොට මුකුත් ප්‍රශ්න නෑ.. මේවට වග කියන්න ඕන දෙමාපියන් . උන්ට සෙක්ස් ගැන දැනුමක් නැතුව කොහොමද තමන්ගෙ ලමයින්ට ඒක කියල දෙන්නෙ. #අපරැක්ක,හැමිනෙන්න ගියාම මොන ලබ්බකටද බල්ලෝ වීඩියෝ කරන්නෙ . මේක මේ චූ කෙල්ලන්ටත් හොඳ පාඩමක් . යකෝ වීඩියෝ කර කර හුකාගන්නෙ නැතුව නිකන් කරගනින් එතකොට මුකුත් ප්‍රශ්න නෑ . . මේවට වග කියන්න ඕන දෙමාපියන් . උන්ට සෙක්ස් ගැන දැනුමක් නැතුව කොහොමද තමන්ගෙ ලමයින්ට ඒක කියල දෙන්නෙ . # අපරැක්ක,"[0, 0, 0, 1, 0, 0, 0, 0, 0, 0, 0, 0, 0, 0, 0, 0, 0, 0, 0, 1, 0, 0, 0, 0, 0, 0, 0, 0, 0, 0, 0, 0, 0, 0, 0, 0, 0, 0, 0, 0, 0, 0, 0, 0, 0, 0, 0, 0, 0]",OFF,"[0, 0, 0, 1, 0, 0, 0, 0, 0, 0, 0, 0, 0, 0, 0, 0, 0, 0, 0, 1, 0, 0, 0, 0, 0, 0, 0, 0, 0, 0, 0, 0, 0, 0, 0, 0, 0, 0, 0, 0, 0, 0, 0, 0, 0, 0, 0, 0, 0]","ලබ්බකටද, හුකාගන්නෙ",1
1229436422911905793,@USER ඌ එහෙම කරද්දි බැල්ලි පාඩුවෙ ඉන්නවා. පොඩි එකා කිරි බොද්දි තනේ හපනවා කියලා කීප පොලකට කතුරකින් ඇනපු මිනිස් අම්මා කෙනෙකුත් දැක්කා නිවුස් වල.,@USER ඌ එහෙම කරද්දි බැල්ලි පාඩුවෙ ඉන්නවා . පොඩි එකා කිරි බොද්දි තනේ හපනවා කියලා කීප පොලකට කතුරකින් ඇනපු මිනිස් අම්මා කෙනෙකුත් දැක්කා නිවුස් වල .,[],NOT,[],,0
1035875987420897288,පන්සිල් පද පහ රැකගෙන නැත්නම් ඒක ඉස් මුදුනින්ම රකිනවා කියලා කෑ ගහන උදවිය තමා කරන්න තියෙන හැම සක්කිලි වැඩක්ම කරන්නේ.බුද්ධාගම කියන්නේ පන්සිල් පද පහම නෙමේ කියලත් මතක තියාගන්න අනික පන්සිල් පද පහ රකින එකා බෝධිසත්වයෙක් වෙන්නෙත් නෑ රකින් නැති එකා සක්කිලියෙක් වෙන්නෙත් නෑ.  #පොරටෝක්එකක්,පන්සිල් පද පහ රැකගෙන නැත්නම් ඒක ඉස් මුදුනින්ම රකිනවා කියලා කෑ ගහන උදවිය තමා කරන්න තියෙන හැම සක්කිලි වැඩක්ම කරන්නේ . බුද්ධාගම කියන්නේ පන්සිල් පද පහම නෙමේ කියලත් මතක තියාගන්න අනික පන්සිල් පද පහ රකින එකා බෝධිසත්වයෙක් වෙන්නෙත් නෑ රකින් නැති එකා සක්කිලියෙක් වෙන්නෙත් නෑ . # පොරටෝක්එකක්,"[0, 0, 0, 0, 0, 0, 0, 0, 0, 0, 0, 0, 0, 0, 0, 0, 0, 1, 0, 0, 0, 0, 0, 0, 0, 0, 0, 0, 0, 0, 0, 0, 0, 0, 0, 0, 0, 0, 0, 0, 0, 0, 1, 0, 0, 0, 0, 0]",OFF,"[0, 0, 0, 0, 0, 0, 0, 0, 0, 0, 0, 0, 0, 0, 0, 0, 0, 1, 0, 0, 0, 0, 0, 0, 0, 0, 0, 0, 0, 0, 0, 0, 0, 0, 0, 0, 0, 0, 0, 0, 0, 0, 1, 0, 0, 0, 0, 0]","සක්කිලි, සක්කිලියෙක්",1
1283046165605429248,ඡන්දේ දින්නට පස්සේ බලය ලැබෙන ටර්ම් එකක් තියෙනවනේ එකෙන් හරියටම බාගයක් යද්දි මිනිසුන්ට පුළුවන් බලයේ ඉන්න උන් චාටර්නම් අර ඉතුරුකෑල්ල මාක්කරලා තැපැල් කරන්න  කලින් දිනපු ගානට වඩා මාක්කරපු ගාන වැඩිනම් සෙනිකව ආණ්ඩුව විසුරලා ආයේ ඡන්දයක් තියන්ඩෝනේ  අර කෑල්ල නැතිනොකර තියාගන්ඩෝනේ මිනිස්සු,ඡන්දේ දින්නට පස්සේ බලය ලැබෙන ටර්ම් එකක් තියෙනවනේ එකෙන් හරියටම බාගයක් යද්දි මිනිසුන්ට පුළුවන් බලයේ ඉන්න උන් චාටර්නම් අර ඉතුරුකෑල්ල මාක්කරලා තැපැල් කරන්න කලින් දිනපු ගානට වඩා මාක්කරපු ගාන වැඩිනම් සෙනිකව ආණ්ඩුව විසුරලා ආයේ ඡන්දයක් තියන්ඩෝනේ අර කෑල්ල නැතිනොකර තියාගන්ඩෝනේ මිනිස්සු,[],NOT,[],,0
1094255679844634625,කඩේට යද්දි පාර ගාවදි බල්ලෝ දෙකක් බුරාගෙන පැන්නා..එද්දි තඩි පොල්ලකුත් අරන් ආවා එද්දි..ගල් ගොඩකුත් බාල තිබුනා පාරයිනේ..ටිකක් සයිස් ගලකුත් මල්ලට  දාගත්තා..   එද්දිත් ආව පකයලා බුරාගෙන..දුන්නා ගල් පාරක් වැදුන් නෑ..ඒත් ඊඨ ප්සසේ බලු පකයලා දෙන්නාගේ සද්ද වැහුනා සටස් ගාල..,කඩේට යද්දි පාර ගාවදි බල්ලෝ දෙකක් බුරාගෙන පැන්නා . . එද්දි තඩි පොල්ලකුත් අරන් ආවා එද්දි . . ගල් ගොඩකුත් බාල තිබුනා පාරයිනේ . . ටිකක් සයිස් ගලකුත් මල්ලට දාගත්තා . . එද්දිත් ආව පකයලා බුරාගෙන . . දුන්නා ගල් පාරක් වැදුන් නෑ . . ඒත් ඊඨ ප්සසේ බලු පකයලා දෙන්නාගේ සද්ද වැහුනා සටස් ගාල . .,"[0, 0, 0, 0, 0, 0, 0, 0, 0, 0, 0, 0, 0, 0, 0, 0, 0, 0, 0, 0, 0, 0, 0, 0, 0, 0, 0, 0, 0, 0, 0, 0, 0, 0, 1, 0, 0, 0, 0, 0, 0, 0, 0, 0, 0, 0, 0, 0, 0, 1, 0, 0, 0, 0, 0, 0, 0]",OFF,"[0, 0, 0, 0, 0, 0, 0, 0, 0, 0, 0, 0, 0, 0, 0, 0, 0, 0, 0, 0, 0, 0, 0, 0, 0, 0, 0, 0, 0, 0, 0, 0, 0, 0, 1, 0, 0, 0, 0, 0, 0, 0, 0, 0, 0, 0, 0, 0, 0, 1, 0, 0, 0, 0, 0, 0, 0]","පකයලා, පකයලා",1
997358697163575301,"Genocide කියන වචනෙ තේරුම දැනගෙනද දන්නෑ අර ලබ්බෙ hashtag එක හැදුවෙ.... intentional massacre එකක්ද සිද්ද වුණේ? දෙමල මිනිස්සු විතරද මැරුණේ? සිංහල, මුස්ලිම්, බර්ගර් මිනිස්සු දාස් ග⁣ණං බල්ලො බලල්ලු ගානට පාරවල්වල මැරිලා ගියෙ නැද්ද? කලගුණ දන්නැති කාලකණ්ණි.","Genocide කියන වචනෙ තේරුම දැනගෙනද දන්නෑ අර ලබ්බෙ hashtag එක හැදුවෙ . . . . intentional massacre එකක්ද සිද්ද වුණේ ? දෙමල මිනිස්සු විතරද මැරුණේ ? සිංහල , මුස්ලිම් , බර්ගර් මිනිස්සු දාස් ග⁣ණං බල්ලො බලල්ලු ගානට පාරවල්වල මැරිලා ගියෙ නැද්ද ? කලගුණ දන්නැති කාලකණ්ණි .","[0, 0, 0, 0, 0, 0, 0, 1, 0, 0, 0, 0, 0, 0, 0, 0, 0, 0, 0, 0, 0, 0, 0, 0, 0, 0, 0, 0, 0, 0, 0, 0, 0, 0, 1, 1, 0, 0, 0, 0, 0, 0, 0, 0, 1, 0]",OFF,"[0, 0, 0, 0, 0, 0, 0, 1, 0, 0, 0, 0, 0, 0, 0, 0, 0, 0, 0, 0, 0, 0, 0, 0, 0, 0, 0, 0, 0, 0, 0, 0, 0, 0, 1, 1, 0, 0, 0, 0, 0, 0, 0, 0, 1, 0]","ලබ්බෙ, බල්ලො, බලල්ලු, කාලකණ්ණි",1
1123465029393747970,නාකි කස්ටෙක් මට බැන්නා ඊයේ   මන් සැලුනේ නෑ මිත්‍රෝරුනි හුම්  එච්චර වයසට ගිහිල්ලත් මෑන්ස්ගෙ මොලේ තියෙන්නේ කොහෙද කියලා මට තේරුනා. මන් හිතුවෙ කෑගහපු හැටියට නහරයක් පුපුරලා මැරෙයි කියලා   මට ඒකයි දුක හිතුනෙ තවත්.,නාකි කස්ටෙක් මට බැන්නා ඊයේ මන් සැලුනේ නෑ මිත්‍රෝරුනි හුම් එච්චර වයසට ගිහිල්ලත් මෑන්ස්ගෙ මොලේ තියෙන්නේ කොහෙද කියලා මට තේරුනා . මන් හිතුවෙ කෑගහපු හැටියට නහරයක් පුපුරලා මැරෙයි කියලා මට ඒකයි දුක හිතුනෙ තවත් .,"[1, 0, 0, 0, 0, 0, 0, 0, 0, 0, 0, 0, 0, 0, 0, 0, 0, 0, 0, 0, 0, 0, 0, 0, 0, 0, 0, 0, 0, 0, 0, 0, 0, 0, 0]",OFF,"[1, 0, 0, 0, 0, 0, 0, 0, 0, 0, 0, 0, 0, 0, 0, 0, 0, 0, 0, 0, 0, 0, 0, 0, 0, 0, 0, 0, 0, 0, 0, 0, 0, 0, 0]",නාකි,1
1453267462934470662,@USER ඔය හදිස්සිය නැත්තේ ඇයි  පාස්කූ ප්‍රහාරයේ පරික්ෂණ වලට,@USER ඔය හදිස්සිය නැත්තේ ඇයි පාස්කූ ප්‍රහාරයේ පරික්ෂණ වලට,[],NOT,[],,0
1185153749494484992,@USER නරකද වී නිෂ්පාදන වියදම් අඩුකරලා ගොවියායි පාරිභෝගිකයයි දෙන්නටම සහනයක් සැලැස්සුවා නම්...,@USER නරකද වී නිෂ්පාදන වියදම් අඩුකරලා ගොවියායි පාරිභෝගිකයයි දෙන්නටම සහනයක් සැලැස්සුවා නම් . . .,[],NOT,[],,0
1127587765179142145,@USER පෞ යකෝ ඊට පස්සෙ පොරව දාලා බෝම්බ හදයි. ඊට පස්සෙ සෙනග ගැවසෙන තැනක පුපුරවයි. පොහ් ගාලා බොල් හඩකින් අදෝවාතයක් ගියා වගේ සීන් එකක් වෙයි. එතකොට බෝම්බෙ බැදන් යන බුවා පෞ. ඌට යන්න වෙන්නෑ ස්වර්ගෙ,@USER පෞ යකෝ ඊට පස්සෙ පොරව දාලා බෝම්බ හදයි . ඊට පස්සෙ සෙනග ගැවසෙන තැනක පුපුරවයි. පොහ් ගාලා බොල් හඩකින් අදෝවාතයක් ගියා වගේ සීන් එකක් වෙයි . එතකොට බෝම්බෙ බැදන් යන බුවා පෞ . ඌට යන්න වෙන්නෑ ස්වර්ගෙ,[],NOT,[],,0
1043186511041024000,ලංකාවේ පලවෙනි සයිපර් බිස්කට් එක - වෙපර්ස් සෛපර් කෙරුව පලවෙනි ලංකන් ඇමති - පෛසර් මුස්තාපා ලංකාවේ පලවෙනි සයිපර් ඇමති - පයිසර් ලංකාවේ පලවෙනි සයිපර් කාන්තාව - වයිපරේ රෝමේ රෙද්ද උස්සන් යන සයිපර් - සීසර්   #රතුමකරාFM #SinhalaRapwithRanuka,ලංකාවේ පලවෙනි සයිපර් බිස්කට් එක - වෙපර්ස් සෛපර් කෙරුව පලවෙනි ලංකන් ඇමති - පෛසර් මුස්තාපා ලංකාවේ පලවෙනි සයිපර් ඇමති - පයිසර් ලංකාවේ පලවෙනි සයිපර් කාන්තාව - වයිපරේ රෝමේ රෙද්ද උස්සන් යන සයිපර් - සීසර් # රතුමකරාFM # SinhalaRapwithRanuka,[],NOT,[],,0
1238673586057097216,කොටේව ඇඳන් බහිද්දි කිම්බ කියනෝ.. මං මේ අඟලක් උඩි න්..,කොටේව ඇඳන් බහිද්දි කිම්බ කියනෝ . . මං මේ අඟලක් උඩි න් . .,"[0, 0, 0, 1, 0, 0, 0, 0, 0, 0, 0, 0, 0, 0]",OFF,"[0, 0, 0, 1, 0, 0, 0, 0, 0, 0, 0, 0, 0, 0]",කිම්බ,1
1104447888157925377,@USER  තිරණය ජනතාවගේ නමුත් නියම ඩ්‍රිම් ස්ටාර් රවින් තරැක ජය වේවා සුභ දවසක් වේවා සැම⁣⁣ට සිතන්න යමක්,@USER තිරණය ජනතාවගේ නමුත් නියම ඩ්‍රිම් ස්ටාර් රවින් තරැක ජය වේවා සුභ දවසක් වේවා සැම⁣⁣ට සිතන්න යමක්,[],NOT,[],,0
774635586191699974,Birthday ekata අපිට party එකක් නොදී බේරෙන එක අමාරු වැඩක් නෙවේ.. කරන්න බැරිවැඩක්,Birthday ekata අපිට party එකක් නොදී බේරෙන එක අමාරු වැඩක් නෙවේ . . කරන්න බැරිවැඩක්,[],NOT,[],,0
1146596293587984384,මේවගේ බැල්ලි යන්ට අපි උත්තර දෙන්න පසුබට වෙන්නේ නැහැ ශෙයාර් කරන්න URL via  @USER,මේවගේ බැල්ලි යන්ට අපි උත්තර දෙන්න පසුබට වෙන්නේ නැහැ ශෙයාර් කරන්න URL via @USER,"[0, 1, 0, 0, 0, 0, 0, 0, 0, 0, 0, 0, 0, 0]",OFF,"[0, 1, 0, 0, 0, 0, 0, 0, 0, 0, 0, 0, 0, 0]",බැල්ලි,1
1159021681194618881,"කෑම ඔතපු කොළේ පිඹුරෙක් දැක් ඇති වූ කතා බහක්   ඕකට ඊයා කියන්නේ මොකටද. පිඹුරා අප්පිරියා නෑ. මාරම සොෆ්ට් හරියට AC එකේ තිබ්බ වෙල්වට් රෙද්දක් වගේ.  ඊයා ජරා ගොඩකම බඩ ගාලා එන එකාව බෙල්ලේ දාගන්න.  සෙවල වගේ ඇති ජරාව  උන් එහෙම නෑ යකෝ.  නැත්තේ මොකද, නයා නම් තව කමක් නෑ කුලේ හරි උසස්","කෑම ඔතපු කොළේ පිඹුරෙක් දැක් ඇති වූ කතා බහක් ඕකට ඊයා කියන්නේ මොකටද . පිඹුරා අප්පිරියා නෑ . මාරම සොෆ්ට් හරියට AC එකේ තිබ්බ වෙල්වට් රෙද්දක් වගේ . ඊයා ජරා ගොඩකම බඩ ගාලා එන එකාව බෙල්ලේ දාගන්න . සෙවල වගේ ඇති ජරාව උන් එහෙම නෑ යකෝ . නැත්තේ මොකද , නයා නම් තව කමක් නෑ කුලේ හරි උසස්",[],NOT,[],,0
1345753476626743296,"@USER සමහර උන්ගේ TL පුරාවමට තියෙන්නේ හින්ට් ගහපුවා, සබ් ගහපුවා. සාපලත් නෙවෙයිද කියහංකො? පොඩ්ඩක් විනෝදෙන් ඉන්න නොතේරෙන හැත්ත","@USER සමහර උන්ගේ TL පුරාවමට තියෙන්නේ හින්ට් ගහපුවා , සබ් ගහපුවා . සාපලත් නෙවෙයිද කියහංකො ? පොඩ්ඩක් විනෝදෙන් ඉන්න නොතේරෙන හැත්ත","[0, 0, 0, 0, 0, 0, 0, 0, 0, 0, 0, 0, 1, 0, 0, 0, 0, 0, 0, 0, 1]",OFF,"[0, 0, 0, 0, 0, 0, 0, 0, 0, 0, 0, 0, 1, 0, 0, 0, 0, 0, 0, 0, 1]","සාපලත්, හැත්ත",1
1237061409420251137,@USER අත් වැරදීමක් නෙමේ.නීතිය බලු නොවී එක්මනින් සාදාරනය කරන්න ඔණී නැවත මෙවැනි දේ සිද්ද වෙන්න ඉඩ නොතබන්න අපේ රටේ නීතිය ක්‍රීයාත්මක වෙන්නම ඕණි,@USER අත් වැරදීමක් නෙමේ . නීතිය බලු නොවී එක්මනින් සාදාරනය කරන්න ඔණී නැවත මෙවැනි දේ සිද්ද වෙන්න ඉඩ නොතබන්න අපේ රටේ නීතිය ක්‍රීයාත්මක වෙන්නම ඕණි,[],NOT,[],,0
948209854942011392,"මේ දීමනාව භාවිතා කොට , මේ සක්කිලි හැත්තගේ පුකේ මුද්දර ගසා මුරුසි දිවයිනට තැපල් කල යුතුය. #ජනපතිගෙන්තෑගි Azzam Ameen @USER  · 2 Jan 2018 The annual free stamp allowance for MPs increased 100% from January 1st. Stamp allowance of Rs.175,000 a year will be increased to Rs. 350,000 a year","මේ දීමනාව භාවිතා කොට , මේ සක්කිලි හැත්තගේ පුකේ මුද්දර ගසා මුරුසි දිවයිනට තැපල් කල යුතුය . # ජනපතිගෙන්තෑගි Azzam Ameen @USER 2 Jan 2018 The annual free stamp allowance for MPs increased 100 % from January 1st . Stamp allowance of Rs . 175 , 000 a year will be increased to Rs . 350 , 000 a year","[0, 0, 0, 0, 0, 0, 1, 1, 1, 1, 0, 0, 0, 0, 0, 0, 0, 0, 0, 0, 0, 0, 0, 0, 0, 0, 0, 0, 0, 0, 0, 0, 0, 0, 0, 0, 0, 0, 0, 0, 0, 0, 0, 0, 0, 0, 0, 0, 0, 0, 0, 0, 0, 0, 0, 0, 0, 0, 0, 0]",OFF,"[0, 0, 0, 0, 0, 0, 1, 1, 1, 1, 0, 0, 0, 0, 0, 0, 0, 0, 0, 0, 0, 0, 0, 0, 0, 0, 0, 0, 0, 0, 0, 0, 0, 0, 0, 0, 0, 0, 0, 0, 0, 0, 0, 0, 0, 0, 0, 0, 0, 0, 0, 0, 0, 0, 0, 0, 0, 0, 0, 0]","සක්කිලි, හැත්තගේ, පුකේ, මුද්දර",1
1218581336228651008,රන්ජන්ගේ තවත් හඬ පටයක් නිකුත් වේ.. අසාම් අමීන්ගේ ස්වාධීන රෙද්ද ගැලවේ.. URL,රන්ජන්ගේ තවත් හඬ පටයක් නිකුත් වේ . . අසාම් අමීන්ගේ ස්වාධීන රෙද්ද ගැලවේ . . URL,"[0, 0, 0, 0, 0, 0, 0, 0, 0, 0, 0, 1, 1, 0, 0, 0]",OFF,"[0, 0, 0, 0, 0, 0, 0, 0, 0, 0, 0, 1, 1, 0, 0, 0]","රෙද්ද, ගැලවේ",1
1297903529042931713,@USER පිස්සුදෝත්තෝ කුනුහබ්බ කියන්න එපා පකෝ,@USER පිස්සුදෝත්තෝ කුනුහබ්බ කියන්න එපා පකෝ,"[0, 1, 0, 0, 0, 1]",OFF,"[0, 1, 0, 0, 0, 1]","පිස්සුදෝත්තෝ, පකෝ",1
1197571383796125697,මගේ ජීවීතේට දැකපු අප්පිරියම අසික්කිතය මූද මංදා. අනේ අම්මපා මූ කියන ඒවා RT කරන උන් ඉන්නවනෙ තාම. මූ වගේම අප්පිරියයි ඕයි තොපිත්.  එක්කො දන්න ලබ්බක් ගැන කියවන්න ඕනි.කෙලලා කෙලලා පින්සිරියා එනවා මෙතන බුද්ධ දර්ශනේ කතා කරන්න.   තුක් නොදකින්. තූ තූ...   #lka Mangala Samaraweera @USER  · 21 Nov 2019 The Sangha must not demand respect merely because of the saffron robe. They must earn that respect by being true disciples of the Dhamma of Siddhartha Gautama.,මගේ ජීවීතේට දැකපු අප්පිරියම අසික්කිතය මූද මංදා . අනේ අම්මපා මූ කියන ඒවා RT කරන උන් ඉන්නවනෙ තාම . මූ වගේම අප්පිරියයි ඕයි තොපිත් . එක්කො දන්න ලබ්බක් ගැන කියවන්න ඕනි . කෙලලා කෙලලා පින්සිරියා එනවා මෙතන බුද්ධ දර්ශනේ කතා කරන්න . තුක් නොදකින් . තූ තූ . . . # lka Mangala Samaraweera @USER 21 Nov 2019 The Sangha must not demand respect merely because of the saffron robe . They must earn that respect by being true disciples of the Dhamma of Siddhartha Gautama .,"[0, 0, 0, 0, 1, 0, 0, 0, 0, 0, 1, 0, 0, 0, 0, 0, 0, 0, 0, 1, 0, 0, 0, 1, 0, 0, 0, 1, 0, 0, 0, 0, 0, 0, 0, 0, 0, 0, 0, 0, 0, 0, 1, 1, 0, 1, 1, 0, 0, 0, 0, 0, 0, 0, 0, 0, 0, 0, 0, 0, 0, 0, 0, 0, 0, 0, 0, 0, 0, 0, 0, 0, 0, 0, 0, 0, 0, 0, 0, 0, 0, 0, 0, 0, 0, 0, 0]",OFF,"[0, 0, 0, 0, 1, 0, 0, 0, 0, 0, 1, 0, 0, 0, 0, 0, 0, 0, 0, 1, 0, 0, 0, 1, 0, 0, 0, 1, 0, 0, 0, 0, 0, 0, 0, 0, 0, 0, 0, 0, 0, 0, 1, 1, 0, 1, 1, 0, 0, 0, 0, 0, 0, 0, 0, 0, 0, 0, 0, 0, 0, 0, 0, 0, 0, 0, 0, 0, 0, 0, 0, 0, 0, 0, 0, 0, 0, 0, 0, 0, 0, 0, 0, 0, 0, 0, 0]","අසික්කිතය, මූ, මූ, තොපිත්, ලබ්බක්, තුක්, නොදකින්, තූ, තූ",1
1443039325533446153,"අපි හරි කැමතියී තාලයක් තියන කියමන් වලට. ""බඩ ගැන නොවෙයී, රට ගැන හිතන්න"" කීවේ දාර වීරයෝ වගේ. ඒක වුනාම දැන් කෙදිරිගාගන්න පණ නැහැ. ""රණ විරුවන්ට රට දෙන්න"" කියන එකත් ඔහොම වෙන්න තියෙන එකක්. ඒක වෙච්ච දාට අමුඩේ හුජ්ජ යන්නේ.","අපි හරි කැමතියී තාලයක් තියන කියමන් වලට . "" බඩ ගැන නොවෙයී , රට ගැන හිතන්න "" කීවේ දාර වීරයෝ වගේ . ඒක වුනාම දැන් කෙදිරිගාගන්න පණ නැහැ . "" රණ විරුවන්ට රට දෙන්න "" කියන එකත් ඔහොම වෙන්න තියෙන එකක් . ඒක වෙච්ච දාට අමුඩේ හුජ්ජ යන්නේ .","[0, 0, 0, 0, 0, 0, 0, 0, 0, 0, 0, 0, 0, 0, 0, 0, 0, 0, 0, 0, 0, 0, 0, 0, 0, 0, 0, 0, 0, 0, 0, 0, 0, 0, 0, 0, 0, 0, 0, 0, 0, 0, 0, 0, 0, 0, 1, 1, 0]",OFF,"[0, 0, 0, 0, 0, 0, 0, 0, 0, 0, 0, 0, 0, 0, 0, 0, 0, 0, 0, 0, 0, 0, 0, 0, 0, 0, 0, 0, 0, 0, 0, 0, 0, 0, 0, 0, 0, 0, 0, 0, 0, 0, 0, 0, 0, 0, 1, 1, 0]","හුජ්ජ, යන්නේ",1
1152588127032270848,දෙමළ සක්කිලි බල්ලන්ව නාවමූ Sadisha Nimsara @USER  · 20 Jul 2019 නාන්න කියාපු දවස twitter.com/thamindu_/stat…,දෙමළ සක්කිලි බල්ලන්ව නාවමූ Sadisha Nimsara @USER 20 Jul 2019 නාන්න කියාපු දවස twitter . com / thamindu_ / stat,"[1, 1, 1, 0, 0, 0, 0, 0, 0, 0, 0, 0, 0, 0, 0, 0, 0, 0, 0, 0]",OFF,"[1, 1, 1, 0, 0, 0, 0, 0, 0, 0, 0, 0, 0, 0, 0, 0, 0, 0, 0, 0]","දෙමළ, සක්කිලි, බල්ලන්ව",1
1320691492050980864,@USER මේ මිනිහා මොනව කියනවද මන්දා...,@USER මේ මිනිහා මොනව කියනවද මන්දා . . .,[],NOT,[],,0
873085797066448898,මේ පිස්සු බල්ලා බැද දමනු.. මාධ්‍යවේදීන් මරන්න එන ජෝන්ට සැර ප‍්‍රහාරයක්.. URL,මේ පිස්සු බල්ලා බැද දමනු . . මාධ්‍යවේදීන් මරන්න එන ජෝන්ට සැර ප‍්‍රහාරයක් . . URL,[],NOT,[],,0
1290921531418144772,"@USER  @USER වේසකමේ ගිහින් ජාතක වෙච්ච උඹ, අම්මගෙන් අහපන් පුලුවන් නම් එදා ඇනපු එකාගේ එක හිට්ටේ හරහටද කියලා පොඩ්ඩක්. ඊට කලින් පොඩ්ඩක් හොයලා බලපන් එදා කීදෙනෙක් ඉදලද කියලා. එතන අනිවාර්යයෙන්ම බිජ්ජ කොට එකෙක් ඉදලා තියනවා. ඒකයි උඹ දකින හැමඑකාගෙන්ම ලොකුද පොඩිද අහන්නේ.","@USER @USER වේසකමේ ගිහින් ජාතක වෙච්ච උඹ , අම්මගෙන් අහපන් පුලුවන් නම් එදා ඇනපු එකාගේ එක හිට්ටේ හරහටද කියලා පොඩ්ඩක් . ඊට කලින් පොඩ්ඩක් හොයලා බලපන් එදා කීදෙනෙක් ඉදලද කියලා . එතන අනිවාර්යයෙන්ම බිජ්ජ කොට එකෙක් ඉදලා තියනවා . ඒකයි උඹ දකින හැමඑකාගෙන්ම ලොකුද පොඩිද අහන්නේ .","[0, 0, 1, 0, 0, 0, 1, 0, 0, 0, 0, 0, 0, 0, 0, 0, 0, 0, 0, 0, 0, 0, 0, 0, 0, 0, 0, 0, 0, 0, 0, 0, 0, 1, 0, 0, 0, 0, 0, 0, 1, 0, 0, 0, 0, 0, 0]",OFF,"[0, 0, 1, 0, 0, 0, 1, 0, 0, 0, 0, 0, 0, 0, 0, 0, 0, 0, 0, 0, 0, 0, 0, 0, 0, 0, 0, 0, 0, 0, 0, 0, 0, 1, 0, 0, 0, 0, 0, 0, 1, 0, 0, 0, 0, 0, 0]","වේසකමේ, උඹ, බිජ්ජ, උඹ",1
750597055492612096,@USER ස්විට්සර් ලන්තෙත් මාසෙන් කයි.,@USER ස්විට්සර් ලන්තෙත් මාසෙන් කයි .,[],NOT,[],,0
835168962543431680,@USER ඌට පොවන්න ඕන හුජ්ජ.. බීපිය පාහරයා කියලා..,@USER ඌට පොවන්න ඕන හුජ්ජ . . බීපිය පාහරයා කියලා . .,"[0, 1, 0, 0, 1, 0, 0, 1, 1, 0, 0, 0]",OFF,"[0, 1, 0, 0, 1, 0, 0, 1, 1, 0, 0, 0]","ඌට, හුජ්ජ, බීපිය, පාහරයා",1
1231946084039241734,"එම ""කැරි"" ප්‍රාණවාචී කිරීමෙ ""කැරියා"" යබ කුනුහරපය හටගනී...  (4)ලිංගිකත්වය ආශ්‍රිත රැකියා මුල්කරගෙනද කුනුහරප හටගනී...  ගණිකාව,වෛශ්‍යාව=වේසි,බඩුව  (5)ඉහත දැක්වූ මූලික කුනුහරප දෙකක් එක්වීමෙන් නව කුනුහරප හටගනී...  වේස හුත්තා වේස හුත්තී පොන්න පකයා පොන්න කැරියා කැරි පොන්නයා පොන්න පකයා","එම "" කැරි "" ප්‍රාණවාචී කිරීමෙ "" කැරියා "" යබ කුනුහරපය හටගනී . . . ( 4 ) ලිංගිකත්වය ආශ්‍රිත රැකියා මුල්කරගෙනද කුනුහරප හටගනී . . . ගණිකාව , වෛශ්‍යාව=වේසි , බඩුව ( 5 ) ඉහත දැක්වූ මූලික කුනුහරප දෙකක් එක්වීමෙන් නව කුනුහරප හටගනී . . . වේස හුත්තා වේස හුත්තී පොන්න පකයා පොන්න කැරියා කැරි පොන්නයා පොන්න පකයා","[0, 0, 1, 0, 0, 0, 0, 1, 0, 0, 0, 0, 0, 0, 0, 0, 0, 0, 0, 0, 0, 0, 0, 0, 0, 0, 0, 0, 0, 0, 0, 0, 0, 0, 0, 0, 0, 0, 0, 0, 0, 0, 0, 0, 0, 0, 0, 1, 1, 1, 1, 1, 1, 1, 1, 1, 1, 1, 1]",OFF,"[0, 0, 1, 0, 0, 0, 0, 1, 0, 0, 0, 0, 0, 0, 0, 0, 0, 0, 0, 0, 0, 0, 0, 0, 0, 0, 0, 0, 0, 0, 0, 0, 0, 0, 0, 0, 0, 0, 0, 0, 0, 0, 0, 0, 0, 0, 0, 1, 1, 1, 1, 1, 1, 1, 1, 1, 1, 1, 1]","කැරි, කැරියා, වේස, හුත්තා, වේස, හුත්තී, පොන්න, පකයා, පොන්න, කැරියා, කැරි, පොන්නයා, පොන්න, පකයා",1
615773657831321600,ඒ පාර සුමනපාල. කෝ යකෝ එතකොට සිරිපාලට මොකද වුනේ??  #bot,ඒ පාර සුමනපාල . කෝ යකෝ එතකොට සිරිපාලට මොකද වුනේ ? ? # bot,[],NOT,[],,0
1233241237551034368,@USER  @USER ඔයා මේ වගේ කැත කතා වලට සම්භන්ධ වෙන්න එපා මෙයා. මුං බැඳපු කොල්ලොන්ට ඉන්න දෙන්නෙත් නෑ...  කෙල්ලො මුං දිහා බලන් නෑ..,@USER @USER ඔයා මේ වගේ කැත කතා වලට සම්භන්ධ වෙන්න එපා මෙයා . මුං බැඳපු කොල්ලොන්ට ඉන්න දෙන්නෙත් නෑ . . . කෙල්ලො මුං දිහා බලන් නෑ . .,[],NOT,[],,0
1209456466945593345,@USER එතකොට රෝහිත ? මුන් ඔක්කොම හොරු තමයි හලෝ,@USER එතකොට රෝහිත ? මුන් ඔක්කොම හොරු තමයි හලෝ,[],NOT,[],,0
1076771910992650241,@USER  @USER    ටහුඩු  ලිලී බැරල් එක නේද මේ,@USER @USER ටහුඩු ලිලී බැරල් එක නේද මේ,[],NOT,[],,0
965227700850839552,@USER  @USER  @USER  ඔබේ අදහස් කිම? (කිම්බ නොවේ),@USER @USER @USER ඔබේ අදහස් කිම ? ( කිම්බ නොවේ ),[],NOT,[],,0
1207349551654461440,"@USER ,  @USER  @USER අවුරුදු 4 1/2 බලය තියාගෙන හොරුන්ව ආරක්ෂා කරපු පාපයටයි මේ වන්දිය","@USER , @USER @USER අවුරුදු 4 1 / 2 බලය තියාගෙන හොරුන්ව ආරක්ෂා කරපු පාපයටයි මේ වන්දිය",[],NOT,[],,0
1363787957535076355,මට දැණුන මං දන්න හෙවන උඹ   #අක්කාලව්එක,මට දැණුන මං දන්න හෙවන උඹ # අක්කාලව්එක,[],NOT,[],,0
1274325242446561280,@USER  @USER    අනේ පකෝ තෝ වගේ ගොන් හුත්තෙක් වල් වෙසිගේ පුතා,@USER @USER අනේ පකෝ තෝ වගේ ගොන් හුත්තෙක් වල් වෙසිගේ පුතා,"[0, 0, 0, 1, 1, 0, 1, 1, 0, 1, 1]",OFF,"[0, 0, 0, 1, 1, 0, 1, 1, 0, 1, 1]","පකෝ, තෝ, ගොන්, හුත්තෙක්, වෙසිගේ, පුතා",1
1435952526499610634,@USER මෙන්න මේ ආර්ථික ඔස්තාර්ලට රට  බාරදීල මුදල් ඇමති ඇමරිකාවට ගියොත් හොදයි. facebook.com Aluth Parlimenthuwa-අලුත් පාර්ලිමේන්තුව - අම්මේ ඒ කතාවල ලස්සන |... අම්මේ ඒ කතාවල ලස්සන... දැන් ඩොලර් එකක් රුපියල් 202යි..මාර වැඩේ ලංකාවට උනේ,@USER මෙන්න මේ ආර්ථික ඔස්තාර්ලට රට බාරදීල මුදල් ඇමති ඇමරිකාවට ගියොත් හොදයි . facebook . com Aluth Parlimenthuwa - අලුත් පාර්ලිමේන්තුව - අම්මේ ඒ කතාවල ලස්සන | . . . අම්මේ ඒ කතාවල ලස්සන . . . දැන් ඩොලර් එකක් රුපියල් 202යි . . මාර වැඩේ ලංකාවට උනේ,[],NOT,[],,0
926273415995985920,@USER  @USER තෝ දාන එ්වා අම්මයි තාත්තයි දැක්ක දවසට එ් මිනිස්සුන්ටත් හිතේවි  @USER  හරි කියල,@USER @USER තෝ දාන එ්වා අම්මයි තාත්තයි දැක්ක දවසට එ් මිනිස්සුන්ටත් හිතේවි @USER හරි කියල,"[0, 0, 1, 0, 0, 0, 0, 0, 0, 0, 0, 0, 0, 0, 0]",OFF,"[0, 0, 1, 0, 0, 0, 0, 0, 0, 0, 0, 0, 0, 0, 0]",තෝ,1
1159355187942719488,"@USER  ජනාධිපතිවරණය සමයේ දී කියපු ""සමහරක්"" කතා බොරු බව ක්‍රමිකව අධිකරණය ඉදිරියේ ඔප්පු වෙනවා ද?. නැත්තම් අධිකරණය ස්වාධීන නෑ කියල සාධාරණීකරණයක් දෙනවද ආණ්ඩුව මේ වෙලාවේ?","@USER ජනාධිපතිවරණය සමයේ දී කියපු "" සමහරක් "" කතා බොරු බව ක්‍රමිකව අධිකරණය ඉදිරියේ ඔප්පු වෙනවා ද ? . නැත්තම් අධිකරණය ස්වාධීන නෑ කියල සාධාරණීකරණයක් දෙනවද ආණ්ඩුව මේ වෙලාවේ ?","[0, 0, 0, 0, 0, 0, 1, 0, 0, 0, 0, 0, 0, 0, 0, 0, 0, 0, 0, 0, 0, 0, 0, 0, 0, 0, 0, 0, 0, 0]",OFF,"[0, 0, 0, 0, 0, 0, 1, 0, 0, 0, 0, 0, 0, 0, 0, 0, 0, 0, 0, 0, 0, 0, 0, 0, 0, 0, 0, 0, 0, 0]",සමහරක්,1
1403193059433717762,@USER අපි සතුටු වෙනවා  ශ්‍රී ලංකාවේ ජනාධිපති තුමා ඇමරිකන් නියෝජිතයෙක් නේද ?,@USER අපි සතුටු වෙනවා ශ්‍රී ලංකාවේ ජනාධිපති තුමා ඇමරිකන් නියෝජිතයෙක් නේද ?,[],NOT,[],,0
1459471958190424070,@USER . ස              .     .   .,@USER . ස . . .,[],NOT,[],,0
736221016389607426,එල එල... දැන්වත් පාරේ වාහන ටිකක් අඩු වේවා !!! අඩො අර FIT එකේ එන්ජින් එකට බොඩිය පුම්බලා ගහපු SUV කියන අර වාහනේ... URL,එල එල . . . දැන්වත් පාරේ වාහන ටිකක් අඩු වේවා ! ! ! අඩො අර FIT එකේ එන්ජින් එකට බොඩිය පුම්බලා ගහපු SUV කියන අර වාහනේ . . . URL,[],NOT,[],,0
1469975955875590144,@USER මෙච්චර කල් රාජපක්ෂලට හාල් ගරලා දැන් බයිලා කියෝනවා.,@USER මෙච්චර කල් රාජපක්ෂලට හාල් ගරලා දැන් බයිලා කියෝනවා .,[],NOT,[],,0
906016179399016450,@USER මේ ටිකේ ඩයට් කරන්න ට්‍රයි කරනවා ඩාලින්,@USER මේ ටිකේ ඩයට් කරන්න ට්‍රයි කරනවා ඩාලින්,[],NOT,[],,0
986819316367613952,@USER මුංව අල්ලන්ඩ එපා කියනව නෙමෙයි. මේ හාල්මැස්සො අල්ලන දැලට අර්ජුන් මහේන්ද්‍රන් වගේ මෝරු අහුවෙන්නෙ නැති එකයි පුදුමෙ !,@USER මුංව අල්ලන්ඩ එපා කියනව නෙමෙයි . මේ හාල්මැස්සො අල්ලන දැලට අර්ජුන් මහේන්ද්‍රන් වගේ මෝරු අහුවෙන්නෙ නැති එකයි පුදුමෙ !,[],NOT,[],,0
1473259680512155648,බයියනි තොපි තෙල් ගැහුවද? තෙල් ගහන්න හරි ඉන්න රටක් තියෙනවා නේ....  @USER  @USER,බයියනි තොපි තෙල් ගැහුවද ? තෙල් ගහන්න හරි ඉන්න රටක් තියෙනවා නේ . . . . @USER @USER,[],OFF,[],,1
1281182519623376897,"@USER Bro  @USER  , එහෙනන් ලබ්බටද යකෝ අවුරුදු 5ක් ඕව විසදුවේ නැත්තේ. -_-","@USER Bro @USER , එහෙනන් ලබ්බටද යකෝ අවුරුදු 5ක් ඕව විසදුවේ නැත්තේ . - _ -","[0, 0, 0, 0, 0, 1, 1, 0, 0, 0, 0, 0, 0, 0, 0, 0]",OFF,"[0, 0, 0, 0, 0, 1, 1, 0, 0, 0, 0, 0, 0, 0, 0, 0]","ලබ්බටද, යකෝ",1
1380745859969679360,@USER රට ඉදන් අරුන් හෙන ගේමක් ගහල මේ රට unstable කරොත් එදාට ඔයා දැන් මේ කරන සක්කිලි වැඩේට පව් පල දෙන්නේ උඩ ඉදන් කුණු වෙලා...,@USER රට ඉදන් අරුන් හෙන ගේමක් ගහල මේ රට unstable කරොත් එදාට ඔයා දැන් මේ කරන සක්කිලි වැඩේට පව් පල දෙන්නේ උඩ ඉදන් කුණු වෙලා . . .,"[0, 0, 0, 0, 0, 0, 0, 0, 0, 0, 0, 0, 0, 0, 0, 0, 1, 0, 0, 0, 0, 0, 0, 0, 0, 0, 0, 0]",OFF,"[0, 0, 0, 0, 0, 0, 0, 0, 0, 0, 0, 0, 0, 0, 0, 0, 1, 0, 0, 0, 0, 0, 0, 0, 0, 0, 0, 0]",සක්කිලි,1
1120592740130131968,@USER ඉල්ලා අස්වෙයන් බොරැ ශො නැතිව,@USER ඉල්ලා අස්වෙයන් බොරැ ශො නැතිව,[],NOT,[],,0
926030112910221312,@USER  @USER උඹ ඔය එක එක මගුල් වල රෙජිස්ටර් වෙලා තමයි මේ ස්පෑම් DM එන්නෙ,@USER @USER උඹ ඔය එක එක මගුල් වල රෙජිස්ටර් වෙලා තමයි මේ ස්පෑම් DM එන්නෙ,[],NOT,[],,0
941720939158421504,@USER මට තමුසෙ රැවුල වවාගත්ත හැටි කියනවකො.මටත් වවා ගන්න,@USER මට තමුසෙ රැවුල වවාගත්ත හැටි කියනවකො . මටත් වවා ගන්න,[],NOT,[],,0
1308122973954428928,එන්න බබා... ඔයාගේ කිම්බට හුකන්නම් හොඳට... පයිය උඩට කෙල දාලා ගන්න..,එන්න බබා . . . ඔයාගේ කිම්බට හුකන්නම් හොඳට . . . පයිය උඩට කෙල දාලා ගන්න . .,"[0, 0, 0, 0, 0, 0, 1, 1, 0, 0, 0, 0, 1, 0, 0, 0, 0, 0, 0]",OFF,"[0, 0, 0, 0, 0, 0, 1, 1, 0, 0, 0, 0, 1, 0, 0, 0, 0, 0, 0]","කිම්බට, හුකන්නම්, පයිය",1
998266543728308224,@USER  @USER ඇයි අයිසෙ මාව මෙන්සන් කරේ..,@USER @USER ඇයි අයිසෙ මාව මෙන්සන් කරේ . .,[],NOT,[],,0
668084549671350272,කලේ ගාන හන්දියේ පකෝ.. >:( එකෙක් හරි ඇවිත් අරන් පල,කලේ ගාන හන්දියේ පකෝ . . > : ( එකෙක් හරි ඇවිත් අරන් පල,"[0, 0, 0, 1, 0, 0, 0, 0, 0, 0, 0, 0, 0, 0]",OFF,"[0, 0, 0, 1, 0, 0, 0, 0, 0, 0, 0, 0, 0, 0]",පකෝ,1
1139180662605271040,ඉන්දියාව හඳටත් යනවා ඔන්න. විස්තරය කියවන්න. රටක් ලෙස අප ඉන්නේ කොතැනදැයි නැවත සිතන්න. දිගට ම මෙහෙම පිස්සු නටමු ද? නැතිනම් අසල්වැසි රට දිහාවත් බලාගෙන හැදෙමු ද? URL,ඉන්දියාව හඳටත් යනවා ඔන්න . විස්තරය කියවන්න . රටක් ලෙස අප ඉන්නේ කොතැනදැයි නැවත සිතන්න . දිගට ම මෙහෙම පිස්සු නටමු ද ? නැතිනම් අසල්වැසි රට දිහාවත් බලාගෙන හැදෙමු ද ? URL,[],NOT,[],,0
603498220761817088,එක්කෙනෙක් බැංකුවට ගිහින් එයාගෙම Account එකෙන් සල්ලි අරගෙන ඒ වෙලාවේම එයාගෙම account එකට දාල  @USER  කවුද බන් ඒ හරකා,එක්කෙනෙක් බැංකුවට ගිහින් එයාගෙම Account එකෙන් සල්ලි අරගෙන ඒ වෙලාවේම එයාගෙම account එකට දාල @USER කවුද බන් ඒ හරකා,[],NOT,[],,0
1418414758177476609,ටික දවසකට කලින් ගුරුවරුන්ට කවි ලිව්වා … දැන් සාප කරනවා  ටික දවසකට කලින් බදුර්දීන්ට සාප කරා … දැන් කවි ලියනවා   යසයි යසයි,ටික දවසකට කලින් ගුරුවරුන්ට කවි ලිව්වා දැන් සාප කරනවා ටික දවසකට කලින් බදුර්දීන්ට සාප කරා දැන් කවි ලියනවා යසයි යසයි,[],NOT,[],,0
1317333016272801792,@USER ඔතනින් අයින් වෙච්ච එක හොඳයි. තව හිටිය නං තව ළමයි කී දාහකට කුඩු පොවයිද,@USER ඔතනින් අයින් වෙච්ච එක හොඳයි . තව හිටිය නං තව ළමයි කී දාහකට කුඩු පොවයිද,[],NOT,[],,0
1325317030820581377,@USER  @USER ඒකට මෝඩ සුප්පත් රිංගලා,@USER @USER ඒකට මෝඩ සුප්පත් රිංගලා,"[0, 0, 0, 1, 0, 0]",OFF,"[0, 0, 0, 1, 0, 0]",මෝඩ,1
756328681866338304,ඒක මරු වීඩියෝ කෑල්ල...සුබ ඩවසක් හෙලේනාට...,ඒක මරු වීඩියෝ කෑල්ල . . . සුබ ඩවසක් හෙලේනාට . . .,[],NOT,[],,0
648518838519209986,UN යෝජනාවට විරුද්ද වීම මෝඩ වැඩක්! එස්.බී. දිසානායක | Colombo News Today URL,UN යෝජනාවට විරුද්ද වීම මෝඩ වැඩක් ! එස්.බී. දිසානායක | Colombo News Today URL,[],NOT,[],,0
1470027872723435520,"@USER  @USER පැය 24ම තෝ මේ කෙල්ල අල්ලන් දෙන දුකක්, මෙන්ශන් කලත් කතාකරන්නවත් වෙලාවක් දෙන්නෙ නෑනෙ ඇබලයෝ.. කෙල්ලටත් නිදහසක් දියන්... උබෙ ගෑනි.. මගෙ නංගී..","@USER @USER පැය 24ම තෝ මේ කෙල්ල අල්ලන් දෙන දුකක් , මෙන්ශන් කලත් කතාකරන්නවත් වෙලාවක් දෙන්නෙ නෑනෙ ඇබලයෝ . . කෙල්ලටත් නිදහසක් දියන් . . . උබෙ ගෑනි . . මගෙ නංගී . .","[0, 0, 0, 0, 0, 0, 0, 0, 0, 0, 0, 0, 0, 0, 0, 0, 0, 1, 0, 0, 0, 0, 0, 0, 0, 0, 0, 0, 0, 0, 0, 0, 0, 0]",OFF,"[0, 0, 0, 0, 0, 0, 0, 0, 0, 0, 0, 0, 0, 0, 0, 0, 0, 1, 0, 0, 0, 0, 0, 0, 0, 0, 0, 0, 0, 0, 0, 0, 0, 0]",ඇබලයෝ,1
1327139930481504256,@USER  @USER ස්තූතියි මිතුර   සෝනාගේ ට්වීට් එක කියෙව්වම තව දෙයක් මතක් උනා. ගෑණියෙක් හම්බු උනාම ඒ ගෑණි තමන්ගෙ හිතළු වලින් ජජ් කරලා කොල්ලට කියනවා අහවල්ලු ආශ්‍රය කරන්නෙපා කියලා. එව්වා අහලා අර හරක් ඒකම කරනවත් මං දැකලා තියෙනවා.   එතකොටත් ඒක උන්ගේ කැමැත්තනේ කියලා අයින් වෙලා යන්න ඕනේ,@USER @USER ස්තූතියි මිතුර සෝනාගේ ට්වීට් එක කියෙව්වම තව දෙයක් මතක් උනා . ගෑණියෙක් හම්බු උනාම ඒ ගෑණි තමන්ගෙ හිතළු වලින් ජජ් කරලා කොල්ලට කියනවා අහවල්ලු ආශ්‍රය කරන්නෙපා කියලා . එව්වා අහලා අර හරක් ඒකම කරනවත් මං දැකලා තියෙනවා . එතකොටත් ඒක උන්ගේ කැමැත්තනේ කියලා අයින් වෙලා යන්න ඕනේ,[],NOT,[],,0
1303326144012271620,@USER අයාලෙ යන හරක් කියන්නෙ අපේ වනෝද්‍යාන වලට තියෙන ලොකු ප්‍රස්නයක්. දැනටත් ප්‍රස්න්‍යක් වෙල තියෙන හරක් ඉස්සරහට මරන්නෙම නෑ කියන්නෙ..නාකි හරක් ගැටළුවක් පෙන්ඩින්..,@USER අයාලෙ යන හරක් කියන්නෙ අපේ වනෝද්‍යාන වලට තියෙන ලොකු ප්‍රස්නයක් . දැනටත් ප්‍රස්න්‍යක් වෙල තියෙන හරක් ඉස්සරහට මරන්නෙම නෑ කියන්නෙ . . නාකි හරක් ගැටළුවක් පෙන්ඩින් . .,[],NOT,[],,0
1244273083831255040,"@USER ,  @USER  @USER ඉස්සෙල්ල පයිය නග්ගන් හිටපං ගෑනු තුනක් ඉස්සරහ නිකං පීචං වෙන්නෙ නැතුව. පයිය පෙන්ටෝච් කෑල්ල වගේ තියාගෙන හැමනෙන්ඩ හදන ගොං වේසිගෙ පුතා. තෝ හොඳ පුක දෙන්ඩ පකෝ.","@USER , @USER @USER ඉස්සෙල්ල පයිය නග්ගන් හිටපං ගෑනු තුනක් ඉස්සරහ නිකං පීචං වෙන්නෙ නැතුව. පයිය පෙන්ටෝච් කෑල්ල වගේ තියාගෙන හැමනෙන්ඩ හදන ගොං වේසිගෙ පුතා . තෝ හොඳ පුක දෙන්ඩ පකෝ .","[0, 0, 0, 0, 0, 1, 0, 0, 0, 0, 0, 0, 0, 0, 0, 1, 0, 0, 0, 0, 0, 0, 1, 1, 0, 0, 1, 0, 1, 0, 1, 0]",OFF,"[0, 0, 0, 0, 0, 1, 0, 0, 0, 0, 0, 0, 0, 0, 0, 1, 0, 0, 0, 0, 0, 0, 1, 1, 0, 0, 1, 0, 1, 0, 1, 0]","පයිය, පයිය, ගොං, වේසිගෙ, තෝ, පුක, පකෝ",1
995673163928297472,@USER ගැනියේ තොට ඇහක්් විදියට මම දෙන්නම්,@USER ගැනියේ තොට ඇහක්් විදියට මම දෙන්නම්,"[0, 1, 0, 0, 0, 0, 0]",OFF,"[0, 1, 0, 0, 0, 0, 0]",ගැනියේ,1
1154467195600064512,"@USER ,  @USER  @USER අනේ පල මෝඩ වෙසිගෙ පුතෝ. තෝ මෙච්චර කල් ගූ කෑවේ රට කාපු පොන්න රනිලගෙ පකෝ","@USER , @USER @USER අනේ පල මෝඩ වෙසිගෙ පුතෝ . තෝ මෙච්චර කල් ගූ කෑවේ රට කාපු පොන්න රනිලගෙ පකෝ","[0, 0, 0, 0, 0, 1, 1, 1, 0, 0, 1, 0, 0, 1, 0, 0, 0, 1, 0, 1]",OFF,"[0, 0, 0, 0, 0, 1, 1, 1, 0, 0, 1, 0, 0, 1, 0, 0, 0, 1, 0, 1]","පල, මෝඩ, වෙසිගෙ, තෝ, ගූ, පොන්න, පකෝ",1
1203627929252564992,"රටක් වටින කෙල්ලො අතරෙ අවජාතක එවුවන්ද සිටී... හැබැයි brand එක ශ්‍රී ලංකන් නම් නෙවෙයි ඕං... ThisuriWanniarachchi @USER  · 8 Dec 2019 The fact that most Sri Lankan women who make it in the *Miss/Mrs world pagents happen to be of Burgher heritage speaks volumes of the world's eurocentric accepted standards of beauty. Also, why in 2019 do women have to get up on a stage to literally be judged for their beauty?","රටක් වටින කෙල්ලො අතරෙ අවජාතක එවුවන්ද සිටී. . . හැබැයි brand එක ශ්‍රී ලංකන් නම් නෙවෙයි ඕං . . . ThisuriWanniarachchi @USER 8 Dec 2019 The fact that most Sri Lankan women who make it in the * Miss / Mrs world pagents happen to be of Burgher heritage speaks volumes of the world ' s eurocentric accepted standards of beauty . Also , why in 2019 do women have to get up on a stage to literally be judged for their beauty ?","[0, 0, 0, 0, 1, 0, 0, 0, 0, 0, 0, 0, 0, 0, 0, 0, 0, 0, 0, 0, 0, 0, 0, 0, 0, 0, 0, 0, 0, 0, 0, 0, 0, 0, 0, 0, 0, 0, 0, 0, 0, 0, 0, 0, 0, 0, 0, 0, 0, 0, 0, 0, 0, 0, 0, 0, 0, 0, 0, 0, 0, 0, 0, 0, 0, 0, 0, 0, 0, 0, 0, 0, 0, 0, 0, 0, 0, 0, 0, 0, 0, 0, 0, 0]",OFF,"[0, 0, 0, 0, 1, 0, 0, 0, 0, 0, 0, 0, 0, 0, 0, 0, 0, 0, 0, 0, 0, 0, 0, 0, 0, 0, 0, 0, 0, 0, 0, 0, 0, 0, 0, 0, 0, 0, 0, 0, 0, 0, 0, 0, 0, 0, 0, 0, 0, 0, 0, 0, 0, 0, 0, 0, 0, 0, 0, 0, 0, 0, 0, 0, 0, 0, 0, 0, 0, 0, 0, 0, 0, 0, 0, 0, 0, 0, 0, 0, 0, 0, 0, 0]",අවජාතක,1
606843610336591872,@USER @USER  මේ මොන කරුමයක්ද ඕයි .. එකපාරක් කිව්වනේ .. මට පිස්සු නැ .. >:(,@USER @USER මේ මොන කරුමයක්ද ඕයි . . එකපාරක් කිව්වනේ . . මට පිස්සු නැ . . > : (,[],NOT,[],,0
1232363592156090368,@USER හේතුව ඕක නම් තනිකරම වගකියන්න ඕනෙ තුම්මුල්ලෙ පද්මෙ තමා..,@USER හේතුව ඕක නම් තනිකරම වගකියන්න ඕනෙ තුම්මුල්ලෙ පද්මෙ තමා . .,[],NOT,[],,0
1481511685152477191,@USER _සිදුව ඇති බවය.  අනතුරෙන් බස් රථය ගිනිගෙන පිපිරීමට ලක්ව ඇති අතර එහි සිටි මගීන් 16 දෙනෙකු මෙලෙස අවාසනාවන්ත ලෙස ජීවිතක්ෂයට පත්ව තිබේ.  අනතුරෙන් තවත් පුද්ගලයින් අට දෙනෙකු තුවාල ලබා රෝහල් ගත කර ඇති බව ද විදෙස් මාධ්‍ය වාර්තා කර ඇත.,@USER _සිදුව ඇති බවය . අනතුරෙන් බස් රථය ගිනිගෙන පිපිරීමට ලක්ව ඇති අතර එහි සිටි මගීන් 16 දෙනෙකු මෙලෙස අවාසනාවන්ත ලෙස ජීවිතක්ෂයට පත්ව තිබේ . අනතුරෙන් තවත් පුද්ගලයින් අට දෙනෙකු තුවාල ලබා රෝහල් ගත කර ඇති බව ද විදෙස් මාධ්‍ය වාර්තා කර ඇත .,[],NOT,[],,0
1198634263718977536,අර එක තාත්තට ගෑනූ 10 විතර try කරන කතාවෙ හදිසියේවත් අම්ම කෙනෙක්ගෙ පැත්තෙන් හැදුවොත් මෙවුන් කොහොම කතා හදයිද නේ?,අර එක තාත්තට ගෑනූ 10 විතර try කරන කතාවෙ හදිසියේවත් අම්ම කෙනෙක්ගෙ පැත්තෙන් හැදුවොත් මෙවුන් කොහොම කතා හදයිද නේ ?,[],NOT,[],,0
1173252205463449600,"ලොවක් වෙනස් කරන්න ඕනේ ඉතාම තද හිතක් පමණයි. ලෝකයේ ඕනෙම තැනකට එන්න පුළුවන්. එත්, ( මහාන් ) උත්තම පුරුෂයෙක් වෙන්න හරිම අමාරු කාර්‍යක්. එක සිද්ධාර්තත් බුදු වෙන්න පෙර අවුරුදු 7 ක් දුක් විදලයි ලබාගත්තේ. දැන් හිතෙයි මේ සම්බන්දය මොකක්ද කියලා.  @USER  @USER  @USER   #India","ලොවක් වෙනස් කරන්න ඕනේ ඉතාම තද හිතක් පමණයි . ලෝකයේ ඕනෙම තැනකට එන්න පුළුවන් . එත් , ( මහාන් ) උත්තම පුරුෂයෙක් වෙන්න හරිම අමාරු කාර්‍යක් . එක සිද්ධාර්තත් බුදු වෙන්න පෙර අවුරුදු 7 ක් දුක් විදලයි ලබාගත්තේ . දැන් හිතෙයි මේ සම්බන්දය මොකක්ද කියලා . @USER @USER @USER # India",[],NOT,[],,0
575692265433141248,අයියලාගෙ බල්ලා පොමනේරියන් කෑල්ලක් උස්සලා අපේ ගෙදර ගෙනල්ල  මට තියෙන ප්‍රශ්න මදිවට බලු ප්‍රේම සබදතාත් විසදන්න වෙලා .,අයියලාගෙ බල්ලා පොමනේරියන් කෑල්ලක් උස්සලා අපේ ගෙදර ගෙනල්ල මට තියෙන ප්‍රශ්න මදිවට බලු ප්‍රේම සබදතාත් විසදන්න වෙලා .,[],NOT,[],,0
1325020782112727041,වහිද්දි කන්න කියල වඩේ ටිකක් ගත්ත දැං  ලබ්බ වහින් නැද්ද කොහෙද .. අවුවකුත් වැන්න..,වහිද්දි කන්න කියල වඩේ ටිකක් ගත්ත දැං ලබ්බ වහින් නැද්ද කොහෙද . . අවුවකුත් වැන්න . .,[],NOT,[],,0
1242505652485763072,"අයිසේ සුනන්ද මෙච්චර කල් අපේ මැරිච්ච සීයා වගේ නිසා ඉවසුව. කොළොඹ ගම්පහ කළුතර විතරයි දිස්ත්‍රික්ක අයිති බස්නාහිරට. යකෝ නාකියායෝ ගොන් බිජ්ජෙක් වගේ ඔහෙට වෙලා රෙන් නැතුව මෙහේ ඇවිත් බලාපිය  sunanda deshapriya @USER  · 24 Mar 2020 #Militarisation in the time of #Corona . The largest province of #SriLanka with 5,821,710 population & 7 districts including the capital comes under a military governor. Former Air Force Commander Roshan Goonetileke appointed by Sri Lanka president former Lieutenant Colonel GR.","අයිසේ සුනන්ද මෙච්චර කල් අපේ මැරිච්ච සීයා වගේ නිසා ඉවසුව. කොළොඹ ගම්පහ කළුතර විතරයි දිස්ත්‍රික්ක අයිති බස්නාහිරට . යකෝ නාකියායෝ ගොන් බිජ්ජෙක් වගේ ඔහෙට වෙලා රෙන් නැතුව මෙහේ ඇවිත් බලාපිය sunanda deshapriya @USER 24 Mar 2020 # Militarisation in the time of # Corona . The largest province of # SriLanka with 5 , 821 , 710 population & 7 districts including the capital comes under a military governor . Former Air Force Commander Roshan Goonetileke appointed by Sri Lanka president former Lieutenant Colonel GR .","[0, 0, 0, 0, 0, 0, 0, 0, 0, 0, 0, 0, 0, 0, 0, 0, 0, 0, 0, 1, 1, 1, 0, 0, 0, 1, 0, 0, 0, 1, 0, 0, 0, 0, 0, 0, 0, 0, 0, 0, 0, 0, 0, 0, 0, 0, 0, 0, 0, 0, 0, 0, 0, 0, 0, 0, 0, 0, 0, 0, 0, 0, 0, 0, 0, 0, 0, 0, 0, 0, 0, 0, 0, 0, 0, 0, 0, 0, 0, 0, 0, 0, 0, 0, 0, 0]",OFF,"[0, 0, 0, 0, 0, 0, 0, 0, 0, 0, 0, 0, 0, 0, 0, 0, 0, 0, 0, 1, 1, 1, 0, 0, 0, 1, 0, 0, 0, 1, 0, 0, 0, 0, 0, 0, 0, 0, 0, 0, 0, 0, 0, 0, 0, 0, 0, 0, 0, 0, 0, 0, 0, 0, 0, 0, 0, 0, 0, 0, 0, 0, 0, 0, 0, 0, 0, 0, 0, 0, 0, 0, 0, 0, 0, 0, 0, 0, 0, 0, 0, 0, 0, 0, 0, 0]","නාකියායෝ, ගොන්, බිජ්ජෙක්, රෙන්, බලාපිය",1
1153588958829223936,මේ පෝස් එක මම යාලුවෙක්ට පෙන්නුවා. මිනිහා එකපාරම උගේ පස්ස පැත්තට ගහ ගන්න පටන්ගත්තා. මම ඇහුවා මොකද මේ කියලා. ඌ කියනවා පස්ස පැත්ත නවත්තන්නේ නැතුව හිනාවෙනවා බං ඒකයි දෙකක් දුන්නේ හිනාව නවත්තගනින් කියලා. #lka #srilanka,මේ පෝස් එක මම යාලුවෙක්ට පෙන්නුවා . මිනිහා එකපාරම උගේ පස්ස පැත්තට ගහ ගන්න පටන්ගත්තා . මම ඇහුවා මොකද මේ කියලා . ඌ කියනවා පස්ස පැත්ත නවත්තන්නේ නැතුව හිනාවෙනවා බං ඒකයි දෙකක් දුන්නේ හිනාව නවත්තගනින් කියලා . # lka # srilanka,[],NOT,[],,0
1135793695091937280,@USER කොහෙන්වත් දැනුම වැඩක් නැහැ..ඇෆ්ගන් වල is වැටිලද දැන්..මනො ඕන නැහැ...අපට පුලුවන්.එන්න කියහන්කො..බලාාන්ඩ,@USER කොහෙන්වත් දැනුම වැඩක් නැහැ . . ඇෆ්ගන් වල is වැටිලද දැන් . . මනො ඕන නැහැ . . . අපට පුලුවන් . එන්න කියහන්කො . . බලාාන්ඩ,[],NOT,[],,0
1220691557927526403,@USER  @USER    අඩො කෙවිනයට සද්දෙ දාපු එකා කවුද,@USER @USER අඩො කෙවිනයට සද්දෙ දාපු එකා කවුද,[],NOT,[],,0
1064387135216615424,@USER Tv එකෙ පෙන්න්නැති වෙයිද,@USER Tv එකෙ පෙන්න්නැති වෙයිද,[],NOT,[],,0
1449995261845983234,මුන්සා අක්කා තඩි බැරල් එකක්නේ බාං..,මුන්සා අක්කා තඩි බැරල් එකක්නේ බාං . .,[],OFF,[],,1
1361898990019764224,@USER  @USER  14 others සොලි ඩාලින් පේනවනේ මම හරි බීසී උනා,@USER @USER 14 others සොලි ඩාලින් පේනවනේ මම හරි බීසී උනා,[],NOT,[],,0
1313357037431001089,@USER ඕවා අමතක වෙලා දැන්. ආයෙත් මතක් කරන්න වෙලා..,@USER ඕවා අමතක වෙලා දැන් . ආයෙත් මතක් කරන්න වෙලා . .,[],NOT,[],,0
996805451219062784,@USER  @USER පොන්න කාලකන්ණියෙක්. ඕකට වෙන දේ බලන්නකො දවසක.,@USER @USER පොන්න කාලකන්ණියෙක් . ඕකට වෙන දේ බලන්නකො දවසක .,"[0, 0, 1, 1, 0, 0, 0, 0, 0, 0, 0]",OFF,"[0, 0, 1, 1, 0, 0, 0, 0, 0, 0, 0]","පොන්න, කාලකන්ණියෙක්",1
964463881006600192,"@USER ,  @USER  @USER නොදකින් ගල් මුසලයා. කිසිම හැගීමක් නෑ මේකට","@USER , @USER @USER නොදකින් ගල් මුසලයා . කිසිම හැගීමක් නෑ මේකට","[0, 0, 0, 0, 1, 1, 1, 0, 0, 0, 0, 0]",OFF,"[0, 0, 0, 0, 1, 1, 1, 0, 0, 0, 0, 0]","නොදකින්, ගල්, මුසලයා",1
1301739389425348610,"@USER  @USER ""මගේ ""කියල කියන්ඩ පුලුවන් ""මට ""විතරයි. අනිත් අයට කියනවනං ඔයා මෙයා තෝ තොපි ආදී වසයෙන් කිව හැක. සිංහල is මා මදර්ටං.","@USER @USER "" මගේ "" කියල කියන්ඩ පුලුවන් "" මට "" විතරයි . අනිත් අයට කියනවනං ඔයා මෙයා තෝ තොපි ආදී වසයෙන් කිව හැක . සිංහල is මා මදර්ටං .",[],NOT,[],,0
1178737780798689280,ජාතියේ පවට උපන් නරුමයෝ....  මොන නෙයිනාඩගම නැටුවත් මේ පාර තොපි මුහුණ දෙන්නේ ජනතා තීන්දුවට...... මතක තියා ගනිවු  #lka #sriLanka #SriLankanPolitics #Colombo  @USER  @USER  @USER  #Gota2020,ජාතියේ පවට උපන් නරුමයෝ . . . . මොන නෙයිනාඩගම නැටුවත් මේ පාර තොපි මුහුණ දෙන්නේ ජනතා තීන්දුවට . . . . . . මතක තියා ගනිවු # lka # sriLanka # SriLankanPolitics # Colombo @USER @USER @USER # Gota2020,"[0, 0, 0, 1, 0, 0, 0, 0, 0, 0, 0, 0, 0, 1, 0, 0, 0, 0, 0, 0, 0, 0, 0, 0, 0, 0, 0, 0, 0, 0, 0, 0, 0, 0, 0, 0, 0, 0, 0, 0]",OFF,"[0, 0, 0, 1, 0, 0, 0, 0, 0, 0, 0, 0, 0, 1, 0, 0, 0, 0, 0, 0, 0, 0, 0, 0, 0, 0, 0, 0, 0, 0, 0, 0, 0, 0, 0, 0, 0, 0, 0, 0]","නරුමයෝ, තොපි",1
596178515617304576,ගිය ආත්මේ ක්‍රිකට් ක්‍රීඩකයෙක්ද මන්දා මේ බල්ලා කඩුලු රකින අපූරුව බලන්නකෝ..!! - English - Hiru Videos URL,ගිය ආත්මේ ක්‍රිකට් ක්‍රීඩකයෙක්ද මන්දා මේ බල්ලා කඩුලු රකින අපූරුව බලන්නකෝ . . ! ! - English - Hiru Videos URL,[],NOT,[],,0
1029694834599051266,@USER  තෝ මොනවද මේ කරන්නෙ?,@USER තෝ මොනවද මේ කරන්නෙ ?,[],NOT,[],,0
700374787068162048,@USER @USER  200g වත් අරන් පලයන්  @USER,@USER @USER 200g වත් අරන් පලයන් @USER,[],NOT,[],,0
1120257903204679680,@USER අශ්වයා පැනලා ගියායින් පසුව දැන් තමයි ඉස්තාලයේ දොරවැසිමට මතක්වෙලා තියෙන්නේ.,@USER අශ්වයා පැනලා ගියායින් පසුව දැන් තමයි ඉස්තාලයේ දොරවැසිමට මතක්වෙලා තියෙන්නේ .,[],NOT,[],,0
1439503417660039168,පිස්සා මූ පිස්සා මූ පිස්සු පූසා මූ .. #EpicSinhalaCartoonDubs,පිස්සා මූ පිස්සා මූ පිස්සු පූසා මූ . . # EpicSinhalaCartoonDubs,[],NOT,[],,0
1211598088370053120,ඇමැති දිලුම් මෝටර් රථ ප්‍රවාහන දෙපාර්තමේන්තුවේ පස්ස දොරේ වැඩ හොයයි URL #mawbima #latestnews #lka,ඇමැති දිලුම් මෝටර් රථ ප්‍රවාහන දෙපාර්තමේන්තුවේ පස්ස දොරේ වැඩ හොයයි URL # mawbima # latestnews # lka,[],NOT,[],,0
1056870073560776704,කවදහරි ලංකාවේ ජනාධිපති උනොත් මුලින්ම කරන්නේ ඔය කියන රෙද්දේ ව්‍යවස්ථාව හැමෝටම තේරේන භාශාවෙන් සුද්ද සිංහලෙන් පරිවර්තනය කරන එක...  . (A). අද ඉදන් තෝ අගමැති... ආයේ කතා කරන්න එපා එක වචනයක්... තොට සෙට් එක වැඩිනම්... URL,කවදහරි ලංකාවේ ජනාධිපති උනොත් මුලින්ම කරන්නේ ඔය කියන රෙද්දේ ව්‍යවස්ථාව හැමෝටම තේරේන භාශාවෙන් සුද්ද සිංහලෙන් පරිවර්තනය කරන එක . . . . ( A ) . අද ඉදන් තෝ අගමැති . . . ආයේ කතා කරන්න එපා එක වචනයක් . . . තොට සෙට් එක වැඩිනම් . . . URL,[],OFF,[],,1
1152394601828716549,"මනෝ ගනේෂන් කියනවා UNP එකෙන් ජනාධිපතිවරණයට දාන්නේ ""බඩුවක්"" කියලා. පොදුජන පෙරමුණෙන් හොඳ බඩුකාරයෙක් දැම්මනම් පට්ට වැලක් බලන්න තිබුණා. #ඉන්නහිතෙන____ක්","මනෝ ගනේෂන් කියනවා UNP එකෙන් ජනාධිපතිවරණයට දාන්නේ "" බඩුවක් "" කියලා . පොදුජන පෙරමුණෙන් හොඳ බඩුකාරයෙක් දැම්මනම් පට්ට වැලක් බලන්න තිබුණා . # ඉන්නහිතෙන____ක්","[0, 0, 0, 0, 0, 0, 0, 0, 0, 0, 0, 0, 0, 0, 0, 1, 0, 0, 0, 0, 0, 0, 0, 0]",OFF,"[0, 0, 0, 0, 0, 0, 0, 0, 0, 0, 0, 0, 0, 0, 0, 1, 0, 0, 0, 0, 0, 0, 0, 0]",බඩුකාරයෙක්,1
1067241293003276288,"@USER ජනතා සල්ලි වලින් AC එකේ ඉදලා කාලා, බීලා ගෙදර යන්න...#ayyosrilanka#දුප්පතුන්ගේ අනාගතේ","@USER ජනතා සල්ලි වලින් AC එකේ ඉදලා කාලා , බීලා ගෙදර යන්න . . . # ayyosrilanka # දුප්පතුන්ගේ අනාගතේ",[],NOT,[],,0
1340260901346136066,@USER  @USER    රාජපක්ශලාගේ ගූ කන වහලෙක්ට රිදිලා. අනේ පකේ තෝ දන්න හුත්ත මගෙ බිස්නස් මන් බලාගන්නම්. අපි දන්නවා මුං දේශප්‍රේමය ඉස්සරහට දාගෙන නටන ජවුසං. බලන්න තිබ්බා ඉන්දියාව ගත්තනං මූව සල්ලි දීලා එහෙනං මූ ලංකාවට පුක පෙන්නලා ඉන්දියාවේ කන්ඩායම පුහුනු කරන්න යන්නේ. අපි නොදන්න කපටි මහේලයා,@USER @USER රාජපක්ශලාගේ ගූ කන වහලෙක්ට රිදිලා . අනේ පකේ තෝ දන්න හුත්ත මගෙ බිස්නස් මන් බලාගන්නම් . අපි දන්නවා මුං දේශප්‍රේමය ඉස්සරහට දාගෙන නටන ජවුසං . බලන්න තිබ්බා ඉන්දියාව ගත්තනං මූව සල්ලි දීලා එහෙනං මූ ලංකාවට පුක පෙන්නලා ඉන්දියාවේ කන්ඩායම පුහුනු කරන්න යන්නේ . අපි නොදන්න කපටි මහේලයා,"[0, 0, 0, 0, 0, 0, 0, 0, 0, 1, 0, 0, 1, 0, 0, 0, 0, 0, 0, 0, 0, 0, 0, 0, 0, 0, 0, 0, 0, 0, 0, 0, 0, 0, 0, 0, 0, 1, 0, 0, 0, 0, 0, 0, 0, 0, 0, 0, 0]",OFF,"[0, 0, 0, 0, 0, 0, 0, 0, 0, 1, 0, 0, 1, 0, 0, 0, 0, 0, 0, 0, 0, 0, 0, 0, 0, 0, 0, 0, 0, 0, 0, 0, 0, 0, 0, 0, 0, 1, 0, 0, 0, 0, 0, 0, 0, 0, 0, 0, 0]","පකේ, හුත්ත, පුක",1
1360948377353998342,ඩී එම් කර කර ඒ පොටෝ එකේ ඉන්නේ අක්කාලව් එකද කියලා අහන්න එපා පම්කුනේ. ඒ ඒකි නෙවේ එඩිඩ් එකක් විතරයි ඒක.,ඩී එම් කර කර ඒ පොටෝ එකේ ඉන්නේ අක්කාලව් එකද කියලා අහන්න එපා පම්කුනේ . ඒ ඒකි නෙවේ එඩිඩ් එකක් විතරයි ඒක .,"[0, 0, 0, 0, 0, 0, 0, 0, 0, 0, 0, 0, 0, 1, 0, 0, 0, 0, 0, 0, 0, 0, 0]",OFF,"[0, 0, 0, 0, 0, 0, 0, 0, 0, 0, 0, 0, 0, 1, 0, 0, 0, 0, 0, 0, 0, 0, 0]",පම්කුනේ,1
1161862041797218304,@USER මේක දැං කියහන්කො දැක්කෙ වේසි,@USER මේක දැං කියහන්කො දැක්කෙ වේසි,"[0, 0, 0, 0, 0, 1]",OFF,"[0, 0, 0, 0, 0, 1]",වේසි,1
1481518627010621444,@USER ගොන් පාට් දාන්නෙ නැතුව නම කියපල්ලකො. එතකොට interest එකෙක් ඉන්නවනම් කියවයිනෙ.,@USER ගොන් පාට් දාන්නෙ නැතුව නම කියපල්ලකො . එතකොට interest එකෙක් ඉන්නවනම් කියවයිනෙ .,"[0, 1, 0, 0, 0, 0, 0, 0, 0, 0, 0, 0, 0, 0]",OFF,"[0, 1, 0, 0, 0, 0, 0, 0, 0, 0, 0, 0, 0, 0]",ගොන්,1
1063749014305202177,@USER අපි රණවිරුවන්ට හොඳට සලකනවා අපේ හාමුදුරුවනේ මිරිස් කුඩු කලවම් කල වතුරෙන් ඇස් හෝදලා.,@USER අපි රණවිරුවන්ට හොඳට සලකනවා අපේ හාමුදුරුවනේ මිරිස් කුඩු කලවම් කල වතුරෙන් ඇස් හෝදලා .,[],NOT,[],,0
1353625631066648581,"@USER ආශික් ලන්තේ.. කෝ මේ හිටං එක්ක බෑනේ.. ""ස""ආවම ඕං බලන්නකෝ මේවා නවතින හැටි..  එකමත් එක කාලෙක බයි තියරි..","@USER ආශික් ලන්තේ . . කෝ මේ හිටං එක්ක බෑනේ . . "" ස "" ආවම ඕං බලන්නකෝ මේවා නවතින හැටි . . එකමත් එක කාලෙක බයි තියරි . .",[],OFF,[],,1
1122747830571945984,@USER අනිවාර්යයෙන් අයින් විය යුතුයි,@USER අනිවාර්යයෙන් අයින් විය යුතුයි,[],NOT,[],,0
648134503697940481,@USER @USER  නැග්ග වෙලේ ඉදන් හිනා වෙන පිස්සා කව්ද කීලා බලනවා ඇති බය වෙලා.... :-D නැත්තන් කෙල්ලෝ හරි හොදා .. මුස්පේන්තු නැතුවා ...,@USER @USER නැග්ග වෙලේ ඉදන් හිනා වෙන පිස්සා කව්ද කීලා බලනවා ඇති බය වෙලා . . . . : - D නැත්තන් කෙල්ලෝ හරි හොදා . . මුස්පේන්තු නැතුවා . . .,[],OFF,[],,1
1452865879494959110,#IPL නම් සාපයක් වෙයි වගේ. Team 10 ක් වැඩි නැද්ද යකෝ,# IPL නම් සාපයක් වෙයි වගේ . Team 10 ක් වැඩි නැද්ද යකෝ,[],OFF,[],,1
742069635126726656,මට ටෝ සැකයි. >_< >_<……… අපේ ගමේ වෙලත් හරි ස්තනයක් පැහැදිලිව කියනු. >_<… ගෙදරට එන්න නෙමේ බොල.. >_<  ටී බොරු කරම්නෙ. -_-,මට ටෝ සැකයි . >_< >_< අපේ ගමේ වෙලත් හරි ස්තනයක් පැහැදිලිව කියනු . >_< ගෙදරට එන්න නෙමේ බොල . . >_< ටී බොරු කරම්නෙ . - _ -,[],NOT,[],,0
870262361277550593,"@USER  @USER ටහුඩු, ගිලිනව හාල්මැස්සි දැනගනු.","@USER @USER ටහුඩු , ගිලිනව හාල්මැස්සි දැනගනු .","[0, 0, 0, 0, 1, 0, 0, 0]",OFF,"[0, 0, 0, 0, 1, 0, 0, 0]",ගිලිනව,1
896495930265948160,ටොයියන්ගේ තවත් ජාවාරමක්... මරික්කාර්...අනේ හුකේ.. හැමිනියන් තෝ... URL,ටොයියන්ගේ තවත් ජාවාරමක් . . . මරික්කාර් . . . අනේ හුකේ. . හැමිනියන් තෝ . . . URL,"[0, 0, 0, 0, 0, 0, 0, 0, 0, 0, 0, 0, 0, 1, 0, 0, 0, 0, 0]",OFF,"[0, 0, 0, 0, 0, 0, 0, 0, 0, 0, 0, 0, 0, 1, 0, 0, 0, 0, 0]",හැමිනියන්,1
644728338141966336,@USER @USER ඒවා නාකි අයට එවන්නෑ,@USER @USER ඒවා නාකි අයට එවන්නෑ,[],NOT,[],,0
747361391447674880,@USER  @USER  විහිළුවට කීවෙ හොඳේ.. පිස්සා කියන්නෙ පිසදාගෙන යන කෙනාට. පිසදාගෙන යන්නෙ සාම්ප්‍රදායික චින්තනය. ඔයා ආඩම්බර වෙන්න ඕනි ඒ ගැන.,@USER @USER විහිළුවට කීවෙ හොඳේ . . පිස්සා කියන්නෙ පිසදාගෙන යන කෙනාට . පිසදාගෙන යන්නෙ සාම්ප්‍රදායික චින්තනය . ඔයා ආඩම්බර වෙන්න ඕනි ඒ ගැන .,[],NOT,[],,0
908127630049677312,@USER ඔය මහලොකුවට නලලෙ තියන් ගියාට කැම්පස් කියල අපිනම් පුකකට ගනන් ගන්නෙ නෑ.. හොද උනුත් ඉන්නව ඒත් වැඩි හරියක් ඉන්නෙ අවජාතක හුත්තල. ලොකු නෑ එක පකෙක්,@USER ඔය මහලොකුවට නලලෙ තියන් ගියාට කැම්පස් කියල අපිනම් පුකකට ගනන් ගන්නෙ නෑ . . හොද උනුත් ඉන්නව ඒත් වැඩි හරියක් ඉන්නෙ අවජාතක හුත්තල . ලොකු නෑ එක පකෙක්,"[0, 0, 0, 0, 0, 0, 0, 0, 0, 1, 0, 0, 0, 0, 0, 0, 0, 0, 0, 0, 0, 0, 1, 1, 0, 0, 0, 0, 1]",OFF,"[0, 0, 0, 0, 0, 0, 0, 0, 0, 1, 0, 0, 0, 0, 0, 0, 0, 0, 0, 0, 0, 0, 1, 1, 0, 0, 0, 0, 1]","පුකකට, අවජාතක, හුත්තල, පකෙක්",1
753217287109304323,මේ කෲර ලෝකේ අසික්කිත මිනිසුන් ඉදිරියේ අපේ හැගීම් බාල්දු වෙලා යනවා මිනිහෝ..  තොට ඒක තේරේන්නේ නෑ.. තෝ පල වල් පරයා..වනගතවෙය ..,මේ කෲර ලෝකේ අසික්කිත මිනිසුන් ඉදිරියේ අපේ හැගීම් බාල්දු වෙලා යනවා මිනිහෝ . . තොට ඒක තේරේන්නේ නෑ . . තෝ පල වල් පරයා . . වනගතවෙය . .,"[0, 0, 0, 1, 0, 0, 0, 0, 0, 0, 0, 0, 0, 0, 1, 0, 0, 0, 0, 0, 1, 1, 1, 1, 0, 0, 0, 0, 0]",OFF,"[0, 0, 0, 1, 0, 0, 0, 0, 0, 0, 0, 0, 0, 0, 1, 0, 0, 0, 0, 0, 1, 1, 1, 1, 0, 0, 0, 0, 0]","අසික්කිත, තොට, තෝ, පල, වල්, පරයා",1
1135413185492660225,"@USER මෙච්චරකල් ඕක කරන්නේ නැතුවද ඉන්නේ, ඔහ් තව රටේ ප්‍රශ්න වැඩිවෙනකන් ඉන්නවද?","@USER මෙච්චරකල් ඕක කරන්නේ නැතුවද ඉන්නේ , ඔහ් තව රටේ ප්‍රශ්න වැඩිවෙනකන් ඉන්නවද ?",[],NOT,[],,0
1179670274490474496,මම : අම්මා.... මම නාගෙන එන්නම්.  අම්ම : දවස් දෙකයි පෑව්වෙ. ආයෙ වස්සවන්නද හදන්නෙ යකෝ.  බෑනෙ කරන්ඩ ඉතිං.,මම : අම්මා . . . . මම නාගෙන එන්නම් . අම්ම : දවස් දෙකයි පෑව්වෙ . ආයෙ වස්සවන්නද හදන්නෙ යකෝ . බෑනෙ කරන්ඩ ඉතිං .,[],NOT,[],,0
1404387510751539207,@USER තෝ පල  මෝඩ මුසලයා,@USER තෝ පල මෝඩ මුසලයා,"[0, 1, 1, 1, 1]",OFF,"[0, 1, 1, 1, 1]","තෝ, පල, මෝඩ, මුසලයා",1
732898377638105088,පොන්නය උඹ කවුද කියල මේ photo එකෙන් පේනව..තොට හෙනම ගහපිය..අපේ හමුදා වීරයො සැමදා අමරණීයයි.. Vikalpa @USER  · 18 May 2016 Remembering Mulliwaikkal #MulliwaikkalBeach #srilanka #lka,පොන්නය උඹ කවුද කියල මේ photo එකෙන් පේනව. . තොට හෙනම ගහපිය . . අපේ හමුදා වීරයො සැමදා අමරණීයයි . . Vikalpa @USER 18 May 2016 Remembering Mulliwaikkal # MulliwaikkalBeach # srilanka # lka,"[1, 0, 0, 0, 0, 0, 0, 0, 0, 1, 1, 1, 0, 0, 0, 0, 0, 0, 0, 0, 0, 0, 0, 0, 0, 0, 0, 0, 0, 0, 0, 0, 0, 0]",OFF,"[1, 0, 0, 0, 0, 0, 0, 0, 0, 1, 1, 1, 0, 0, 0, 0, 0, 0, 0, 0, 0, 0, 0, 0, 0, 0, 0, 0, 0, 0, 0, 0, 0, 0]","පොන්නය, තොට, හෙනම, ගහපිය",1
1083716629689704453,අර ඉන්දියන් ටීම් එකට දාපු සාප කියපු කුණුහබ්බ තමා අපිට මේ ආපිට වදින්නෙ #සිලෝන්කිකට්,අර ඉන්දියන් ටීම් එකට දාපු සාප කියපු කුණුහබ්බ තමා අපිට මේ ආපිට වදින්නෙ # සිලෝන්කිකට්,[],NOT,[],,0
743994404269096960,අඩෝ පපුව පිච්චුනා වගේ. අැස් දෙකට කදුලු ඉනුවා ඔ්යි. ඉදකින් කැ* වේසි ලග හිටියනම් බස්සනවා හු*තට කඩුවක්.පව් බන්... URL,අඩෝ පපුව පිච්චුනා වගේ . අැස් දෙකට කදුලු ඉනුවා ඔ්යි . ඉදකින් කැ * වේසි ලග හිටියනම් බස්සනවා හු * තට කඩුවක් . පව් බන් . . . URL,"[0, 0, 0, 0, 0, 0, 0, 0, 0, 0, 0, 0, 1, 0, 1, 0, 0, 0, 0, 0, 0, 0, 0, 0, 0, 0, 0, 0, 0]",OFF,"[0, 0, 0, 0, 0, 0, 0, 0, 0, 0, 0, 0, 1, 0, 1, 0, 0, 0, 0, 0, 0, 0, 0, 0, 0, 0, 0, 0, 0]","කැ, වේසි",1
1394214649910882307,"තමන්ගේ කැමැත්ත අකමැත්ත මත එන්නත් නොගන්න එක වෙනම එකක්, හැබැයි තමන්ගේ මෝඩ, අන්තවාදී මතවාද සමාජ මාධ්‍ය ඔස්සේ පතුරවලා යම්කිසි කොටසක් brainwash කරන්න තැත් කරනවා නම් ඔවුන්ට විරුද්ධව නීතිමය ක්‍රියාමාර්ග ගන්න ඕන.  තමන් මෝඩයෙක් උනාට කමක් නෑ, රටක ඔළු විනාස කරලා ඒ රටේ herd immunity එකට...","තමන්ගේ කැමැත්ත අකමැත්ත මත එන්නත් නොගන්න එක වෙනම එකක් , හැබැයි තමන්ගේ මෝඩ , අන්තවාදී මතවාද සමාජ මාධ්‍ය ඔස්සේ පතුරවලා යම්කිසි කොටසක් brainwash කරන්න තැත් කරනවා නම් ඔවුන්ට විරුද්ධව නීතිමය ක්‍රියාමාර්ග ගන්න ඕන . තමන් මෝඩයෙක් උනාට කමක් නෑ , රටක ඔළු විනාස කරලා ඒ රටේ herd immunity එකට . . .",[],NOT,[],,0
809449473172639744,@USER ඒක මහ කැතම කැත වැඩක්,@USER ඒක මහ කැතම කැත වැඩක්,[],NOT,[],,0
1118368905356042240,@USER  @USER ඒ අනිත් ලබ්බ. කොහොමත් මං සම්පත් එකේ තමයි වැඩියෙන් ගනුදෙනු වෙන්නේ. මුලින්ම ඒ දවස්වල හැම branch එකකම staff එකේ එක්කෙනෙක්ව දම්මල එන එන හැම customer කෙනෙක්ටම free sms alerts දෙනව කිය කිය activate කරවගත්තා. වැඩි කාලයක් යන්න කලින් ඒක අවුරුද්දකට Rs.50 කරා. දැං Rs.350++  But nice service,@USER @USER ඒ අනිත් ලබ්බ . කොහොමත් මං සම්පත් එකේ තමයි වැඩියෙන් ගනුදෙනු වෙන්නේ . මුලින්ම ඒ දවස්වල හැම branch එකකම staff එකේ එක්කෙනෙක්ව දම්මල එන එන හැම customer කෙනෙක්ටම free sms alerts දෙනව කිය කිය activate කරවගත්තා . වැඩි කාලයක් යන්න කලින් ඒක අවුරුද්දකට Rs . 50 කරා . දැං Rs . 350 + + But nice service,"[0, 0, 0, 0, 1, 0, 0, 0, 0, 0, 0, 0, 0, 0, 0, 0, 0, 0, 0, 0, 0, 0, 0, 0, 0, 0, 0, 0, 0, 0, 0, 0, 0, 0, 0, 0, 0, 0, 0, 0, 0, 0, 0, 0, 0, 0, 0, 0, 0, 0, 0, 0, 0, 0, 0, 0, 0, 0, 0]",OFF,"[0, 0, 0, 0, 1, 0, 0, 0, 0, 0, 0, 0, 0, 0, 0, 0, 0, 0, 0, 0, 0, 0, 0, 0, 0, 0, 0, 0, 0, 0, 0, 0, 0, 0, 0, 0, 0, 0, 0, 0, 0, 0, 0, 0, 0, 0, 0, 0, 0, 0, 0, 0, 0, 0, 0, 0, 0, 0, 0]",ලබ්බ,1
1069928050693955584,@USER ජනාධිපතිට හැම දවසකම මෙහෙම මයික් එකක් දිලා කතා කරන්න කිව්වා නම් මේ මිනිහා කියන පිස්සු කතා ජනතාවට අහන්න එපා වෙනකොට අඩුම තරමේ මේ යකාව ගල් ගහලා හරි එලවලා දායි.රනිල්ව අගමැතිකමෙන් එලවලා මාසයක් වෙනවා තාම බැරි වුණා බැදුම්කර වාර්තාවට අනුව නිතීය ක්‍රියාත්මක කරන්න.මේයාගේ පොර ටෝක ගෑණිට හොඳයි,@USER ජනාධිපතිට හැම දවසකම මෙහෙම මයික් එකක් දිලා කතා කරන්න කිව්වා නම් මේ මිනිහා කියන පිස්සු කතා ජනතාවට අහන්න එපා වෙනකොට අඩුම තරමේ මේ යකාව ගල් ගහලා හරි එලවලා දායි . රනිල්ව අගමැතිකමෙන් එලවලා මාසයක් වෙනවා තාම බැරි වුණා බැදුම්කර වාර්තාවට අනුව නිතීය ක්‍රියාත්මක කරන්න . මේයාගේ පොර ටෝක ගෑණිට හොඳයි,[],OFF,[],,1
775522725980958721,ලංකාවේ අනෙකුත් බොහෝ වෘත්තීන්ට අදාලව උපාධි මට්ටමේ පෞද්ගලික අධ්‍යාපන ආයතන ඇරෙද්දි ඉස්සරහ පස්ස දෙකම වහගෙන හිටපු උන්... URL,ලංකාවේ අනෙකුත් බොහෝ වෘත්තීන්ට අදාලව උපාධි මට්ටමේ පෞද්ගලික අධ්‍යාපන ආයතන ඇරෙද්දි ඉස්සරහ පස්ස දෙකම වහගෙන හිටපු උන් . . . URL,[],OFF,[],,1
1065966864277225474,බූට් පිට බූට් තිබ්බත් උන්ට බඩුව කියන්න තරම් පහත් මානසිකත්වයක් නෑ,බූට් පිට බූට් තිබ්බත් උන්ට බඩුව කියන්න තරම් පහත් මානසිකත්වයක් නෑ,[],NOT,[],,0
767373206030131200,@USER අරූ. අරෑ නෙවෙයි !!! (තොට ඉස්සරත් කිව්වා),@USER අරූ . අරෑ නෙවෙයි ! ! ! ( තොට ඉස්සරත් කිව්වා ),[],NOT,[],,0
812791841380859908,පිස්සු හෑදෙනවා මෙවා දෑක්කාම පට්ට පටපට/....: URL,පිස්සු හෑදෙනවා මෙවා දෑක්කාම පට්ට පටපට / . . . . : URL,[],NOT,[],,0
1109112886247505920,@USER මේක මොකෙක්ද අයිසේ...!!! GIF,@USER මේක මොකෙක්ද අයිසේ . . . ! ! ! GIF,[],NOT,[],,0
1201348327800918019,@USER පුක දීලාම ගෙවිලා ඇති දැන්. ඒත් මිනිහා මේ වෙන දේවල් මාරෙට ඉවසනවා කියලා තේරිලා දුක හිතුනා,@USER පුක දීලාම ගෙවිලා ඇති දැන් . ඒත් මිනිහා මේ වෙන දේවල් මාරෙට ඉවසනවා කියලා තේරිලා දුක හිතුනා,"[0, 1, 0, 0, 0, 0, 0, 0, 0, 0, 0, 0, 0, 0, 0, 0, 0, 0]",OFF,"[0, 1, 0, 0, 0, 0, 0, 0, 0, 0, 0, 0, 0, 0, 0, 0, 0, 0]",පුක,1
1177111365875425280,@USER බත් කන හරක්ට හොදයි මෙවා,@USER බත් කන හරක්ට හොදයි මෙවා,[],NOT,[],,0
1392075220408627209,ගෑණු හෙන මීටරෙන් ඉන්නවා වගේ පෙනුනට පට්ට මෝඩයි!   <කලින් ටයිප් වෙලා තියෙන්නේ අනිත් පැත්තට> Najika @USER  · 11 May 2021 ගෑණු මෝඩයි වගේ පෙනුනට පට්ට මීටරෙන් ඉන්නේ!,ගෑණු හෙන මීටරෙන් ඉන්නවා වගේ පෙනුනට පට්ට මෝඩයි ! <කලින් ටයිප් වෙලා තියෙන්නේ අනිත් පැත්තට> Najika @USER 11 May 2021 ගෑණු මෝඩයි වගේ පෙනුනට පට්ට මීටරෙන් ඉන්නේ !,[],NOT,[],,0
1438605568407572499,@USER මගමුන්ට හෙන ගහන්න එපැයි මෙ අහිංසක මිනිසු කන්නො මොනවද? මාසයක්තිස්සේ රස්සාවක් නැ දරැවෝ බඩගින්නේ මරන්නද ඔනි රටින් ඇන්ටිජන් 80වට ගෙනත් 2000ට දෙන්නේ මෙ අහිංසක ඉන්ට නැතුව ඔය ලොකුයි කියන එකෙක්වත් එවට වියදම්කරන්නැ කලකන්නි මගෙරටට විනකරන හැම එකෙක්ටම ශාප වේවා ශාප වේවා ශාපවේවා,@USER මගමුන්ට හෙන ගහන්න එපැයි මෙ අහිංසක මිනිසු කන්නො මොනවද ? මාසයක්තිස්සේ රස්සාවක් නැ දරැවෝ බඩගින්නේ මරන්නද ඔනි රටින් ඇන්ටිජන් 80වට ගෙනත් 2000ට දෙන්නේ මෙ අහිංසක ඉන්ට නැතුව ඔය ලොකුයි කියන එකෙක්වත් එවට වියදම්කරන්නැ කලකන්නි මගෙරටට විනකරන හැම එකෙක්ටම ශාප වේවා ශාප වේවා ශාපවේවා,"[0, 0, 0, 0, 0, 0, 0, 0, 0, 0, 0, 0, 0, 0, 0, 0, 0, 0, 0, 0, 0, 0, 0, 0, 0, 0, 0, 0, 0, 0, 0, 0, 0, 0, 0, 0, 0, 0, 0, 1, 0, 1, 0, 1]",OFF,"[0, 0, 0, 0, 0, 0, 0, 0, 0, 0, 0, 0, 0, 0, 0, 0, 0, 0, 0, 0, 0, 0, 0, 0, 0, 0, 0, 0, 0, 0, 0, 0, 0, 0, 0, 0, 0, 0, 0, 1, 0, 1, 0, 1]","ශාප, ශාප, ශාපවේවා",1
1007345952661704704,@USER දැන්  @USER  මේවා දන්නේ කොහොමද? බලන් හිටියද? ඕව ඇත්ත කියල අපි කොහොමද දන්නේ?? #LKA,@USER දැන් @USER මේවා දන්නේ කොහොමද ? බලන් හිටියද ? ඕව ඇත්ත කියල අපි කොහොමද දන්නේ ? ? # LKA,[],NOT,[],,0
1438545185500131328,@USER මං සූදු කෙලියේ නෑ බලං හිටියා විතරයි,@USER මං සූදු කෙලියේ නෑ බලං හිටියා විතරයි,[],NOT,[],,0
1086283160709562368,මෙකේ ඉන්න සමහරක් ප්ලෑන්  ගහලා හෙන ගඩක් දිලා දගලන්නේ එකට ඉන්න උන්  කොටවන්න...  තොපි වගේ උන් තමයි යකෝ නාකි උනාම කාත් කවුරුත් ම නැතුව හුල්ල හුල්ල ඉන්නේ..  නොදකින් මේ වගේ උන් තොපිට සතුටින් ඉන්න උන් බලං ඉන්න බැරි නම් මියුට් කරලා බොලොක් කරලා පලයල් රෙද්ද පව් නොදී...   #වද්දගන්නපිස්,මෙකේ ඉන්න සමහරක් ප්ලෑන් ගහලා හෙන ගඩක් දිලා දගලන්නේ එකට ඉන්න උන් කොටවන්න . . . තොපි වගේ උන් තමයි යකෝ නාකි උනාම කාත් කවුරුත් ම නැතුව හුල්ල හුල්ල ඉන්නේ . . නොදකින් මේ වගේ උන් තොපිට සතුටින් ඉන්න උන් බලං ඉන්න බැරි නම් මියුට් කරලා බොලොක් කරලා පලයල් රෙද්ද පව් නොදී . . . # වද්දගන්නපිස්,"[0, 0, 0, 0, 0, 0, 0, 0, 0, 0, 0, 0, 0, 0, 0, 0, 1, 0, 0, 0, 0, 0, 0, 0, 0, 0, 0, 0, 0, 0, 0, 0, 0, 0, 0, 0, 0, 0, 0, 0, 0, 0, 0, 0, 0, 0, 0, 0, 1, 1, 0, 0, 0, 0, 0, 0, 0]",OFF,"[0, 0, 0, 0, 0, 0, 0, 0, 0, 0, 0, 0, 0, 0, 0, 0, 1, 0, 0, 0, 0, 0, 0, 0, 0, 0, 0, 0, 0, 0, 0, 0, 0, 0, 0, 0, 0, 0, 0, 0, 0, 0, 0, 0, 0, 0, 0, 0, 1, 1, 0, 0, 0, 0, 0, 0, 0]","තොපි, පලයල්, රෙද්ද",1
1174215222200012801,@USER මම සහාරාන්ව මෙහෙ උරන් ඵක්ක නිදියන්න දාලා තියෙන්නෙ.,@USER මම සහාරාන්ව මෙහෙ උරන් ඵක්ක නිදියන්න දාලා තියෙන්නෙ .,[],NOT,[],,0
1035755211346739200,@USER ටහුඩු යකෝ මොනවයි උඹ ගැහුවෙ,@USER ටහුඩු යකෝ මොනවයි උඹ ගැහුවෙ,[],NOT,[],,0
870244593954045952,@USER ගුවන් යානයට නගිද්දි  වේක් වෙලා නැද්ද,@USER ගුවන් යානයට නගිද්දි වේක් වෙලා නැද්ද,[],NOT,[],,0
1070663148493918208,@USER  @USER බුදාම්මෝ ...මරු බඩුව එක්ක එන්නෙ,@USER @USER බුදාම්මෝ . . . මරු බඩුව එක්ක එන්නෙ,[],NOT,[],,0
1275278875522510848,@USER කොළඹ අක්ෂි රෝහලේත් වෘත්තිය ක්‍රියාමර්ගයක්.රෝගීන් දැඩි අපහසුතාවක.,@USER කොළඹ අක්ෂි රෝහලේත් වෘත්තිය ක්‍රියාමර්ගයක් . රෝගීන් දැඩි අපහසුතාවක .,[],NOT,[],,0
1347846379255656456,"මම චනදෘ ගෙන් ඇහුවා උඹ හිතන්නේ මොන භාෂාවෙන්ද කියලා ඌ මට කිව්වා ""මම සිංහලෙන් හිතන්නේ ඒත් අමාරු දේවල් දෙමලෙන් හිතන්නේ ""කියලා","මම චනදෘ ගෙන් ඇහුවා උඹ හිතන්නේ මොන භාෂාවෙන්ද කියලා ඌ මට කිව්වා "" මම සිංහලෙන් හිතන්නේ ඒත් අමාරු දේවල් දෙමලෙන් හිතන්නේ "" කියලා",[],NOT,[],,0
766560380386586624,RT  @USER : #SriLankaFamousFor පොඩ්ඩක් පොත්ත සුදු උනාම හෙන කෑල්ල .. එන්ගලන්තෙ හැරී කුමාරයට තමා මාව බදින්නෙ කියලා හිතාගෙන ඉන්න කෙල්ලො,RT @USER : # SriLankaFamousFor පොඩ්ඩක් පොත්ත සුදු උනාම හෙන කෑල්ල . . එන්ගලන්තෙ හැරී කුමාරයට තමා මාව බදින්නෙ කියලා හිතාගෙන ඉන්න කෙල්ලො,[],NOT,[],,0
1020479207086936065,හොස්පිට්ල් ගියා ලෙඩෙක් බලන්න.කැෆේ එකේ අපි දෙන්නා තේ බොද්දී එහාපැත්තේ ටේබල් එකේ බයිකර් ගැන්සියක නාකි මනුස්සයෙක්.යාළු බයිකර්ස්ලා සෙට්එක ඇවිල්ලා බලන්න.   රෝදපුටුවෙන් එයාව කැෆේ එකට ගෙනල්ලා විහිළු තහළු.  හදවතින් අපි කොච්චර තරුණ වුනත් වියපත්වෙන ශරීරෙට පරදින කාලයක් එනවා  ඒක මාර කරුමයක්.,හොස්පිට්ල් ගියා ලෙඩෙක් බලන්න . කැෆේ එකේ අපි දෙන්නා තේ බොද්දී එහාපැත්තේ ටේබල් එකේ බයිකර් ගැන්සියක නාකි මනුස්සයෙක් . යාළු බයිකර්ස්ලා සෙට්එක ඇවිල්ලා බලන්න . රෝදපුටුවෙන් එයාව කැෆේ එකට ගෙනල්ලා විහිළු තහළු . හදවතින් අපි කොච්චර තරුණ වුනත් වියපත්වෙන ශරීරෙට පරදින කාලයක් එනවා ඒක මාර කරුමයක් .,[],NOT,[],,0
1459558453685354500,"@USER වාහන ආනයනයට කඩිනමින් වෙළෙඳපොළ විවෘත නොවන බව මුදල් අමාත්‍යංශය පවසයි.   මුදල් අමාත්‍යංශ ලේකම්වරයා අද (13) පැවැති ප්‍රවෘත්ති සාකච්ඡාවකදී ඒ බව සඳහන් කළේය.  ""අපි වාහන ගෙන්වීම පසුගිය මාර්තු මස නැවැත්තුවා. වාහන ගෙන්වීම සීමාකර තිබෙනවා. මම හිතන්නේ නෑ ප්‍රමුඛතාවය දිය යුතුයි කියලා.","@USER වාහන ආනයනයට කඩිනමින් වෙළෙඳපොළ විවෘත නොවන බව මුදල් අමාත්‍යංශය පවසයි . මුදල් අමාත්‍යංශ ලේකම්වරයා අද ( 13 ) පැවැති ප්‍රවෘත්ති සාකච්ඡාවකදී ඒ බව සඳහන් කළේය . "" අපි වාහන ගෙන්වීම පසුගිය මාර්තු මස නැවැත්තුවා . වාහන ගෙන්වීම සීමාකර තිබෙනවා . මම හිතන්නේ නෑ ප්‍රමුඛතාවය දිය යුතුයි කියලා .",[],NOT,[],,0
1040139596179402753,වයිෆ් නිදි අතරේ යට සායෙන් කිම්බ,වයිෆ් නිදි අතරේ යට සායෙන් කිම්බ,"[0, 0, 0, 0, 0, 1]",OFF,"[0, 0, 0, 0, 0, 1]",කිම්බ,1
1396070427638652928,"අර මිලින්ද කිව්ව වගකීම memo එක ලොක්කට ලැබිලා නැද්ද කොහෙද. දැන් බලන්න, ලොක්කා මෙහෙම කටට ආපු පලියට එක එක දේවල් කිව්වහම  @USER  ටනේ හරිනැත්තේ. ලොක්කත් එක්ක මේක කරන්න බැහැ.","අර මිලින්ද කිව්ව වගකීම memo එක ලොක්කට ලැබිලා නැද්ද කොහෙද . දැන් බලන්න , ලොක්කා මෙහෙම කටට ආපු පලියට එක එක දේවල් කිව්වහම @USER ටනේ හරිනැත්තේ . ලොක්කත් එක්ක මේක කරන්න බැහැ .",[],NOT,[],,0
1215532197253238784,කවුරු හරී දුවගෙන දුවගෙන ඇවිත් තඩි පොල්ලකින් මගෙ ඔලුවට ගැහුවනම්.. ⍣༗Baby Koala ♡✿࿐⍤⍤  @USER  · 10 Jan 2020 කවුරු හරි දුවගෙන දුවගෙන ඇවිල්ලා මාව බදාගන්නවනම්,කවුරු හරී දුවගෙන දුවගෙන ඇවිත් තඩි පොල්ලකින් මගෙ ඔලුවට ගැහුවනම් . . ⍣༗Baby Koala ♡✿࿐⍤⍤  @USER 10 Jan 2020 කවුරු හරි දුවගෙන දුවගෙන ඇවිල්ලා මාව බදාගන්නවනම්,[],NOT,[],,0
1352999383994822656,@USER මං හිතන් උන්නෙ ඒකි දිනල ඔක්කොම සල්ලිත් අරන් ඉවරයි කියල,@USER මං හිතන් උන්නෙ ඒකි දිනල ඔක්කොම සල්ලිත් අරන් ඉවරයි කියල,[],NOT,[],,0
751072335340244993,"""ඔය ගොන් කෙල්ලෝ වගේ නෙවෙයි අපේ දෝණි"" :') #LankanDadQuotes",""" ඔය ගොන් කෙල්ලෝ වගේ නෙවෙයි අපේ දෝණි "" : ' ) # LankanDadQuotes","[0, 0, 1, 0, 0, 0, 0, 0, 0, 0, 0, 0, 0, 0]",OFF,"[0, 0, 1, 0, 0, 0, 0, 0, 0, 0, 0, 0, 0, 0]",ගොන්,1
1486691048210538496,උපයාගත්ත ආකාරය ඔප්පු කිරීමට නොහැකි බව කියන කාරනාව වෙනන ඕනෙ  මෝඩ යකා තුරුම්පුව කරගත්තෙ.,උපයාගත්ත ආකාරය ඔප්පු කිරීමට නොහැකි බව කියන කාරනාව වෙනන ඕනෙ මෝඩ යකා තුරුම්පුව කරගත්තෙ .,"[0, 0, 0, 0, 0, 0, 0, 0, 0, 0, 1, 1, 0, 0, 0]",OFF,"[0, 0, 0, 0, 0, 0, 0, 0, 0, 0, 1, 1, 0, 0, 0]","මෝඩ, යකා",1
1015259068342996993,@USER පකිස්තානයේ එහෙම වුණත් ලංකාවේ එහෙම වෙන්නේ නෑ. @USER  @USER  #LKA,@USER පකිස්තානයේ එහෙම වුණත් ලංකාවේ එහෙම වෙන්නේ නෑ . @USER @USER # LKA,[],NOT,[],,0
1052630382582091776,@USER බලහන් උඹ කීදෙනෙක්ව අපහසුතාවයට පත්කරලද කියල  WinD - සු - දේශිකා @USER  · 17 Oct 2018 අලුත්ම ස්ටයිල් එක දන්නවද ෆ්‍රෙන්? ඒක තමායී ඩීපී එකෙන් කෙවිටක් දික්වෙන එක.,@USER බලහන් උඹ කීදෙනෙක්ව අපහසුතාවයට පත්කරලද කියල WinD - සු - දේශිකා @USER 17 Oct 2018 අලුත්ම ස්ටයිල් එක දන්නවද ෆ්‍රෙන් ? ඒක තමායී ඩීපී එකෙන් කෙවිටක් දික්වෙන එක .,[],NOT,[],,0
981514111941976064,"මේ ට්වීට් එක තමන්ගෙ වයිෆ්,ගර්ල්,අම්ම එක්ක ඇදුම් ගන්න ගිහින් එයාල ඇදුම් තෝරනකල් රස්තියාදු වෙන හැමෝම එකතු කරගන්නව","මේ ට්වීට් එක තමන්ගෙ වයිෆ් , ගර්ල් , අම්ම එක්ක ඇදුම් ගන්න ගිහින් එයාල ඇදුම් තෝරනකල් රස්තියාදු වෙන හැමෝම එකතු කරගන්නව",[],NOT,[],,0
575676661586243584,@USER @USER   ඒ මොකද .පහු වෙනිදට නැගිටින්න අමාරු නිසාද,@USER @USER ඒ මොකද . පහු වෙනිදට නැගිටින්න අමාරු නිසාද,[],NOT,[],,0
765437651432247296,"""පාලකයිනි... තොපි පොන්නයෙක් වුනාට රටේ ඔක්කෝම පොන්නයෝ නෙවේ.."" -  2.50 නොවටින ලපයි සිපයියන් ඊයේ ""සිංහලේ"" වෙනුවට එකම... URL",""" පාලකයිනි . . . තොපි පොන්නයෙක් වුනාට රටේ ඔක්කෝම පොන්නයෝ නෙවේ . . "" - 2.50 නොවටින ලපයි සිපයියන් ඊයේ "" සිංහලේ "" වෙනුවට එකම . . . URL","[0, 0, 0, 0, 0, 1, 1, 0, 0, 0, 1, 0, 0, 0, 0, 0, 0, 0, 0, 1, 0, 0, 0, 0, 0, 0, 0, 0, 0, 0]",OFF,"[0, 0, 0, 0, 0, 1, 1, 0, 0, 0, 1, 0, 0, 0, 0, 0, 0, 0, 0, 1, 0, 0, 0, 0, 0, 0, 0, 0, 0, 0]","තොපි, පොන්නයෙක්, පොන්නයෝ, සිපයියන්",1
716913374626340864,@USER @USER  උත්තර දමා දුන්නේ....පව් ඉතිම්.. පිස්සු ඩෑල් වලට මොන උත්තරද අලෝ...,@USER @USER උත්තර දමා දුන්නේ . . . . පව් ඉතිම් . . පිස්සු ඩෑල් වලට මොන උත්තරද අලෝ . . .,[],NOT,[],,0
1359337284521259009,"බැද්දගේගෙ පක දන්සැලක්, කට පන්සලක් කියල ඔයා දන්නැද්ද සංසර්ගන් ? නැත්තං ඔයා දැනගෙන නොදන්නව වගේ රඟපානවද ??","බැද්දගේගෙ පක දන්සැලක් , කට පන්සලක් කියල ඔයා දන්නැද්ද සංසර්ගන් ? නැත්තං ඔයා දැනගෙන නොදන්නව වගේ රඟපානවද ? ?","[0, 1, 0, 0, 0, 0, 0, 0, 0, 0, 0, 0, 0, 0, 0, 0, 0, 0, 0]",OFF,"[0, 1, 0, 0, 0, 0, 0, 0, 0, 0, 0, 0, 0, 0, 0, 0, 0, 0, 0]",පක,1
779869476871208960,@USER හපොයි වෙඩිමෙ ණයතුරුස් ගෙවල ඉවරවෙද්දි නාකි වෙල දඹදිව් යතෑකි,@USER හපොයි වෙඩිමෙ ණයතුරුස් ගෙවල ඉවරවෙද්දි නාකි වෙල දඹදිව් යතෑකි,[],NOT,[],,0
1165924675626688513,@USER පක ලොකු පුතයි කට ලොකු දුවයි තමයි ඉතිං,@USER පක ලොකු පුතයි කට ලොකු දුවයි තමයි ඉතිං,"[0, 1, 0, 0, 0, 0, 0, 0, 0]",OFF,"[0, 1, 0, 0, 0, 0, 0, 0, 0]",පක,1
1035146229846396928,"යකෝ...ගොඩක් කට්ටිය මොන ගස්ලබ්බකටද...  සමවයසෙ , ලොකු , එක්කෙනෙක් තියල තියන්නම් හොඳේ","යකෝ . . . ගොඩක් කට්ටිය මොන ගස්ලබ්බකටද . . . සමවයසෙ , ලොකු , එක්කෙනෙක් තියල තියන්නම් හොඳේ",[],NOT,[],,0
1023922538525519873,#srilanka 20 ආණ්ඩුක්‍රම ව්‍යවස්ථා කුමන්ත්‍රණයක් !.. පිස්සු හැදුනොත්  @USER  මෛත්‍රීගේ ජනපතිකමට කෙලවේ… එහෙට මෙහෙට පැන්න ඩිස්කේ අම්මට ඩිස්කේ අලුත් පොටක් පාදා ගනී…  @USER   මේ නිසා තමයි කලින්ම කාගේ හෝ උවමනාවකට  @USER  වචනේ එලියට දැම්මේ #lka  @USER  @USER,# srilanka 20 ආණ්ඩුක්‍රම ව්‍යවස්ථා කුමන්ත්‍රණයක් ! . . පිස්සු හැදුනොත් @USER මෛත්‍රීගේ ජනපතිකමට කෙලවේ එහෙට මෙහෙට පැන්න ඩිස්කේ අම්මට ඩිස්කේ අලුත් පොටක් පාදා ගනී @USER මේ නිසා තමයි කලින්ම කාගේ හෝ උවමනාවකට @USER වචනේ එලියට දැම්මේ # lka @USER @USER,[],NOT,[],,0
596942639175442432,@USER @USER  අනේහ් තෑන්ක්ස් ඩාලින් පණේ :*,@USER @USER අනේහ් තෑන්ක්ස් ඩාලින් පණේ : *,[],NOT,[],,0
870263346032910337,"@USER #Australia රජයෙන් ලංකාවට ලැබුනු අාධාර මුදල රුපියල්  ලක්ෂ 580යි.ලංකාවෙි අාමාත්‍යවරයෙකුගේ වාහනයක මිල රු: ලක්ෂ 200, 300, 400, 500, 600Ayyo#lka","@USER # Australia රජයෙන් ලංකාවට ලැබුනු අාධාර මුදල රුපියල් ලක්ෂ 580යි . ලංකාවෙි අාමාත්‍යවරයෙකුගේ වාහනයක මිල රු : ලක්ෂ 200 , 300 , 400 , 500 , 600Ayyo # lka",[],NOT,[],,0
955406732884234246,"ඕව සාධාරණීකරණය කරල, පොල්ස් ලබ්බන්ට සුදු හුණු ගාන අවජාතක බැල්ලියොත් මේ බුකියේ නැතුවාම නෙවෙයි....     URL","ඕව සාධාරණීකරණය කරල , පොල්ස් ලබ්බන්ට සුදු හුණු ගාන අවජාතක බැල්ලියොත් මේ බුකියේ නැතුවාම නෙවෙයි . . . . URL","[0, 0, 0, 0, 0, 1, 0, 0, 0, 1, 1, 0, 0, 0, 0, 0, 0, 0, 0, 0]",OFF,"[0, 0, 0, 0, 0, 1, 0, 0, 0, 1, 1, 0, 0, 0, 0, 0, 0, 0, 0, 0]","ලබ්බන්ට, අවජාතක, බැල්ලියොත්",1
1422850358792003587,"පොහොර ආනයනය තහනම් කලාමත් බනිනව.. ආයෙ  ඒක රිවස් කලාමත් මොනවා හරි කියනව...හිතාගන්න බෑ පිස්සු වගේ නිකං කේෂර® @USER  · 4 Aug 2021  @USER හොඳම විහිළුකාරයා වෙන්න ගෝටාභය 'ස'ට හොඳ තරඟයක් දෙන්න නේද යන්නේ? හැබැයි ඒකනම් අමාරුවෙයි, අන්න රසායනික පොහොර ගැසට් එකත් රිවර්ස් කරලලු.","පොහොර ආනයනය තහනම් කලාමත් බනිනව. . ආයෙ ඒක රිවස් කලාමත් මොනවා හරි කියනව. . . හිතාගන්න බෑ පිස්සු වගේ නිකං කේෂර @USER 4 Aug 2021 @USER හොඳම විහිළුකාරයා වෙන්න ගෝටාභය ' ස ' ට හොඳ තරඟයක් දෙන්න නේද යන්නේ ? හැබැයි ඒකනම් අමාරුවෙයි , අන්න රසායනික පොහොර ගැසට් එකත් රිවර්ස් කරලලු .",[],NOT,[],,0
929574097864060928,"O_o ඇයි යකෝ, මොන කරුමයක්ද ඕයි ඒ.","O_o ඇයි යකෝ , මොන කරුමයක්ද ඕයි ඒ.","[0, 0, 0, 0, 0, 1, 0, 0]",OFF,"[0, 0, 0, 0, 0, 1, 0, 0]",කරුමයක්ද,1
683317811872022528,මෙහෙම එවුන් මොන මගුලකට ඉන්නවද දන් නෑ ෆේස්බුක්.. දන්න හුයන්නකුත් නෑ. ගෑනු පිස්සා. තොට හැමෙ කෙල්ලම තොගේ අක්කද... URL,මෙහෙම එවුන් මොන මගුලකට ඉන්නවද දන් නෑ ෆේස්බුක් . . දන්න හුයන්නකුත් නෑ . ගෑනු පිස්සා . තොට හැමෙ කෙල්ලම තොගේ අක්කද . . . URL,"[0, 0, 0, 0, 0, 0, 0, 0, 0, 0, 0, 1, 0, 0, 0, 1, 0, 1, 0, 0, 1, 0, 0, 0, 0, 0]",OFF,"[0, 0, 0, 0, 0, 0, 0, 0, 0, 0, 0, 1, 0, 0, 0, 1, 0, 1, 0, 0, 1, 0, 0, 0, 0, 0]","හුයන්නකුත්, පිස්සා, තොට, තොගේ",1
1080864516206776321,@USER වැදගත් ගොනා කවුද කියලා මං මේ කල්පනා කලේ  උන් දෙන්නම වැදගත් නෑනේ,@USER වැදගත් ගොනා කවුද කියලා මං මේ කල්පනා කලේ උන් දෙන්නම වැදගත් නෑනේ,[],NOT,[],,0
1408328683195047937,අයිසෙ වට් ද පක්?? Sri Lanka Tweet @USER  · 25 Jun 2021 Another ship  fire  ! MSC MESSINA ship reported a fire in the engine room in the Indian ocean halfway between Sri LankaMalacca Strait.  The ship is en route from Sri Lanka to Singapore - Navy #LKA #SriLanka #MSCmessina File Photo Show this thread,අයිසෙ වට් ද පක් ? ? Sri Lanka Tweet @USER 25 Jun 2021 Another ship fire ! MSC MESSINA ship reported a fire in the engine room in the Indian ocean halfway between Sri LankaMalacca Strait . The ship is en route from Sri Lanka to Singapore - Navy # LKA # SriLanka # MSCmessina File Photo Show this thread,"[0, 0, 0, 1, 0, 0, 0, 0, 0, 0, 0, 0, 0, 0, 0, 0, 0, 0, 0, 0, 0, 0, 0, 0, 0, 0, 0, 0, 0, 0, 0, 0, 0, 0, 0, 0, 0, 0, 0, 0, 0, 0, 0, 0, 0, 0, 0, 0, 0, 0, 0, 0, 0, 0, 0, 0, 0, 0, 0, 0]",OFF,"[0, 0, 0, 1, 0, 0, 0, 0, 0, 0, 0, 0, 0, 0, 0, 0, 0, 0, 0, 0, 0, 0, 0, 0, 0, 0, 0, 0, 0, 0, 0, 0, 0, 0, 0, 0, 0, 0, 0, 0, 0, 0, 0, 0, 0, 0, 0, 0, 0, 0, 0, 0, 0, 0, 0, 0, 0, 0, 0, 0]",පක්,1
1411949699221790723,වර්ජනය කරන එකනම් මහා සක්කිලි වැඩක් බන් එකෙන් අන්තිමට කෙල වෙන්නෙ අහිංසක දුප්පත් මිනිස්සුන්ට මිසක් ආණ්ඩුවට නෙමේ...,වර්ජනය කරන එකනම් මහා සක්කිලි වැඩක් බන් එකෙන් අන්තිමට කෙල වෙන්නෙ අහිංසක දුප්පත් මිනිස්සුන්ට මිසක් ආණ්ඩුවට නෙමේ . . .,"[0, 0, 0, 0, 1, 0, 0, 0, 0, 0, 0, 0, 0, 0, 0, 0, 0, 0, 0, 0]",OFF,"[0, 0, 0, 0, 1, 0, 0, 0, 0, 0, 0, 0, 0, 0, 0, 0, 0, 0, 0, 0]",සක්කිලි,1
1444518822870863872,"@USER ,  @USER  @USER අද මන් ගත්ත තැනත් ඊයේ හවස ඇවිත් තියෙන්නේ කොට්ට පනහයී මන් යද්දී තිබ්බේ හයයී, සිමෙන්තී වැඩි දවසක් තියා ගන්නත් අමාරු නිසා හන්ගනවා කියන්න බෑ","@USER , @USER @USER අද මන් ගත්ත තැනත් ඊයේ හවස ඇවිත් තියෙන්නේ කොට්ට පනහයී මන් යද්දී තිබ්බේ හයයී , සිමෙන්තී වැඩි දවසක් තියා ගන්නත් අමාරු නිසා හන්ගනවා කියන්න බෑ",[],NOT,[],,0
892649167645954048,කොමඩි කියන දේ හරි අමාරු දෙයක්.ඒක වචන වලින්වත් හැසිරීමෙන්වත් දෙන්න පුළුවන් කියලා හිතන්න බෑ.විශේෂයෙන් මුණේ ඉරියව්... URL,කොමඩි කියන දේ හරි අමාරු දෙයක් . ඒක වචන වලින්වත් හැසිරීමෙන්වත් දෙන්න පුළුවන් කියලා හිතන්න බෑ . විශේෂයෙන් මුණේ ඉරියව් . . . URL,[],NOT,[],,0
707275623492792320,Deepthaයා තව නාකි වූ වගයි.. පාටිය හෙට රෑට කොට්ටාවේදී. එන වුන් වරෙල්ලා.... මෙකී නොකී හැමෝම එන්ට.,Deepthaයා තව නාකි වූ වගයි . . පාටිය හෙට රෑට කොට්ටාවේදී . එන වුන් වරෙල්ලා . . . . මෙකී නොකී හැමෝම එන්ට .,[],NOT,[],,0
918031433058287616,@USER  @USER අනේ මන්දා දිනාල් ඔයාගෙ මොළේ තරම. පක විතරක් දිගට ලොකුවට තිබිලා වැඩක් නැහැ. #Teamදිගපයිය.,@USER @USER අනේ මන්දා දිනාල් ඔයාගෙ මොළේ තරම . පක විතරක් දිගට ලොකුවට තිබිලා වැඩක් නැහැ . # Teamදිගපයිය .,"[0, 0, 0, 0, 0, 0, 0, 0, 0, 1, 0, 0, 0, 0, 0, 0, 0, 0, 0, 0]",OFF,"[0, 0, 0, 0, 0, 0, 0, 0, 0, 1, 0, 0, 0, 0, 0, 0, 0, 0, 0, 0]",පක,1
1312992150263525376,"@USER ලෝක ජනගහනය කෝටි 800 ක් ඒකෙන් 85,000 ක් කියන්නේ තැකිය යුතු ගාණක් නෙමෙයි","@USER ලෝක ජනගහනය කෝටි 800 ක් ඒකෙන් 85 , 000 ක් කියන්නේ තැකිය යුතු ගාණක් නෙමෙයි",[],NOT,[],,0
780239581576736768,මෙන්න කොටි හිතවාදී වේසි.... පුතාලා කිබිතිගොල්ලාවේ අහිංසක කිරි දරුවෝ විකුණගෙන කන හැටි  @USER  @USER  @USER  @USER  #lka #SriLanka,මෙන්න කොටි හිතවාදී වේසි . . . . පුතාලා කිබිතිගොල්ලාවේ අහිංසක කිරි දරුවෝ විකුණගෙන කන හැටි @USER @USER @USER @USER # lka # SriLanka,"[0, 0, 0, 1, 0, 0, 0, 0, 1, 0, 0, 0, 0, 0, 0, 0, 0, 0, 0, 0, 0, 0, 0, 0]",OFF,"[0, 0, 0, 1, 0, 0, 0, 0, 1, 0, 0, 0, 0, 0, 0, 0, 0, 0, 0, 0, 0, 0, 0, 0]","වේසි, පුතාලා",1
1432900093523349505,@USER ඕං කනෝ පිනුම් කිව්වලු....,@USER ඕං කනෝ පිනුම් කිව්වලු . . . .,[],NOT,[],,0
1198866573206802433,@USER පක තමා.. කොහෙද හුත්තෝ කුරුණෑගල ඔච්චර දින්නේ. පුත්තලම විතරයි. බොරු දමා හැමිනෙන් නැතුව වැඩක් බලාගං,@USER පක තමා . . කොහෙද හුත්තෝ කුරුණෑගල ඔච්චර දින්නේ . පුත්තලම විතරයි . බොරු දමා හැමිනෙන් නැතුව වැඩක් බලාගං,"[0, 0, 0, 0, 0, 0, 1, 0, 0, 0, 0, 0, 0, 0, 0, 0, 0, 0, 0, 0]",OFF,"[0, 0, 0, 0, 0, 0, 1, 0, 0, 0, 0, 0, 0, 0, 0, 0, 0, 0, 0, 0]",හුත්තෝ,1
1130803073851449344,@USER පලයව් යන්න තොපි තමා හෙනේ,@USER පලයව් යන්න තොපි තමා හෙනේ,"[0, 1, 0, 1, 0, 1]",OFF,"[0, 1, 0, 1, 0, 1]","පලයව්, තොපි, හෙනේ",1
1479280966187163654,⦀⦁කරුම ගෙවන ජිවිතේ උරුමකම් හොයන අපුරු ජාතියක් මිනිස්සු෴,⦀⦁කරුම ගෙවන ජිවිතේ උරුමකම් හොයන අපුරු ජාතියක් මිනිස්සු෴,[],NOT,[],,0
724918196621447168,@USER  පීස් බේබ් මේකට රැප් එකක් හදන්න  Like මන් කැමති නෑ උ$$&තෝ කාට්වත් අපි ගන්නෙ නෑ කාවවත්  විශ්වාස නෑ කැ$& තවත් URL This Tweet is unavailable.,@USER පීස් බේබ් මේකට රැප් එකක් හදන්න Like මන් කැමති නෑ උ $ $ & තෝ කාට්වත් අපි ගන්නෙ නෑ කාවවත් විශ්වාස නෑ කැ $ & තවත් URL This Tweet is unavailable .,[],NOT,[],,0
810158670998740992,@USER  @USER @USER  අපිව නිව්ස් වල පෙන්නහන් පීස්,@USER @USER @USER අපිව නිව්ස් වල පෙන්නහන් පීස්,[],NOT,[],,0
747456762085675009,හෙන වල් බැල්මක් තියෙන්නේ  ඒ කලෙත් වලා දැනුත් වලා,හෙන වල් බැල්මක් තියෙන්නේ ඒ කලෙත් වලා දැනුත් වලා,"[0, 1, 0, 0, 0, 0, 1, 0, 1]",OFF,"[0, 1, 0, 0, 0, 0, 1, 0, 1]","වල්, වලා, වලා",1
1112923072414339075,"@USER ඔබ දුටු මුල් දා එදා. දැක්කේ අරකම තම. එය දැකලා, පක නැගලා. දුටුවා මුහුණත් එදා.","@USER ඔබ දුටු මුල් දා එදා . දැක්කේ අරකම තම . එය දැකලා , පක නැගලා . දුටුවා මුහුණත් එදා .","[0, 0, 0, 0, 0, 0, 0, 0, 0, 0, 0, 0, 0, 0, 1, 0, 0, 0, 0, 0, 0]",OFF,"[0, 0, 0, 0, 0, 0, 0, 0, 0, 0, 0, 0, 0, 0, 1, 0, 0, 0, 0, 0, 0]",පක,1
1131148316589248512,@USER මොන බොරුවක් ද. මේ දැන් ජනාධිපති ගියා නෙලුම් පොකුන ගාවින්. ඔෆිස් එකේ පාක් එකේ නවත්තලා තිබ්බ වාහන අයින් කරන්න කිව්වා.,@USER මොන බොරුවක් ද . මේ දැන් ජනාධිපති ගියා නෙලුම් පොකුන ගාවින් . ඔෆිස් එකේ පාක් එකේ නවත්තලා තිබ්බ වාහන අයින් කරන්න කිව්වා .,[],NOT,[],,0
579649896959090690,හුකනවා තමා.මටන කියලා බුකි එකවුන්ට් එකක් හදාගෙන මන් මැසෙජ් කරාම ඔයා කවුද කියලා අහන ජාතියේ පරට්‍ට උන්නේ යකෝ මෙකේ... URL,හුකනවා තමා . මටන කියලා බුකි එකවුන්ට් එකක් හදාගෙන මන් මැසෙජ් කරාම ඔයා කවුද කියලා අහන ජාතියේ පරට්‍ට උන්නේ යකෝ මෙකේ. . . URL,"[1, 0, 0, 0, 0, 0, 0, 0, 0, 0, 0, 0, 0, 0, 0, 0, 0, 0, 0, 0, 0, 0, 0, 0]",OFF,"[1, 0, 0, 0, 0, 0, 0, 0, 0, 0, 0, 0, 0, 0, 0, 0, 0, 0, 0, 0, 0, 0, 0, 0]",හුකනවා,1
665751035449733120,@USER @USER කව්ද බොල උඩ බලන් හිටියේ .   @USER,@USER @USER කව්ද බොල උඩ බලන් හිටියේ . @USER,[],NOT,[],,0
605981358238920704,Photo: පිළිකුත්තුව බැලුන් ගල මුදුනේ (at lake house) URL,Photo : පිළිකුත්තුව බැලුන් ගල මුදුනේ ( at lake house ) URL,[],NOT,[],,0
1146435331199098881,"@USER  @USER    යකෝ ගමක් ඇවිල්ලා ගහනවද පවුලේ ප්‍රශ්න වල ම  අනික උන්ගේ පවුලේ ප්‍රශ්නයක් නෙමෙයිනේ. උබලගේ පල්ලියේ එවුන්ට අමාරුව තිබිලා තියෙන්නේ, තොපි  වගේ අන්තවාදියන්ව මේ රටෙන් එලවන්න ඕන.","@USER @USER යකෝ ගමක් ඇවිල්ලා ගහනවද පවුලේ ප්‍රශ්න වල ම අනික උන්ගේ පවුලේ ප්‍රශ්නයක් නෙමෙයිනේ . උබලගේ පල්ලියේ එවුන්ට අමාරුව තිබිලා තියෙන්නේ , තොපි වගේ අන්තවාදියන්ව මේ රටෙන් එලවන්න ඕන .","[0, 0, 0, 0, 0, 0, 0, 0, 0, 0, 0, 0, 0, 0, 0, 0, 0, 0, 0, 0, 0, 0, 0, 0, 0, 1, 0, 0, 1, 1, 0]",OFF,"[0, 0, 0, 0, 0, 0, 0, 0, 0, 0, 0, 0, 0, 0, 0, 0, 0, 0, 0, 0, 0, 0, 0, 0, 0, 1, 0, 0, 1, 1, 0]","අන්තවාදියන්ව, එලවන්න, ඕන",1
719851214372909056,මේ චායාරූප වල තියෙන්නේ බණ්ඩාරවෙල නගරය අවට මාර්ග. ඉස්සර ලස්සනට තිබුන බණ්ඩාරවෙල දැන් කැත වෙලා. පරිසරය විතරක් නෙවෙයි... URL,මේ චායාරූප වල තියෙන්නේ බණ්ඩාරවෙල නගරය අවට මාර්ග . ඉස්සර ලස්සනට තිබුන බණ්ඩාරවෙල දැන් කැත වෙලා . පරිසරය විතරක් නෙවෙයි . . . URL,[],NOT,[],,0
1339811566892400640,බෝඩරෙ චණ්ඩි  දාන්නෙ සූස්ති  කෑල්ල පොඩ්ඩක්  තරහ උනොත්  අතේ බ්ලේඩ් පාරවල්  සීයයි බූට් පෝස්ට් එකසිය පනහයි,බෝඩරෙ චණ්ඩි දාන්නෙ සූස්ති කෑල්ල පොඩ්ඩක් තරහ උනොත් අතේ බ්ලේඩ් පාරවල් සීයයි බූට් පෝස්ට් එකසිය පනහයි,[],NOT,[],,0
737602202366148611,බලු වැඩ කලාම බැල්ලි වෙන එක අහන්නත් දෙයක්යැ ? බලු වැඩ කරන්නේ බැල්ලියෝ තමා !!!,බලු වැඩ කලාම බැල්ලි වෙන එක අහන්නත් දෙයක්යැ ? බලු වැඩ කරන්නේ බැල්ලියෝ තමා ! ! !,"[0, 0, 0, 1, 0, 0, 0, 0, 0, 0, 0, 0, 1, 0, 0, 0, 0]",OFF,"[0, 0, 0, 1, 0, 0, 0, 0, 0, 0, 0, 0, 1, 0, 0, 0, 0]","බැල්ලි, බැල්ලියෝ",1
832584789022564352,රෑට හුජ්ජ කරන්න යන්නෙත් කොළබ කොඩි ගහ යටට. කියන් උන් බස් රූට් එක අහ ගන්නේ අපෙන් කියහන්කෝ,රෑට හුජ්ජ කරන්න යන්නෙත් කොළබ කොඩි ගහ යටට . කියන් උන් බස් රූට් එක අහ ගන්නේ අපෙන් කියහන්කෝ,"[0, 1, 0, 0, 0, 0, 0, 0, 0, 0, 0, 0, 0, 0, 0, 0, 0, 0]",OFF,"[0, 1, 0, 0, 0, 0, 0, 0, 0, 0, 0, 0, 0, 0, 0, 0, 0, 0]",හුජ්ජ,1
905591144255455234,අම්ම වේසකම් කලාම  පාරට බැහැල අම්මට වෙX කියන්න ගියාම  ඌ දන්නෙ නෑ ඌ නිකම්ම වේXගෙ පුතා වෙන බව — feeling sad,අම්ම වේසකම් කලාම පාරට බැහැල අම්මට වෙX කියන්න ගියාම ඌ දන්නෙ නෑ ඌ නිකම්ම වේXගෙ පුතා වෙන බව — feeling sad,"[0, 1, 0, 0, 0, 0, 1, 0, 0, 0, 0, 0, 0, 0, 1, 1, 0, 0, 0, 0, 0]",OFF,"[0, 1, 0, 0, 0, 0, 1, 0, 0, 0, 0, 0, 0, 0, 1, 1, 0, 0, 0, 0, 0]","වේසකම්, වෙX, වේXගෙ, පුතා",1
1063267290047750144,"@USER  @USER    පාර්ලිමේන්තුව විනාශ වෙලා ගියාම මේ රටට යහපතක් වෙයි කියලා හිතන මිනිස්සුංගේ ප්‍රාර්තනාවන් මම ඕනේ තරම් දැකලා තියෙනවා.  නමුත් මේ වගේ ස්තිර ප්‍රතිපත්තියක නැති, සල්ලිවලට ඕනේ දහදුරා වැඩක් කරන තුප්පහි සක්කිලි ඉන්නකම් මේ රට ගොඩගන්න තියා ඒ ගැන හිතන්නවත් බෑ!!!","@USER @USER පාර්ලිමේන්තුව විනාශ වෙලා ගියාම මේ රටට යහපතක් වෙයි කියලා හිතන මිනිස්සුංගේ ප්‍රාර්තනාවන් මම ඕනේ තරම් දැකලා තියෙනවා . නමුත් මේ වගේ ස්තිර ප්‍රතිපත්තියක නැති , සල්ලිවලට ඕනේ දහදුරා වැඩක් කරන තුප්පහි සක්කිලි ඉන්නකම් මේ රට ගොඩගන්න තියා ඒ ගැන හිතන්නවත් බෑ ! ! !","[0, 0, 0, 0, 0, 0, 0, 0, 0, 0, 0, 0, 0, 0, 0, 0, 0, 0, 0, 0, 0, 0, 0, 0, 0, 0, 0, 0, 0, 0, 0, 0, 1, 1, 0, 0, 0, 0, 0, 0, 0, 0, 0, 0, 0, 0]",OFF,"[0, 0, 0, 0, 0, 0, 0, 0, 0, 0, 0, 0, 0, 0, 0, 0, 0, 0, 0, 0, 0, 0, 0, 0, 0, 0, 0, 0, 0, 0, 0, 0, 1, 1, 0, 0, 0, 0, 0, 0, 0, 0, 0, 0, 0, 0]","තුප්පහි, සක්කිලි",1
1281962526691872768,"@USER අයිසෙ බයිසන්, තමුසෙ පේස්බුක් එකෙයි, මේකෙයි හැමතැනම නෝන්ඩි වෙනවා විතරනෙ! හැබෑට ඔහේ මේ කරන වැඩ වලට හොඳ කියන මිනිස්සුත් ඉන්නවද?","@USER අයිසෙ බයිසන් , තමුසෙ පේස්බුක් එකෙයි , මේකෙයි හැමතැනම නෝන්ඩි වෙනවා විතරනෙ ! හැබෑට ඔහේ මේ කරන වැඩ වලට හොඳ කියන මිනිස්සුත් ඉන්නවද ?",[],NOT,[],,0
1486527274509733889,@USER මගේ ජීවිතේ මම දැකපු පට්ටම වේස බඩුව ඔය කියන නුවර වංශවත් අම්මණ්ඩියෙක් තමයි...,@USER මගේ ජීවිතේ මම දැකපු පට්ටම වේස බඩුව ඔය කියන නුවර වංශවත් අම්මණ්ඩියෙක් තමයි . . .,"[0, 0, 0, 0, 0, 0, 1, 1, 0, 0, 0, 0, 0, 0, 0, 0, 0]",OFF,"[0, 0, 0, 0, 0, 0, 1, 1, 0, 0, 0, 0, 0, 0, 0, 0, 0]","වේස, බඩුව",1
966880297345212418,අපි මොකටද යකෝ තොපේ කුනු කිම්බවල් වෙනුවෙන් හිත රිද්දගන්නේ... අනෙප් පලයං කෙල්ල යන්න... අකමැතී කීවම එනෝ මෙතන හිත රිදුනද අහන්න..,අපි මොකටද යකෝ තොපේ කුනු කිම්බවල් වෙනුවෙන් හිත රිද්දගන්නේ . . . අනෙප් පලයං කෙල්ල යන්න . . . අකමැතී කීවම එනෝ මෙතන හිත රිදුනද අහන්න . .,"[0, 0, 1, 1, 1, 1, 0, 0, 0, 0, 0, 0, 0, 1, 0, 0, 0, 0, 0, 0, 0, 0, 0, 0, 0, 0, 0, 0]",OFF,"[0, 0, 1, 1, 1, 1, 0, 0, 0, 0, 0, 0, 0, 1, 0, 0, 0, 0, 0, 0, 0, 0, 0, 0, 0, 0, 0, 0]","යකෝ, තොපේ, කුනු, කිම්බවල්, පලයං",1
630735372457132032,"හම්බයෙක් මැරුවොත් අපේ උන්ට හෙන අමාරුයි. UNP කාරයො 88, 89 මරපු ඒවත් ගොඩ දාල බලපල්ලකො ඉවරයක් කරන්න පුලුවන්ද කියල #GenElecSL","හම්බයෙක් මැරුවොත් අපේ උන්ට හෙන අමාරුයි . UNP කාරයො 88 , 89 මරපු ඒවත් ගොඩ දාල බලපල්ලකො ඉවරයක් කරන්න පුලුවන්ද කියල # GenElecSL","[1, 0, 0, 0, 0, 0, 0, 0, 0, 0, 0, 0, 0, 0, 0, 0, 0, 0, 0, 0, 0, 0, 0]",OFF,"[1, 0, 0, 0, 0, 0, 0, 0, 0, 0, 0, 0, 0, 0, 0, 0, 0, 0, 0, 0, 0, 0, 0]",හම්බයෙක්,1
