Original Comment,Cleaned Comment,Label,Hate,Disinfo,Normal,Hate Words
Gandassara pagayo anna thopi hurathal korana uda weerayek ahuwela. Sanga pathale aran gihin wata karapita cid eka. Kalakanni pahara balu siuru radawanaya,Gandassara pagayo anna thopi hurathal korana uda weerayek ahuwela Sanga pathale aran gihin wata karapita cid eka Kalakanni pahara balu siuru radawanaya,HATE,1,0,0,"Kalakanni, pahara, balu"
Aka thami hamuduruwane. Mun wena gemàk gahanna hadanne.ara rajapaksala allanna.munta hena gahanawa.,Aka thami hamuduruwane Mun wena gemk gahanna hadanneara rajapaksala allannamunta hena gahanawa,HATE,1,0,0,
පාස්කු ප්‍රහාරය ගැන නීතිය බලා ගනීවි ඔබවහන්සේ තමන්ගෙ වැඩක් කරගන්න ඇණයක් වෙන්නැතුව,පාස්කු ප්රහාරය ගැන නීතිය බලා ගනීවි ඔබවහන්සේ තමන්ගෙ වැඩක් කරගන්න ඇණයක් වෙන්නැතුව,NORMAL,0,0,1,
Onnayaya ganasara catawahapan ganuhora😭😭😭😭😭😭😭😭😭😭😭😭😭😜😜😜😜😜😜,Onnayaya ganasara catawahapan ganuhora,NORMAL,0,0,1,
Nanasara ayeth patangaththada paduwe idahan ubalage baela ahanna mea ratea kauruthnea ban budda cheware galawala chande ellahan gihin,Nanasara ayeth patangaththada paduwe idahan ubalage baela ahanna mea ratea kauruthnea ban budda cheware galawala chande ellahan gihin,HATE,1,0,0,
Sihalayanata thawa aurudu 10 raganda wenne. mehema giyoth hode😮,Sihalayanata thawa aurudu 10 raganda wenne mehema giyoth hode,HATE,1,0,0,
Ana pal..an yanna boru kiyannatiwa,Ana palan yanna boru kiyannatiwa,NORMAL,0,0,1,
Pansalakata wela idapanko ammapaaaaa epawenawa mun... Issarawage banak kiyan idapan... Ubalata oni rajapakshala gennamaiii,Pansalakata wela idapanko ammapaaaaa epawenawa mun Issarawage banak kiyan idapan Ubalata oni rajapakshala gennamaiii,HATE,1,0,0,oni
Oya karanne billo mawana eka . Oyalata balaya thibunu kale mewa nathara karanna thibunane.,Oya karanne billo mawana eka Oyalata balaya thibunu kale mewa nathara karanna thibunane,HATE,1,0,0,karanna
Thoge ammata,Thoge ammata,NORMAL,0,0,1,
ane pala gon pakaya yana,ane pala gon pakaya yana,HATE,1,0,0,"yana, gon, pakaya"
රාජපක්ෂ නිකායේ පරයෝ,රාජපක්ෂ නිකායේ පරයෝ,NORMAL,0,0,1,
Ai ithin me hamuduruwo nadu danne naththe mechchara thorathuru dannawanam.madya sandarsana thiyagena inne,Ai ithin me hamuduruwo nadu danne naththe mechchara thorathuru dannawanammadya sandarsana thiyagena inne,HATE,1,0,0,
මේ රට ට ඉන්න විශාල පිළිලයක් මේ.,මේ රට ට ඉන්න විශාල පිළිලයක් මේ,NORMAL,0,0,1,
කියන දේවල් සේරම ඇත්ත කියලා මම හිතනවා .නමුත් මේ හාමුදුරුවන් විනයානුකූලව කාටත් අහන්න කැමති විදියට කතා කරනවා නම් හොදයි නේද .රස්තියාදුකාරයෙක් වගේ අරූ මූ කියමින් අප්‍රසන්න හැසිරීම් නිසා සමාජයෙන් පිළිකුල් වෙනවා තමන් විහින්ම.හාමුදුරුවෝ හොදින් ම දන්නවා නෙවැ උඩ බලාගෙන කෙළ ගහගත්තම වැටෙන්නේ තමුන්ගේ මූණට බව.,කියන දේවල් සේරම ඇත්ත කියලා මම හිතනවා නමුත් මේ හාමුදුරුවන් විනයානුකූලව කාටත් අහන්න කැමති විදියට කතා කරනවා නම් හොදයි නේද රස්තියාදුකාරයෙක් වගේ අරූ මූ කියමින් අප්රසන්න හැසිරීම් නිසා සමාජයෙන් පිළිකුල් වෙනවා තමන් විහින්මහාමුදුරුවෝ හොදින් ම දන්නවා නෙවැ උඩ බලාගෙන කෙළ ගහගත්තම වැටෙන්නේ තමුන්ගේ මූණට බව,NORMAL,0,0,1,
හාමුදුරුවනේ  ඔය ඡායාරූප  වල ඉන්න සියලුම  දෙනා මේ රජයයට  සමග ජාතිවාදය  තුරන් කිරීමට  එක්වූ මුස්ලිම්  සහෝදරයන්,හාමුදුරුවනේ ඔය ඡායාරූප වල ඉන්න සියලුම දෙනා මේ රජයයට සමග ජාතිවාදය තුරන් කිරීමට එක්වූ මුස්ලිම් සහෝදරයන්,NORMAL,0,0,1,
මෙන්න මේ කවල්වල ඇතුළට දැම්ම නම් හරි බොරු කියව කියව වටේ යන්න දෙන්් නැතුව පිස්සු හැදිච්ච බල්ලෙක් වගේ,මෙන්න මේ කවල්වල ඇතුළට දැම්ම නම් හරි බොරු කියව කියව වටේ යන්න දෙන්් නැතුව පිස්සු හැදිච්ච බල්ලෙක් වගේ,HATE,1,0,0,"බොරු, නැතුව, වගේ"
Hamuduruwane koheda mechcharakal wadala hitiye.. Apu kalekin.. Mage budu hamuduruwonge sasane winasa karanna epa .. Hethu pala dahama budu hamuduruwo lassanata Deshana  karala thiyenawa. E Deshana hodata niskankawa shrawanayaya karanna..,Hamuduruwane koheda mechcharakal wadala hitiye Apu kalekin Mage budu hamuduruwonge sasane winasa karanna epa Hethu pala dahama budu hamuduruwo lassanata Deshana karala thiyenawa E Deshana hodata niskankawa shrawanayaya karanna,HATE,1,0,0,karanna
Ane ban tho gena danne game apine. Umba hondata badu gahanawa. Genei daruwo thiyagena. Siura galawapan issella,Ane ban tho gena danne game apine Umba hondata badu gahanawa Genei daruwo thiyagena Siura galawapan issella,HATE,1,0,0,badu
මුන්ට ආගම්වාදය ජාතිවාදය නැතිව ජීවත්වෙන්න බෑ.  බුදුහාමුදුරුවෝ මේ වැඩ කලාද  මුන් බුදුරජානන්වහන්සේට අපහාස කරනවා,මුන්ට ආගම්වාදය ජාතිවාදය නැතිව ජීවත්වෙන්න බෑ බුදුහාමුදුරුවෝ මේ වැඩ කලාද මුන් බුදුරජානන්වහන්සේට අපහාස කරනවා,NORMAL,0,0,1,
"මහින්දලා,ගොටාබය ලා,බලයට එන්න පාස්කු ප්‍රහාරය කරා කියලානම් කියන්නේ  නැහැ ???
 මෙයත් එයාලාගේම ගොඩේ එක්කෙනෙක් ??
මෙයාට පන්ඩ් ( මුදල් දෙන්නේ )කරන්නේ ඔවුන්ය. ????🐕🐕🐕🐕🐕🙈🙉🙊🐒????",මහින්දලාගොටාබය ලාබලයට එන්න පාස්කු ප්රහාරය කරා කියලානම් කියන්නේ නැහැ මෙයත් එයාලාගේම ගොඩේ එක්කෙනෙක් මෙයාට පන්ඩ් මුදල් දෙන්නේ කරන්නේ ඔවුන්ය,NORMAL,0,0,1,
හමුදුරුවොනෙ ඔඹ තුමා කාදිනල් තුමාව දැනුවත් කරන්න එතුමාලත්  මේ ආන්ඩු බලයට පත් කරන්න උදව් කරපු අය,හමුදුරුවොනෙ ඔඹ තුමා කාදිනල් තුමාව දැනුවත් කරන්න එතුමාලත් මේ ආන්ඩු බලයට පත් කරන්න උදව් කරපු අය,NORMAL,0,0,1,
ගොටා කරනාම් හරිනෙ උබ දගලන්නෙ,ගොටා කරනාම් හරිනෙ උබ දගලන්නෙ,HATE,1,0,0,
මෙ සිවුරැ  රදවනයෙ සියලුදෙ ආනාවරනය කරන්නෙ කවදද.,මෙ සිවුරැ රදවනයෙ සියලුදෙ ආනාවරනය කරන්නෙ කවදද,NORMAL,0,0,1,
Apehamuduruwane siwubuduwarunage sarana pihita sahasiyalu arakshawa obawahanseata noaduwa labeawa,Apehamuduruwane siwubuduwarunage sarana pihita sahasiyalu arakshawa obawahanseata noaduwa labeawa,HATE,1,0,0,
"ඉතිං අපේ හාමුදුරුවනේ පාස්කු ප්‍රහාරයේ ඉඳලා මේ ආණ්ඩුව පත් වෙනකම් ඔබවහන්සේගේ මහා වීරවරුනේ රට පාලනය කළේ.
මිනිස්සුන්ට ම එපා වෙලා අලුත් ආණ්ඩුවක් පත් කලාට පස්සේ දැන් මොනවද මේ සිවුරු උස්සගෙන කෑගහන්නේ",ඉතිං අපේ හාමුදුරුවනේ පාස්කු ප්රහාරයේ ඉඳලා මේ ආණ්ඩුව පත් වෙනකම් ඔබවහන්සේගේ මහා වීරවරුනේ රට පාලනය කළේ මිනිස්සුන්ට ම එපා වෙලා අලුත් ආණ්ඩුවක් පත් කලාට පස්සේ දැන් මොනවද මේ සිවුරු උස්සගෙන කෑගහන්නේ,NORMAL,0,0,1,
Pala boru kiyannathuwa,Pala boru kiyannathuwa,NORMAL,0,0,1,
Dannako nadu,Dannako nadu,NORMAL,0,0,1,
Mun siuru dagana jatiwatayamai kala,Mun siuru dagana jatiwatayamai kala,NORMAL,0,0,1,
අනේ අනිචිචං,අනේ අනිචිචං,NORMAL,0,0,1,
ඉතා කඩිනමින් මේ කහකඩ පාතාලය මුලිනුපුටා දමමු,ඉතා කඩිනමින් මේ කහකඩ පාතාලය මුලිනුපුටා දමමු,HATE,1,0,0,
"අයි  මුසලයො ඩනට අඋරුඩු 4ක් නෙ සහරාන් ගහලා ,තො ඔච්චර  ඩෙවල් ඩන්නවනම්  අයි එ කලෙදී  අතඩන්ගුවට නොගත්තෙ. තොපි ගනගෙඩි බල්ලො  ටිකක්  ඉනනවනෙ රාජ පක්ෂ ලාට  ආවතෙව කරන, උන්ට ඔනිබඩුකරයො ටික ගෙන්න,
හරියට  රටට  අඩරෙ ගනගෙඩියා.",අයි මුසලයො ඩනට අඋරුඩු 4ක් නෙ සහරාන් ගහලා තො ඔච්චර ඩෙවල් ඩන්නවනම් අයි එ කලෙදී අතඩන්ගුවට නොගත්තෙ තොපි ගනගෙඩි බල්ලො ටිකක් ඉනනවනෙ රාජ පක්ෂ ලාට ආවතෙව කරන උන්ට ඔනිබඩුකරයො ටික ගෙන්න හරියට රටට අඩරෙ ගනගෙඩියා,DISINFO,0,1,0,
"ඔය පින්තූර ඔක්කොම හම්බවෙන්නේ දැන්ද
ඕවා නියම වෙලාවට කිව්වනම් පිළිගන්න තිබුණා දැන් නම් කියනකොට පිළිගන්න අමාරුයි අපේ හාමුදුරුවනේ",ඔය පින්තූර ඔක්කොම හම්බවෙන්නේ දැන්ද ඕවා නියම වෙලාවට කිව්වනම් පිළිගන්න තිබුණා දැන් නම් කියනකොට පිළිගන්න අමාරුයි අපේ හාමුදුරුවනේ,NORMAL,0,0,1,
මෙ හාමුදුරුවෝ ගෝටා ගේන්න ගමක් ගමක් ගානේ මුස්ලිමි විරුද්ධයක් කිවුවා පසුව රටෙ ඉහළ තැනකට ගියා දැන් ඒවානැතුව නැවත පටන් ගත්තා මෙයානමි පණපිටින් අපායට යන්නෙ,මෙ හාමුදුරුවෝ ගෝටා ගේන්න ගමක් ගමක් ගානේ මුස්ලිමි විරුද්ධයක් කිවුවා පසුව රටෙ ඉහළ තැනකට ගියා දැන් ඒවානැතුව නැවත පටන් ගත්තා මෙයානමි පණපිටින් අපායට යන්නෙ,HATE,1,0,0,
පස්කු  ගහනකොට  ලෙකමිි  N pp එකෙ...,පස්කු ගහනකොට ලෙකමිි N pp එකෙ,HATE,1,0,0,
මෙ  රටෙි  උන්ට  බොරැව  ඇගට  පොවලා   එකයි  ඇතටම  මෙ  රට    කවදවත්  දිවුනුවක්  නැ...මෙ  j vp නඩය  නිදා,මෙ රටෙි උන්ට බොරැව ඇගට පොවලා එකයි ඇතටම මෙ රට කවදවත් දිවුනුවක් නැමෙ j vp නඩය නිදා,HATE,1,0,0,
අනේ ආයි ඡාතිවාදය අවුස්සන කාලකනින්,අනේ ආයි ඡාතිවාදය අවුස්සන කාලකනින්,NORMAL,0,0,1,
පිස්සුද හැටිද,පිස්සුද හැටිද,NORMAL,0,0,1,
නාන සාර උබලා රට ගෙනගිය අන්තය අපි දැක්ක අතවින්ද උබ මුස්ලිම් එකට ගහනවා... අනික කැස්සපකය ඌ දෙමළ අල්ලාගෙන ගහනවා උගේ නායකයා නාමල් ඩයස් පොරාවේ අර්ජුනා පොම්කරනවා මුන් සේරෝම එකම ජාලයක් ආණ්ඩුවේ හොදවැඩ යටපත් කර මිනිසුන්ගේ ඔලු නරක් කරන්න ගහනගේම් ඒ ත් මිනිස්සු තොපි හැරෙනකොට දන්නවා..,නාන සාර උබලා රට ගෙනගිය අන්තය අපි දැක්ක අතවින්ද උබ මුස්ලිම් එකට ගහනවා අනික කැස්සපකය ඌ දෙමළ අල්ලාගෙන ගහනවා උගේ නායකයා නාමල් ඩයස් පොරාවේ අර්ජුනා පොම්කරනවා මුන් සේරෝම එකම ජාලයක් ආණ්ඩුවේ හොදවැඩ යටපත් කර මිනිසුන්ගේ ඔලු නරක් කරන්න ගහනගේම් ඒ ත් මිනිස්සු තොපි හැරෙනකොට දන්නවා,NORMAL,0,0,1,
මේ සාදු බයිලා ඕනේ නෑ පාස්කු ප්‍රහාරය ගැන තොරතුරු තියනවනම් ළඟම තියෙන පොලිසියට ගිහිල්ලා එන්ට්‍රියක් දාන්න😎නැත්තං තොරතුරු වසන් කරයි කියලා උස්සගෙන යයි සාධුව❗️,මේ සාදු බයිලා ඕනේ නෑ පාස්කු ප්රහාරය ගැන තොරතුරු තියනවනම් ළඟම තියෙන පොලිසියට ගිහිල්ලා එන්ට්රියක් දාන්නනැත්තං තොරතුරු වසන් කරයි කියලා උස්සගෙන යයි සාධුව,NORMAL,0,0,1,
මුට අනේ ගහපිය නැත්නම් අපිට දිපිය පව් නැ,මුට අනේ ගහපිය නැත්නම් අපිට දිපිය පව් නැ,HATE,1,0,0,
Mahinda nikaye evun elawanna,Mahinda nikaye evun elawanna,NORMAL,0,0,1,
"අපේ ඥානසාර හාමුදුරුවන් වහන්සේ,  වරින් වර මාධ්‍යය  සාකච්ඡා  පවත්වමින් පාස්කු ප්‍රහාරය ගැන සත්‍යය හෙළි කළා, නමුත් වත්මන් ආණ්ඩුවේ බලධාරීන් උන්වහන්සේගේ  බසට සවන් දුන්නේ නෑ , මොකද  පාස්කු ප්‍රහාරයකයත් රාජ පක්ෂලාගේ වැඩක් කියලා අත පිහ දාගන්න තමයි ආණ්ඩුව උත්සාහ කළේ.",අපේ ඥානසාර හාමුදුරුවන් වහන්සේ වරින් වර මාධ්යය සාකච්ඡා පවත්වමින් පාස්කු ප්රහාරය ගැන සත්යය හෙළි කළා නමුත් වත්මන් ආණ්ඩුවේ බලධාරීන් උන්වහන්සේගේ බසට සවන් දුන්නේ නෑ මොකද පාස්කු ප්රහාරයකයත් රාජ පක්ෂලාගේ වැඩක් කියලා අත පිහ දාගන්න තමයි ආණ්ඩුව උත්සාහ කළේ,NORMAL,0,0,1,
ඔයාගේ ආන්ඬුව කාලේ ඇල්ලූවේ නැහැනේ 😅😅😅,ඔයාගේ ආන්ඬුව කාලේ ඇල්ලූවේ නැහැනේ,NORMAL,0,0,1,
පරන බයිලා ආපහු ගයති 😅රැවටෙන්නේ නැහෑ,පරන බයිලා ආපහු ගයති රැවටෙන්නේ නැහෑ,HATE,1,0,0,
Budu bana arenna hamadema dannawa meya.😅.,Budu bana arenna hamadema dannawa meya,NORMAL,0,0,1,
සිංහල බෞද්ධ රජෙක් අපිට නැති හැටියක්....,සිංහල බෞද්ධ රජෙක් අපිට නැති හැටියක්,NORMAL,0,0,1,
මේ හාමුදුරුවන්  රටේ සත්‍ය  ඉදිරිපත්  කලත් කුහකත්වය පිරි අශීලාචාර ත්‍රස්තවාදී  ඒවා වෙනත් දිසාවකට හරවා වාසිගන්නව,මේ හාමුදුරුවන් රටේ සත්ය ඉදිරිපත් කලත් කුහකත්වය පිරි අශීලාචාර ත්රස්තවාදී ඒවා වෙනත් දිසාවකට හරවා වාසිගන්නව,NORMAL,0,0,1,
මේකට පිස්සු  කසිප්පුවා,මේකට පිස්සු කසිප්පුවා,HATE,1,0,0,
Maya ganagediyata gala paanapiyaw.....,Maya ganagediyata gala paanapiyaw,NORMAL,0,0,1,
ඤානසරයා ඔබතමයි ජතිවදය අවුස්සන්න මෙකා ගෑනුතියාගන බීල  කලකනි සරයා,ඤානසරයා ඔබතමයි ජතිවදය අවුස්සන්න මෙකා ගෑනුතියාගන බීල කලකනි සරයා,HATE,1,0,0,
මු තමයි මහ මොළ කරු,මු තමයි මහ මොළ කරු,NORMAL,0,0,1,
"මේ වැදිබන වලට කාලයක් අපිත් රැවටුනා පස්සෙනෙ දැක්කේ ඔබ වහන්සේලා මන්ත්‍රී තනතුරු වලට මරාගත්තු හැට් , පාතාල සබදකම් ආදිය කොහොම උනත් එකක් ස්තිරයි අනුරගේ නායකත්වය රටට තියෙනකම් මොනම ආකාරයේ ජාතිවාද ආයේ නැගිටිනවා බොරු",මේ වැදිබන වලට කාලයක් අපිත් රැවටුනා පස්සෙනෙ දැක්කේ ඔබ වහන්සේලා මන්ත්රී තනතුරු වලට මරාගත්තු හැට් පාතාල සබදකම් ආදිය කොහොම උනත් එකක් ස්තිරයි අනුරගේ නායකත්වය රටට තියෙනකම් මොනම ආකාරයේ ජාතිවාද ආයේ නැගිටිනවා බොරු,NORMAL,0,0,1,
අනෙ..පලයන්....තොපි තමයි...ගොටත්..එකතූවෙලා..ගහපුමුලුරටම..දන්නවා,අනෙපලයන්තොපි තමයිගොටත්එකතූවෙලාගහපුමුලුරටමදන්නවා,HATE,1,0,0,
මේ ආන්ඩුවවත් රැකගමු නේද ?,මේ ආන්ඩුවවත් රැකගමු නේද,NORMAL,0,0,1,
Ane අපට pau පුරවන්න Apa හාමුදුරුවනේ,Ane අපට pau පුරවන්න Apa හාමුදුරුවනේ,NORMAL,0,0,1,
"ඉතින් නාමලයය් මය්නත් එක්කතොය ඉන්නේ කුඩ්ඩෝ..පාතාල කාරයෝ..හොරු, ඕන තරම්...නාමලයනම් කිව්වේ පොලිස් වාර්තා බලලා නෙවෙය් පොටෝ ගහන්නේ කියලා..අනේ බය්යෝ..😂😂",ඉතින් නාමලයය් මය්නත් එක්කතොය ඉන්නේ කුඩ්ඩෝපාතාල කාරයෝහොරු ඕන තරම්නාමලයනම් කිව්වේ පොලිස් වාර්තා බලලා නෙවෙය් පොටෝ ගහන්නේ කියලාඅනේ බය්යෝ,NORMAL,0,0,1,
Ane Pala pissu hutta rata ginitiyanne natuva,Ane Pala pissu hutta rata ginitiyanne natuva,HATE,1,0,0,pissu
Aththhoyhlko vivcnya nethuwa,Aththhoyhlko vivcnya nethuwa,NORMAL,0,0,1,
චීවර දාරීන් කියන්නේ මෙන්න මෙි අයට බලාගන්න,චීවර දාරීන් කියන්නේ මෙන්න මෙි අයට බලාගන්න,NORMAL,0,0,1,
ඇත්තටම නායයන දවස්වල ඔබ වහන්සේ කොහෙද හිටියෙ,ඇත්තටම නායයන දවස්වල ඔබ වහන්සේ කොහෙද හිටියෙ,NORMAL,0,0,1,
ඔචිචර කියවන්න ඔුනෙ නෑ වහාම ගිහින් නඩුදාන්න බොරැ මාද්‍යසංදර්ශන දාන්න ඔුනි නෑ,ඔචිචර කියවන්න ඔුනෙ නෑ වහාම ගිහින් නඩුදාන්න බොරැ මාද්යසංදර්ශන දාන්න ඔුනි නෑ,NORMAL,0,0,1,
නීතිය සාධාරණ නම් රජකාලයේ වගේ දැන් ආගම් අනවශ්‍ය යි.ඛල්ලාගේ වැඩේ බූරුවන් බාරගන්න එපෝ!,නීතිය සාධාරණ නම් රජකාලයේ වගේ දැන් ආගම් අනවශ්ය යිඛල්ලාගේ වැඩේ බූරුවන් බාරගන්න එපෝ,NORMAL,0,0,1,
අනේ.බොරැ.කෙලින්න.එපා.පිටරට..සෙල්ලං.මෙහේ.නැහ❤❤,අනේබොරැකෙලින්නඑපාපිටරටසෙල්ලංමෙහේනැහ,HATE,1,0,0,
Hand une   oba kauda kiaya api dannawa  oya pukadennathuwa  banak kiyagena pansala balaganna,Hand une oba kauda kiaya api dannawa oya pukadennathuwa banak kiyagena pansala balaganna,NORMAL,0,0,1,
"වෙන රජයකට මේවා කිවා නම් ,කෑලිවත් හොයන්ට බැරිවෙනවා.",වෙන රජයකට මේවා කිවා නම් කෑලිවත් හොයන්ට බැරිවෙනවා,NORMAL,0,0,1,
ආපො නොදකින්  මෙ කාලකන්නියා ආයෙත් රට කන්න හදනවා උබලට බනක් බාවනාවක් කරගෙන ඉන්න බැරිද සංඝයො උබලට හොද හොරා කන උන්ම තමයි මෙකා රට ගිනි තියන ජරාම  හනුමෙක් දන්නෙ නැති දෙවල් කියලනෙ උබ රට ගිනි තියන්නෙ,ආපො නොදකින් මෙ කාලකන්නියා ආයෙත් රට කන්න හදනවා උබලට බනක් බාවනාවක් කරගෙන ඉන්න බැරිද සංඝයො උබලට හොද හොරා කන උන්ම තමයි මෙකා රට ගිනි තියන ජරාම හනුමෙක් දන්නෙ නැති දෙවල් කියලනෙ උබ රට ගිනි තියන්නෙ,NORMAL,0,0,1,
😂😂😂😂Gobba 😂😂thuuuu,Gobba thuuuu,NORMAL,0,0,1,
ඉතින් ඕවා ගැන පැමිනිලි කරන්න,ඉතින් ඕවා ගැන පැමිනිලි කරන්න,NORMAL,0,0,1,
Ayeth patangaththada jathiwadaya awssanna.Rajapakshalata kade yana ganagediya.,Ayeth patangaththada jathiwadaya awssannaRajapakshalata kade yana ganagediya,NORMAL,0,0,1,
Ayi ithin unge anduwa kale mewa pennala eyalawa hirata demma naththe. Aduma gane me anduwa chande illanakotawath owa pananna thibuna na.nikam nboruwa wapuranna epa,Ayi ithin unge anduwa kale mewa pennala eyalawa hirata demma naththe Aduma gane me anduwa chande illanakotawath owa pananna thibuna nanikam nboruwa wapuranna epa,HATE,1,0,0,
Maya naduwak,Maya naduwak,NORMAL,0,0,1,
Obawahansa.oyagana.dannawanm.mapamanakal.aliyata.nodamma.ai.maka.adikarana.naduwa.adikaranata.bagain.obatman.guganna.natuwa.enna.ma.anduwa.awella.auruddai.oita.kaline.allanna.tibuna.na.,Obawahansaoyaganadannawanmmapamanakalaliyatanodammaaimakaadikarananaduwaadikaranatabagainobatmangugannanatuwaennamaanduwaawellaauruddaioitakalineallannatibunana,HATE,1,0,0,
"අනේ බත් බැලයො තොපේ නාට්‍ය අපි දන්නවා, තොපි තමයි මයිනට පාස්කු ඇටෑක් එකට පාර කපලා දුන්නේ ජාතිවාදෙ වපුරලා කාලකණ්ණියා, තොට සිවුරු ගලවලා ප්‍රසිද්ධියේ තලන්න ඕනෑ 😡😡😡😡😡😡",අනේ බත් බැලයො තොපේ නාට්ය අපි දන්නවා තොපි තමයි මයිනට පාස්කු ඇටෑක් එකට පාර කපලා දුන්නේ ජාතිවාදෙ වපුරලා කාලකණ්ණියා තොට සිවුරු ගලවලා ප්රසිද්ධියේ තලන්න ඕනෑ,HATE,1,0,0,ඕනෑ
Oya inne nanasarayage ammata hamanapu eka,Oya inne nanasarayage ammata hamanapu eka,HATE,1,0,0,
Thopi jathiwadi api hamoma minisun asaraya karanawa,Thopi jathiwadi api hamoma minisun asaraya karanawa,HATE,1,0,0,
Muthama rate vinasa  mu mahasangaya awstha wadi goda yanna denne nethi kala kanniyo,Muthama rate vinasa mu mahasangaya awstha wadi goda yanna denne nethi kala kanniyo,HATE,1,0,0,denne
මේ පරයට ජාතිවාදය ඇර වෙන දෙයක් නෑ... මූ මොකාට ජාතක උනාද දන්නෑ...,මේ පරයට ජාතිවාදය ඇර වෙන දෙයක් නෑ මූ මොකාට ජාතක උනාද දන්නෑ,NORMAL,0,0,1,
Jayhiwadaya awussanna ranil rajapakshalagen kiosk gaththada ara piyathumekuta gahapu ewath  mewagema kali thamai,Jayhiwadaya awussanna ranil rajapakshalagen kiosk gaththada ara piyathumekuta gahapu ewath mewagema kali thamai,HATE,1,0,0,
Muslim minissu newe parkway gahuwe Muslim anthawadeen pawichchi kara basil  rajapaksha,Muslim minissu newe parkway gahuwe Muslim anthawadeen pawichchi kara basil rajapaksha,HATE,1,0,0,minissu
Ane muge boru mu kiwwa kisideyak une ne boruwata rajapaksalata chanda hadanawa,Ane muge boru mu kiwwa kisideyak une ne boruwata rajapaksalata chanda hadanawa,HATE,1,0,0,boru
Ona awlla jayhiwadaya awussanna meka danma stimulate danna ona,Ona awlla jayhiwadaya awussanna meka danma stimulate danna ona,NORMAL,0,0,1,
Pala pala hanging idala  eliyata  Bahala,Pala pala hanging idala eliyata Bahala,NORMAL,0,0,1,
මු හොදයි රට ගිනි තියන්න..ඉතින් බන් උඹලගෙ ආන්ඩුවනෙ අවුරුදු ගානක් තිබුනෙ අල්ලගෙන හිරේ දාන්නනෙ තිබුනෙ.ඇයි  මෙච්චර කල් බලාගෙන හිටියෙ.,මු හොදයි රට ගිනි තියන්නඉතින් බන් උඹලගෙ ආන්ඩුවනෙ අවුරුදු ගානක් තිබුනෙ අල්ලගෙන හිරේ දාන්නනෙ තිබුනෙඇයි මෙච්චර කල් බලාගෙන හිටියෙ,NORMAL,0,0,1,
"😮😮😮😮😮
Ayyo samey",Ayyo samey,NORMAL,0,0,1,
ඔයාලගෙ ආන්ඩු තිබිල විසදුවද ඕව,ඔයාලගෙ ආන්ඩු තිබිල විසදුවද ඕව,NORMAL,0,0,1,
mඑකා නම් අම්බරුවෙක් බව 2009 සිට ජනයා දන්නවනේ .,mඑකා නම් අම්බරුවෙක් බව 2009 සිට ජනයා දන්නවනේ,NORMAL,0,0,1,
HAMUDURUWO MHANAWELA BANAKIYANNA AKA HODAI,HAMUDURUWO MHANAWELA BANAKIYANNA AKA HODAI,HATE,1,0,0,
"""මහණෙනි මාගේ ශාසනය දිනක විනාස වන්නේ බාහිර සමාජයෙන් එන බලපෑම් හෝ අන් කිසිදු බාහිර කරුණක් නිසා නොව, යකඩයක් ඒ තුලින්ම මලබැඳීම ඇති වී විනාස වී යන්නේ යම් සේද 
මගේ ශාසනයනත් ඒ ආකාරයෙන්ම ශාසනය තුලින්ම පැනනගින දුසිල්වත් කම් නිසා විනාශ වී යයි"" 

සද්ධම්ම ප්‍රතිරූපක සූත්‍රයේ දී බුදුන්වහන්සේ දේශනා කරන ලද්දේ බුද්ධ ශාසනය කවදා හෝ විනාශ වන්නේ බාහිර බලවේගයකින් නොව ශාසනය තුළින් බිහි වන්නා වූ අලජ්ජි භික්ෂූන් නිසාවෙන් බවයි. 
ඉතාමත් ශක්තිමත් යකඩයක් කවදා හෝ විනාශ වන්නේ බාහිර බලවේගයක් නිසා නොව ඒ තුළින්ම හට ගන්නා මලකඩ තුළින්මය යන උපහැරණය ද ගෙන පෑවේය.

ඒ පිළිබඳ තවත් උදාහරණයක් මහා සුපින ජාතකයේ සඳහන් ය. කොසොල් රජු ද දුටු සිහින 16න් එක් සිහිනයක් වූයේ ලක්ෂයක් වටිනා සඳුන් හරයක් කුණු මොරට විකිණීමය. එම සිහිනයේ තේරුම පැහැදිලි කරමින් බුදුන් දේශනා කළේ;

මහ රජ අනාගතයේ සිව්පසය කෙරෙහි ලොල් වන්නා වූ භික්ෂූන් බොහෝ වන්නාහුය. 
මා විසින් අල්පේච්ඡතාව පිළිබඳව දේශනා කරන ලද ධර්මය ඔවුන් වෙනත් අයුරකින් දේශනා කරනු ලබයි. 
නිර්වාණය මුල්කොට ගෙන ධර්මය දේශනා නොකරමින් සමහර භික්ෂූන් වීදි මධ්‍යයෙහි හතරමං හන්දිවල, වාහල්කඩවල සිට කහවනු ලබා ගැනීමේ අරමුණින් දහම් දෙසති. එහි කෙළවර ශාසනය පිරිහී යාමය”. 

බුදුන් වහන්සේ වදාරන ලද්දේ භික්ෂූන් වහන්සේ විනය ආරක්ෂා කරන තාක් උන්වහන්සේගේ ශාසනයේ පිරිහීම් හෝ බිඳ වැටීම් සිදු නොවන බවය. 
“විනයෝ නාම සාසනස්ස ආයු” වශයෙන් දෙවැනි ධර්ම සංගායනාවේ දී ප්‍රකාශ වූයේ ශාසනයේ ආයුෂ තීරණය වන්නේ විනයේ පැවැත්ම ඇති තාක් යනුවෙනි.",මහණෙනි මාගේ ශාසනය දිනක විනාස වන්නේ බාහිර සමාජයෙන් එන බලපෑම් හෝ අන් කිසිදු බාහිර කරුණක් නිසා නොව යකඩයක් ඒ තුලින්ම මලබැඳීම ඇති වී විනාස වී යන්නේ යම් සේද මගේ ශාසනයනත් ඒ ආකාරයෙන්ම ශාසනය තුලින්ම පැනනගින දුසිල්වත් කම් නිසා විනාශ වී යයි සද්ධම්ම ප්රතිරූපක සූත්රයේ දී බුදුන්වහන්සේ දේශනා කරන ලද්දේ බුද්ධ ශාසනය කවදා හෝ විනාශ වන්නේ බාහිර බලවේගයකින් නොව ශාසනය තුළින් බිහි වන්නා වූ අලජ්ජි භික්ෂූන් නිසාවෙන් බවයි ඉතාමත් ශක්තිමත් යකඩයක් කවදා හෝ විනාශ වන්නේ බාහිර බලවේගයක් නිසා නොව ඒ තුළින්ම හට ගන්නා මලකඩ තුළින්මය යන උපහැරණය ද ගෙන පෑවේය ඒ පිළිබඳ තවත් උදාහරණයක් මහා සුපින ජාතකයේ සඳහන් ය කොසොල් රජු ද දුටු සිහින 16න් එක් සිහිනයක් වූයේ ලක්ෂයක් වටිනා සඳුන් හරයක් කුණු මොරට විකිණීමය එම සිහිනයේ තේරුම පැහැදිලි කරමින් බුදුන් දේශනා කළේ මහ රජ අනාගතයේ සිව්පසය කෙරෙහි ලොල් වන්නා වූ භික්ෂූන් බොහෝ වන්නාහුය මා විසින් අල්පේච්ඡතාව පිළිබඳව දේශනා කරන ලද ධර්මය ඔවුන් වෙනත් අයුරකින් දේශනා කරනු ලබයි නිර්වාණය මුල්කොට ගෙන ධර්මය දේශනා නොකරමින් සමහර භික්ෂූන් වීදි මධ්යයෙහි හතරමං හන්දිවල වාහල්කඩවල සිට කහවනු ලබා ගැනීමේ අරමුණින් දහම් දෙසති එහි කෙළවර ශාසනය පිරිහී යාමය බුදුන් වහන්සේ වදාරන ලද්දේ භික්ෂූන් වහන්සේ විනය ආරක්ෂා කරන තාක් උන්වහන්සේගේ ශාසනයේ පිරිහීම් හෝ බිඳ වැටීම් සිදු නොවන බවය විනයෝ නාම සාසනස්ස ආයු වශයෙන් දෙවැනි ධර්ම සංගායනාවේ දී ප්රකාශ වූයේ ශාසනයේ ආයුෂ තීරණය වන්නේ විනයේ පැවැත්ම ඇති තාක් යනුවෙනි,NORMAL,0,0,1,
මෙි සුවාමින් වහන්සේ හැම දාම ඇත්ත කිවුවා දැන් බලන් ගියාම ආන්ඩුව තමයි පාස්කු පුහාරයට වග කියන්න ඔනැ මෙවා නමි කාට කියන අව නඩුද,මෙි සුවාමින් වහන්සේ හැම දාම ඇත්ත කිවුවා දැන් බලන් ගියාම ආන්ඩුව තමයි පාස්කු පුහාරයට වග කියන්න ඔනැ මෙවා නමි කාට කියන අව නඩුද,NORMAL,0,0,1,
අඩෝ අඩෝ  .......මිනිසු අන්දපු කාලෙ  ඉවරයි හරී.....ම්,අඩෝ අඩෝ මිනිසු අන්දපු කාලෙ ඉවරයි හරීම්,HATE,1,0,0,
Very good speech,Very good speech,NORMAL,0,0,1,
නානසාරට ඔය පාස්කු     ප්‍රහාරය ගැන ඒ කාලෙත් කියන්න තිබ්බ නේද,නානසාරට ඔය පාස්කු ප්රහාරය ගැන ඒ කාලෙත් කියන්න තිබ්බ නේද,NORMAL,0,0,1,
ආයෙ  පටන්ගන්න  ජාතිවාදය  .,ආයෙ පටන්ගන්න ජාතිවාදය,NORMAL,0,0,1,
Ane mehemath HAAN.  DURUWO.           THATHAGATHAYAN WAHANSA '.      API MONATHARAM ASARANADA.,Ane mehemath HAAN DURUWO THATHAGATHAYAN WAHANSA API MONATHARAM ASARANADA,NORMAL,0,0,1,
මුළු මහත් සංග සමාජයට නින්දවක් ඝනසාර උබ,මුළු මහත් සංග සමාජයට නින්දවක් ඝනසාර උබ,NORMAL,0,0,1,
Photo gahanna baida yako. Photos hadannath puluwan. Rata awssanna hadana sivru radawana.,Photo gahanna baida yako Photos hadannath puluwan Rata awssanna hadana sivru radawana,NORMAL,0,0,1,
Politics is not your subject. Pls stop,Politics is not your subject Pls stop,NORMAL,0,0,1,
පොඩි අඩියක් ගහන ගමන් කතා කරමුද...එතකොට නේ ගැම්ම..අවංකවම  ඔයාගේ ajenda එක මොකක්ද මටනම් හිතෙන්නේ හාමිදුරුවෝ කාටහරි කඩේ යනවා...නැති ප්‍රශ්න  ඇතිකරනවා...,පොඩි අඩියක් ගහන ගමන් කතා කරමුදඑතකොට නේ ගැම්මඅවංකවම ඔයාගේ ajenda එක මොකක්ද මටනම් හිතෙන්නේ හාමිදුරුවෝ කාටහරි කඩේ යනවානැති ප්රශ්න ඇතිකරනවා,NORMAL,0,0,1,
යකෝ මලිමා ඉන්ග්‍රිසි ගුරාට වඩා හොදට හාමුදුරුවො ඉන්ග්‍රිසි උච්චාරනය කරනවනෙ,යකෝ මලිමා ඉන්ග්රිසි ගුරාට වඩා හොදට හාමුදුරුවො ඉන්ග්රිසි උච්චාරනය කරනවනෙ,NORMAL,0,0,1,
හාමුදුරුවනේ අනුර කිව්වා නේද අප්‍රේල් 21 දාට මහා මොළකාරයා එළි දැක්වීම කරන බව.ඒ වුනාට කොයි අවුරුද්දේ ද කියල කිව්වේ නැහැ kadinal තුමාට.,හාමුදුරුවනේ අනුර කිව්වා නේද අප්රේල් 21 දාට මහා මොළකාරයා එළි දැක්වීම කරන බවඒ වුනාට කොයි අවුරුද්දේ ද කියල කිව්වේ නැහැ kadinal තුමාට,NORMAL,0,0,1,
Anura pirimiyek nemeyi U ranjanta kiyala gassaganna ekaa,Anura pirimiyek nemeyi U ranjanta kiyala gassaganna ekaa,HATE,1,0,0,
Palayan  pakaya kAri balla ballek ban UBA,Palayan pakaya kAri balla ballek ban UBA,HATE,1,0,0,"ballek, pakaya, balla"
අමනසාර තමයි මාමුලකරු,අමනසාර තමයි මාමුලකරු,HATE,1,0,0,
ඉතිං දාපන්කො බං නඩුවක්,ඉතිං දාපන්කො බං නඩුවක්,NORMAL,0,0,1,
යකෝ කතෝලිකයින්ට නැති අමාරුවක්නෙ මූට තියෙන්නෙ?,යකෝ කතෝලිකයින්ට නැති අමාරුවක්නෙ මූට තියෙන්නෙ,HATE,1,0,0,
මේවගේ අයට සිවුරක් පොරවල කරගත්තේ අමන වැඩක්..,මේවගේ අයට සිවුරක් පොරවල කරගත්තේ අමන වැඩක්,HATE,1,0,0,
ඊබ්‍රාහිම්ලා ඔතන්ට ගෙනාපු අදෘශ්‍යමාන මිනිසා සමග සම්බන්ධතා පෙන්නපු මහත්තයා තමයි බැසිලා ගනයෝ.ඉතින් යකෝ ගෝට ගෙනාවේ බොලානේ ගනේ ගෝටට තිබ්බනේ යකෝ උන්ගෙබෙල්ලෙන් අල්ලල දඩුවම් දෙන්න. කොරාද #කෝ.,ඊබ්රාහිම්ලා ඔතන්ට ගෙනාපු අදෘශ්යමාන මිනිසා සමග සම්බන්ධතා පෙන්නපු මහත්තයා තමයි බැසිලා ගනයෝඉතින් යකෝ ගෝට ගෙනාවේ බොලානේ ගනේ ගෝටට තිබ්බනේ යකෝ උන්ගෙබෙල්ලෙන් අල්ලල දඩුවම් දෙන්න කොරාද ෝ,HATE,1,0,0,දෙන්න
අනේ මේ ඔබවහන්සේ බුදු දහම දේශනා කරනවාද?,අනේ මේ ඔබවහන්සේ බුදු දහම දේශනා කරනවාද,NORMAL,0,0,1,
Jathiwadaya  athikaranna apa  dane tikak walada banak kiyala  inna,Jathiwadaya athikaranna apa dane tikak walada banak kiyala inna,NORMAL,0,0,1,
තව ටික දවසකින් කොටිත් නැගිටි මුන්ට ගෑනු තියාගෙන අරක්කු බිබී ආතල් එකේ මේ ආණ්ඩුවෙන් ඉඩ දෙන්නේ නැහැ නේ,තව ටික දවසකින් කොටිත් නැගිටි මුන්ට ගෑනු තියාගෙන අරක්කු බිබී ආතල් එකේ මේ ආණ්ඩුවෙන් ඉඩ දෙන්නේ නැහැ නේ,NORMAL,0,0,1,
මුං හිරේ දානකන් රට හදන්න බෑ,මුං හිරේ දානකන් රට හදන්න බෑ,NORMAL,0,0,1,
ඇයිමේරටේසිටිනහැමමනුස්සයමරටේඋරුමක්කාරයෝඒනිසාකවුරුවත්වෙනස්විදියටහිතන්නේඇයිජාතිවාදයසම්පුර්නයෙන්මඅත්හැරියේනැත්තන්මේරටහැමදාඅගාදයේතමයිඉදිරිපරපුටහොදින්ජීවත්වෙන්නරටක්ඕන.හාමුරුවෝඅවුස්සනවාඑකඑකදේනල්කියකියාඅමනසානිවනලගයි.ඔහොමයනකොටඅරහත්වෙයි.,ඇයිමේරටේසිටිනහැමමනුස්සයමරටේඋරුමක්කාරයෝඒනිසාකවුරුවත්වෙනස්විදියටහිතන්නේඇයිජාතිවාදයසම්පුර්නයෙන්මඅත්හැරියේනැත්තන්මේරටහැමදාඅගාදයේතමයිඉදිරිපරපුටහොදින්ජීවත්වෙන්නරටක්ඕනහාමුරුවෝඅවුස්සනවාඑකඑකදේනල්කියකියාඅමනසානිවනලගයිඔහොමයනකොටඅරහත්වෙයි,DISINFO,0,1,0,
"බුදු දහම විනාශ නොකර එක්කෝ මහණ වෙයන්, නැත්තං සිවුර ගලවලා පැත්තකින් තියලා ඕනැ නාඩගමක් නටපිය. තවත් රට ගිණි තියලා විනාශ කරන්න තොපි වගේ සක්කිලියන්ට ඉඩ දිය නොහැක .",බුදු දහම විනාශ නොකර එක්කෝ මහණ වෙයන් නැත්තං සිවුර ගලවලා පැත්තකින් තියලා ඕනැ නාඩගමක් නටපිය තවත් රට ගිණි තියලා විනාශ කරන්න තොපි වගේ සක්කිලියන්ට ඉඩ දිය නොහැක,NORMAL,0,0,1,
Api.mewarath.rawathunaa.haamuduruwanee.api.hithan.hithiye.mun.gana.monatharn.ihalinda.,Apimewarathrawathunaahaamuduruwaneeapihithanhithiyemunganamonatharnihalinda,HATE,1,0,0,
පලයන් පකෝ 😂,පලයන් පකෝ,NORMAL,0,0,1,
Buruwek,Buruwek,HATE,1,0,0,Buruwek
Ane gotaya danwath mahana weyan...ape kannoruwea ape hamurduwangean bana ahanwa😂😂jathika drohiyo...siuradagena,Ane gotaya danwath mahana weyanape kannoruwea ape hamurduwangean bana ahanwajathika drohiyosiuradagena,HATE,1,0,0,
Mokeda me siwuru karaya. Rata vinasa karanna apu kalakani hora siwuru karayo. Jathi bedha wapurana heththa. Munta uda gedi dena kalakani samahara heththa lankawe karumeta innawa.,Mokeda me siwuru karaya Rata vinasa karanna apu kalakani hora siwuru karayo Jathi bedha wapurana heththa Munta uda gedi dena kalakani samahara heththa lankawe karumeta innawa,HATE,1,0,0,"karaya, karanna, hora, heththa"
Mutapissu,Mutapissu,HATE,1,0,0,Mutapissu
Cdnasara gonthadadia wedapatan Arab.,Cdnasara gonthadadia wedapatan Arab,NORMAL,0,0,1,
මුන් වහාම තහනම් කල යුතුයි ..කොන්දක් නැති ද  පාර්ලිමේන්තුවේ  ගොබ්බයන්ට .,මුන් වහාම තහනම් කල යුතුයි කොන්දක් නැති ද පාර්ලිමේන්තුවේ ගොබ්බයන්ට,NORMAL,0,0,1,
අනිවාර්යෙන් පාස්කු පියා  jvp වැඩක්,අනිවාර්යෙන් පාස්කු පියා jvp වැඩක්,NORMAL,0,0,1,
"Kata wahapiya tirisanaa , padada balla , arakku beela genu ekka nidiwedapu kalakanniya ,",Kata wahapiya tirisanaa padada balla arakku beela genu ekka nidiwedapu kalakanniya,HATE,1,0,0,"balla, kalakanniya"
පින්බත් කෙලකෙල මිනිස්සු අවුස්සන නානසාරයා දැනගනින් අපි හැමදෙනම ජාතිබේදයෙන් ආගම්බේදයෙන් තොරව ලාන්කිකයන් විදිහට ඉන්නවා ආය ජාතිබේදය අවුස්සන්ට තොපට ඉඩතියන්නෙ නෑ හොදද,පින්බත් කෙලකෙල මිනිස්සු අවුස්සන නානසාරයා දැනගනින් අපි හැමදෙනම ජාතිබේදයෙන් ආගම්බේදයෙන් තොරව ලාන්කිකයන් විදිහට ඉන්නවා ආය ජාතිබේදය අවුස්සන්ට තොපට ඉඩතියන්නෙ නෑ හොදද,NORMAL,0,0,1,
Ko jeppanta chande dunne haththa hena gahanawa jeppanta,Ko jeppanta chande dunne haththa hena gahanawa jeppanta,NORMAL,0,0,1,
Kalakanni kahakadayo 😂😂😂,Kalakanni kahakadayo,HATE,1,0,0,Kalakanni
මේ සාදුලා තමයි රට කාපු කාල කන්නි,මේ සාදුලා තමයි රට කාපු කාල කන්නි,HATE,1,0,0,
Beraganna.hamuduruwane.ape.rata.me.para.balu.anduwen,Beragannahamuduruwaneaperatameparabaluanduwen,NORMAL,0,0,1,
", මේ හාමුදුරුවෝ බන කියනව අහන්න ආසයි....මිනිස්සු බුද්දිමත් අපේ හාමුදුරුවනේ දැන් අන්දන්න අමාරුයි",මේ හාමුදුරුවෝ බන කියනව අහන්න ආසයිමිනිස්සු බුද්දිමත් අපේ හාමුදුරුවනේ දැන් අන්දන්න අමාරුයි,NORMAL,0,0,1,
සියලු ජාතීන් මිස්‍රවිය යුතුය් නැත්නම්   මේ රට ගොඩයනෝ බොරු  මුගේ  බන අසුවොත් උන්ට අබ සරනය්  මොන බනද බන් මූ කියන්නෙ  සාටක බනද නැතිනම් ලොව්තුරා බුදුන්වහන්සේගේ දේසනා කල අවිහින්සාවාදී බනද අනු හොද වැඩිය් මේ වගේ දුක්සීලයන් ප්‍රේමදාස මහතා හිටියනම්  දර්මචක්ක්‍රෙ ඇරල බොහෝ කල්  මුන්ට මාද්‍යැසාකච්චා තියන්න මුදල් පොම්ප කර න උන්  කව්දැය් වහාපරීක්ශාකරන්න බුද්දි අන්ස යොදවන්න  නැත්නම් මුන් ඔබ තුමාටත් ගේම දෙනව සුඅර්  බන්ඩාරනායක  මහතා මැරූවෙත් චීවරදාරියෙක්  ඔය විදායකය  නිසි පරිදි නිසි වෙලාවට බාවිතා නොකොලොත් ඔබ තුමත් සුන්  අහින්සක ජනතාවත් සුන්  අපි ඔබතුමාට චන්දෙ දුන්නෙ ඔයවගේ හොරතක්කඩීන්ට ඕන විදියට බය්ලගහල  යලිත් හොරු  රජකරවන්න නෙමේ අන්න ඒක හොදි න් මතකතියාගන්න මල්වතු මහාවිහාරික නාහිමි වහන්සේලාගෙන් ඉතා කාරුනිකව ඉල්ලන්නෙ  නිද්ඩ්‍රාවෙන් සිටියා ඇති   දැන් නැගිටින්න  බුද්දදර්සනය  බේරාගැනීමටනම්  එක්කො මේ හොරගනයන්ගේ චීවරය ගලවා උපැවිදි කරන්න නැත්නම්  මෙයාල බුද්දසාසෙනේටගෙන මහනකරන්න  නැතිනම් මේ බව්ද්ද ආගමික රටේ ජනයා වෙනත් ආගම්වලට  ක්‍රමයෙන් දැනටමත් නතුවෙමින් සිටී මිනිසුන්ට දොස් නගන්න එපා බඩගින්න ඇති මිනිසා ඉවසාදරා ගත නොහැකි විට  උද්ව්  උපකාර පරිත්ත්‍යෑග  ලැබෙන්නේ කොතනද  එතනට අනුගතවීම ස්වබාවික දර්මතාවයය්  අත්තෙන්ම ඔබ වහන්සේලාගේ බනක්වත් අපි අසා නැත   ගමින්ගම නගරෙන් නගරය ගොස් මිනිසා නිවීමේ දර්සානය බුද්ද  දර්සනය උවත් ඒක එලෙසින්  ඉටුවේදෑය් පරීක්සාකර වහා සන්ගායනාවක් පවත්වා සාසනය විනාසකරන මේ කහචීවරදාරීන් උපැවැදි කර සාසනය බේරාගන්න අපෙ  හාමුදුරුවනේ අපි අසරන වෙලාවගේ අපෙ බුදු හාමුරුවනේ තෙරුවන් සරනය් අපේ හාමුදුරුවනේ,සියලු ජාතීන් මිස්රවිය යුතුය් නැත්නම් මේ රට ගොඩයනෝ බොරු මුගේ බන අසුවොත් උන්ට අබ සරනය් මොන බනද බන් මූ කියන්නෙ සාටක බනද නැතිනම් ලොව්තුරා බුදුන්වහන්සේගේ දේසනා කල අවිහින්සාවාදී බනද අනු හොද වැඩිය් මේ වගේ දුක්සීලයන් ප්රේමදාස මහතා හිටියනම් දර්මචක්ක්රෙ ඇරල බොහෝ කල් මුන්ට මාද්යැසාකච්චා තියන්න මුදල් පොම්ප කර න උන් කව්දැය් වහාපරීක්ශාකරන්න බුද්දි අන්ස යොදවන්න නැත්නම් මුන් ඔබ තුමාටත් ගේම දෙනව සුඅර් බන්ඩාරනායක මහතා මැරූවෙත් චීවරදාරියෙක් ඔය විදායකය නිසි පරිදි නිසි වෙලාවට බාවිතා නොකොලොත් ඔබ තුමත් සුන් අහින්සක ජනතාවත් සුන් අපි ඔබතුමාට චන්දෙ දුන්නෙ ඔයවගේ හොරතක්කඩීන්ට ඕන විදියට බය්ලගහල යලිත් හොරු රජකරවන්න නෙමේ අන්න ඒක හොදි න් මතකතියාගන්න මල්වතු මහාවිහාරික නාහිමි වහන්සේලාගෙන් ඉතා කාරුනිකව ඉල්ලන්නෙ නිද්ඩ්රාවෙන් සිටියා ඇති දැන් නැගිටින්න බුද්දදර්සනය බේරාගැනීමටනම් එක්කො මේ හොරගනයන්ගේ චීවරය ගලවා උපැවිදි කරන්න නැත්නම් මෙයාල බුද්දසාසෙනේටගෙන මහනකරන්න නැතිනම් මේ බව්ද්ද ආගමික රටේ ජනයා වෙනත් ආගම්වලට ක්රමයෙන් දැනටමත් නතුවෙමින් සිටී මිනිසුන්ට දොස් නගන්න එපා බඩගින්න ඇති මිනිසා ඉවසාදරා ගත නොහැකි විට උද්ව් උපකාර පරිත්ත්යෑග ලැබෙන්නේ කොතනද එතනට අනුගතවීම ස්වබාවික දර්මතාවයය් අත්තෙන්ම ඔබ වහන්සේලාගේ බනක්වත් අපි අසා නැත ගමින්ගම නගරෙන් නගරය ගොස් මිනිසා නිවීමේ දර්සානය බුද්ද දර්සනය උවත් ඒක එලෙසින් ඉටුවේදෑය් පරීක්සාකර වහා සන්ගායනාවක් පවත්වා සාසනය විනාසකරන මේ කහචීවරදාරීන් උපැවැදි කර සාසනය බේරාගන්න අපෙ හාමුදුරුවනේ අපි අසරන වෙලාවගේ අපෙ බුදු හාමුරුවනේ තෙරුවන් සරනය් අපේ හාමුදුරුවනේ,DISINFO,0,1,0,
"ඔබ වහන්සේ රට ජාතිය හා බුදු සසුණ රැක ගන්න කරගෙන යන මේ විෂේශ හෙලිදරවුව ඉදිරියට කරගෙන යන්න නොබියව මුන් සියල්ලම තක්කඩි උන්ට ආවඩනවානම් ඒ අයගේ සීලය,ගුණධර්ම  ඕන නෑ උන්ට ජෙප්පො කවද්ද සිල්ගත්තෙ හැබැයි අමාරුවෙ වැටු වෙලාවල් වල පන්සල් වලට රිංගල දානෙ ටික කාල සිවුරට මුවා වෙලා පනගැට ගහගත්ත .වුන්ට මතක නෑ ,බොදු සමළු පටන් ගන්න කාලය හරි හාමුදුරුවනේ .සියළු දෙවියන් ගේ පිහිටයි ..",ඔබ වහන්සේ රට ජාතිය හා බුදු සසුණ රැක ගන්න කරගෙන යන මේ විෂේශ හෙලිදරවුව ඉදිරියට කරගෙන යන්න නොබියව මුන් සියල්ලම තක්කඩි උන්ට ආවඩනවානම් ඒ අයගේ සීලයගුණධර්ම ඕන නෑ උන්ට ජෙප්පො කවද්ද සිල්ගත්තෙ හැබැයි අමාරුවෙ වැටු වෙලාවල් වල පන්සල් වලට රිංගල දානෙ ටික කාල සිවුරට මුවා වෙලා පනගැට ගහගත්ත වුන්ට මතක නෑ බොදු සමළු පටන් ගන්න කාලය හරි හාමුදුරුවනේ සියළු දෙවියන් ගේ පිහිටයි,NORMAL,0,0,1,
අනේ ඝනයා ආයි වරෙන් රට වනසන්න  කවදා හරි උබත් අපායෙ අඩ්යෙ මුංට කන්දෙන හරක්  නොදකින්  මේකා,අනේ ඝනයා ආයි වරෙන් රට වනසන්න කවදා හරි උබත් අපායෙ අඩ්යෙ මුංට කන්දෙන හරක් නොදකින් මේකා,HATE,1,0,0,
මේ    ලගදි     මම   දක්කා   ඔබවහන්සේ     රෝහිත    රාජපක්ශත්     තවකීප    දෙනෙකුත්   එක්ක    හොර   සාකච්චාවක්.     ඒ   වගේම     සහරාන්ලට    ගෝටබය    පඩිදීලා    උන්ව   පෝශනය   කරපු   බව.   ඒ   න්සා    ඔබලා    පුල්වන්     උපරිම    දේ   කරලා   ආන්ඩුව     පෙරලලා     නාමල්ලට    පාරහදලා   දෙන්න   දගලන්නේ.    ඕවට    මිනිසු   රැවටුනේ    ඉස්සර.,මේ ලගදි මම දක්කා ඔබවහන්සේ රෝහිත රාජපක්ශත් තවකීප දෙනෙකුත් එක්ක හොර සාකච්චාවක් ඒ වගේම සහරාන්ලට ගෝටබය පඩිදීලා උන්ව පෝශනය කරපු බව ඒ න්සා ඔබලා පුල්වන් උපරිම දේ කරලා ආන්ඩුව පෙරලලා නාමල්ලට පාරහදලා දෙන්න දගලන්නේ ඕවට මිනිසු රැවටුනේ ඉස්සර,NORMAL,0,0,1,
Hamuuruwane  .hodata mathaka  thabaganna...  Me anduwa path  kale  game  api.   Api  supiri  sinhala.  Supiri Buddhists   Minissu.. Apita me anduwen  Ratata  Gamata..wada karaganna  ona.. Oba  wahanse  . Agama  gana  katha karanna.. Nathnam .  Walahata wage..kunuharpa   Kiyanna  wenawa...,Hamuuruwane hodata mathaka thabaganna Me anduwa path kale game api Api supiri sinhala Supiri Buddhists Minissu Apita me anduwen Ratata Gamatawada karaganna ona Oba wahanse Agama gana katha karanna Nathnam Walahata wagekunuharpa Kiyanna wenawa,HATE,1,0,0,"Minissu, karanna"
අපිව දැණුවත් කළාට ඔබ වහන්සේට තෙරුවන් සරණයි !,අපිව දැණුවත් කළාට ඔබ වහන්සේට තෙරුවන් සරණයි,NORMAL,0,0,1,
"මුගේ සිවුර ගලවලා චීත්ත යක් අන්දවන  ඕනේ.  හාමුදුරුවන් කියන නමත් කනව. මූට ගැලපෙන දෙයක් ද කරන්නේ.  හාමුදුරුවන් ඉන්නේ ධර්මය රකින්න.  මිහින්තලේ,  මෙයා  ඉන්නේ  කුණු  අවුස්සන  නිකායේ",මුගේ සිවුර ගලවලා චීත්ත යක් අන්දවන ඕනේ හාමුදුරුවන් කියන නමත් කනව මූට ගැලපෙන දෙයක් ද කරන්නේ හාමුදුරුවන් ඉන්නේ ධර්මය රකින්න මිහින්තලේ මෙයා ඉන්නේ කුණු අවුස්සන නිකායේ,NORMAL,0,0,1,
මොලේ නැති හරක්ට රට ගියාම වෙන විනාසය  කොතරම්දැයි කිව නොහැකිය...,මොලේ නැති හරක්ට රට ගියාම වෙන විනාසය කොතරම්දැයි කිව නොහැකිය,NORMAL,0,0,1,
Ape hamuduruwane owa threnne naha me gobba sinhalayata,Ape hamuduruwane owa threnne naha me gobba sinhalayata,HATE,1,0,0,gobba
Sadu. Sabu. Sadu,Sadu Sabu Sadu,HATE,1,0,0,
Para ganaya.,Para ganaya,NORMAL,0,0,1,
අනේ වඳින්නම් අපේ හාමුදුරුවනේ බණක් භාවනා කරගෙන නිවන් දකින්න උත්සාහ කරන්න රට ගිනි තියන්න එපා,අනේ වඳින්නම් අපේ හාමුදුරුවනේ බණක් භාවනා කරගෙන නිවන් දකින්න උත්සාහ කරන්න රට ගිනි තියන්න එපා,NORMAL,0,0,1,
Guoooooo Sara mun budu dhama kana wanachariyo😂😂😂😂,Guoooooo Sara mun budu dhama kana wanachariyo,NORMAL,0,0,1,
අපෙ හාමුදුරුවනෙ  ඔබවහන්සෙ කියන මතයට එකග වෙන්න තරම් රටෙ පාලකයින්ට පණ නෑ,අපෙ හාමුදුරුවනෙ ඔබවහන්සෙ කියන මතයට එකග වෙන්න තරම් රටෙ පාලකයින්ට පණ නෑ,NORMAL,0,0,1,
මේ ගනගෙඩිය රට වනසන එකෙක්.,මේ ගනගෙඩිය රට වනසන එකෙක්,NORMAL,0,0,1,
Hanuma,Hanuma,NORMAL,0,0,1,
"Gnanesara hamuduruwane. 
Oba Wahanse ratae  Jathi wadaya , Agamwada ethikala eka Ratema danne deyak.
Dan mokatada kiyanne  hadanne. 
Puluwannan Tharuna sangayan wahansela Tikak  Aran  gihilla  newatha Gila Bessa   Gamm tika Hadane.
Adu gane Ratate sewayak waewi.
Look after your Own Religion . Then there wont be any issues. 
Why Don't you Worry about Donald Trump attacking  Venezuela and other Oil Rich countries to strength the  DOLLAR. 
Puluwannam Dondl Trupmh ta katha karanne.",Gnanesara hamuduruwane Oba Wahanse ratae Jathi wadaya Agamwada ethikala eka Ratema danne deyak Dan mokatada kiyanne hadanne Puluwannan Tharuna sangayan wahansela Tikak Aran gihilla newatha Gila Bessa Gamm tika Hadane Adu gane Ratate sewayak waewi Look after your Own Religion Then there wont be any issues Why Dont you Worry about Donald Trump attacking Venezuela and other Oil Rich countries to strength the DOLLAR Puluwannam Dondl Trupmh ta katha karanne,DISINFO,0,1,0,
Ane palayan Gani balagan gon wassa,Ane palayan Gani balagan gon wassa,HATE,1,0,0,gon
මැදමුලනෙ නිකායේ කෙනෙක් තම්‍ය් !!,මැදමුලනෙ නිකායේ කෙනෙක් තම්ය්,HATE,1,0,0,
මෙි ඉන්නෙ වනචාරින් ශාසනයට ගෙනාපු වනචාරි නායකයා,මෙි ඉන්නෙ වනචාරින් ශාසනයට ගෙනාපු වනචාරි නායකයා,NORMAL,0,0,1,
Owa.kompiyutarwalin.ekatu.karahaki.potowalata..ube.mahaki.oya.inne.wal.ganaya,Owakompiyutarwalinekatukarahakipotowalataubemahakioyainnewalganaya,HATE,1,0,0,
Ane.palayan.ganayo.yanna,Anepalayanganayoyanna,NORMAL,0,0,1,
Ane Mira eka eka deewal kiyala Pau purawa ganna mama kamathi naha Buddha putrayo unahama minissunta hoda naraka kiyalaa deela yaha magata ganna oane habai maya eka arunahama me rate minissu kotawana wade lassanata karanawaa maya kiyapu banak dammoth mama pili gannam maya kiya deewal hari kiyalaa aduma maya panel pada pahawath danne nathi buddaha puthrayek.meya inna oane buddaha saasane newai int eke,Ane Mira eka eka deewal kiyala Pau purawa ganna mama kamathi naha Buddha putrayo unahama minissunta hoda naraka kiyalaa deela yaha magata ganna oane habai maya eka arunahama me rate minissu kotawana wade lassanata karanawaa maya kiyapu banak dammoth mama pili gannam maya kiya deewal hari kiyalaa aduma maya panel pada pahawath danne nathi buddaha puthrayekmeya inna oane buddaha saasane newai int eke,DISINFO,0,1,0,
මතකද  කාන්තාවන් වදකරා කියල කරපු බොරැව,මතකද කාන්තාවන් වදකරා කියල කරපු බොරැව,NORMAL,0,0,1,
අපි ඔබවහන්සේ සමගයි,අපි ඔබවහන්සේ සමගයි,NORMAL,0,0,1,
රටෙ ත්‍රිවිධ හමුදාව නිදි රටෙ සිංහල බෞද්ධයො උනුත් නිදි ඩොලර් වලට තම රට ජාතිය ආගම අහිංසක සිංහල මිනිසුන් පාවා දුන්නු JVP හැත්ත මරා සුන්නස් දූවිලි කරන්න සිංහලයො පෙල ගැසියන්,රටෙ ත්රිවිධ හමුදාව නිදි රටෙ සිංහල බෞද්ධයො උනුත් නිදි ඩොලර් වලට තම රට ජාතිය ආගම අහිංසක සිංහල මිනිසුන් පාවා දුන්නු JVP හැත්ත මරා සුන්නස් දූවිලි කරන්න සිංහලයො පෙල ගැසියන්,NORMAL,0,0,1,
"Pala HARAKA
Mongol PA.. Ya",Pala HARAKA Mongol PA Ya,HATE,1,0,0,"HARAKA, Mongol"
Wanda kottu hora ganaya,Wanda kottu hora ganaya,NORMAL,0,0,1,
Pissa sadu?,Pissa sadu,NORMAL,0,0,1,
JVP/ MALIMA KERIYONTA HENAMA GAHAPAN,JVP MALIMA KERIYONTA HENAMA GAHAPAN,HATE,1,0,0,
චික්  ලැජ්ජ්‍යයි,චික් ලැජ්ජ්යයි,HATE,1,0,0,
"Musawada,,,amathakada,,awasara",Musawadaamathakadaawasara,NORMAL,0,0,1,
අපේ හාමුදුරුවනේ මුං මේක දාල යන්නෙ මිනිස්සු නැති මුඩු බිමක් කරල යනු මගේ හැගීමයි ඔබ වහන්සේ කියන්නෙ සම්පූර්ණ ඇත්ත ඔබවහන්සේට තෙරුවන් සරනයි .🎉,අපේ හාමුදුරුවනේ මුං මේක දාල යන්නෙ මිනිස්සු නැති මුඩු බිමක් කරල යනු මගේ හැගීමයි ඔබ වහන්සේ කියන්නෙ සම්පූර්ණ ඇත්ත ඔබවහන්සේට තෙරුවන් සරනයි,NORMAL,0,0,1,
Bana wikunanna  epa,Bana wikunanna epa,HATE,1,0,0,wikunanna
මොඩකම හොදට පෙනෙනව.....,මොඩකම හොදට පෙනෙනව,NORMAL,0,0,1,
"Me. Anduwata. Kondak. Na. Kiyala.  Dany. Therenne😂😂thanikarama. Boru.  Hila ,,,,namolaya.  Thama.  Eliye,,,🎉🎉huruthal. Karanawa😂😂😂😂😂😂😂😂powapa. Thawa. Unta. Kiri 😂tikiri. Anura😂😂😂😂😂😂😂😂horu.  Ethulata.  Dammada. Ko.  Pasku.    Ay. Boru.  Kiyanne😂😂😂Apith. Rawatuna.  Thopitath,,,",Me Anduwata Kondak Na Kiyala Dany Therennethanikarama Boru Hila namolaya Thama Eliyehuruthal Karanawapowapa Thawa Unta Kiri tikiri Anurahoru Ethulata Dammada Ko Pasku Ay Boru KiyanneApith Rawatuna Thopitath,HATE,1,0,0,Boru
"Anurayo  mewa. Boruda.  Janapathi ne. Mewa. Borunam.  😮Damma. Criyathmaka.  Unoth.  Hoday😮😮😮ne,,,hamuduruwa. Unath.  Mewa. Borunam.  Ethulata.  Danna😮😢😢😢😢😢😢😢😢😢",Anurayo mewa Boruda Janapathi ne Mewa Borunam Damma Criyathmaka Unoth Hodaynehamuduruwa Unath Mewa Borunam Ethulata Danna,HATE,1,0,0,
"Me ganayata mokada anynge personal life. Meke comment karala thiyena pakkuntath thiyenne anunge life gena anaruwa. Don’t go to any other country. If you come where we live, we will be very happy talking you to courts",Me ganayata mokada anynge personal life Meke comment karala thiyena pakkuntath thiyenne anunge life gena anaruwa Dont go to any other country If you come where we live we will be very happy talking you to courts,NORMAL,0,0,1,
"ඒ කාලේ ස්ලාම් අන්තවාදය ගැන පාර්ලිමේන්තු වේ කතා කලහම රාජපක්ෂලා බොරු බිල්ලෝ මවනවා කිව්වා,රාජපක්ෂ ලා බේසමේ කිඹුල්ලු හොයනවා කියා බිජුබර් රාහුවා කියලා  පරික්ෂන යට කලා මතකද",ඒ කාලේ ස්ලාම් අන්තවාදය ගැන පාර්ලිමේන්තු වේ කතා කලහම රාජපක්ෂලා බොරු බිල්ලෝ මවනවා කිව්වාරාජපක්ෂ ලා බේසමේ කිඹුල්ලු හොයනවා කියා බිජුබර් රාහුවා කියලා පරික්ෂන යට කලා මතකද,NORMAL,0,0,1,
Thatta pakaya thota Hena 7 sure ballo,Thatta pakaya thota Hena 7 sure ballo,HATE,1,0,0,"pakaya, ballo"
පින්වතුනි  බුදුදහම සිංහල  ජාතිය  වෙනුවෙන්  කතාකරන්න  හැකි  අය මුදල් ටිකක් පූජා කරන්න,පින්වතුනි බුදුදහම සිංහල ජාතිය වෙනුවෙන් කතාකරන්න හැකි අය මුදල් ටිකක් පූජා කරන්න,NORMAL,0,0,1,
Oya swra ratata apahasayak😅,Oya swra ratata apahasayak,NORMAL,0,0,1,
ඉතින්  ඔබවහන්සේලා  ගේ පාලනකාලයේ. මොවුන්ට  දඩුවමි දෙන්න  තිබුනනේ  දැන්  බොරුවට  තප්පුලන්නේ නැතිව...,ඉතින් ඔබවහන්සේලා ගේ පාලනකාලයේ මොවුන්ට දඩුවමි දෙන්න තිබුනනේ දැන් බොරුවට තප්පුලන්නේ නැතිව,NORMAL,0,0,1,
"ලන්කාවේ අපේ සින්හල බහුතරය  දැන් ත්‍රස්තවාදි කදවුරක සාමාජිකයෝ ,මහින්දගේ කාලේ උන් ltteකාරයෝ ,,ගෝටා යමක්  කරන්ඩ ගියා ක්‍රිස්තියානි සමහරු වැඩේ දුන්නා",ලන්කාවේ අපේ සින්හල බහුතරය දැන් ත්රස්තවාදි කදවුරක සාමාජිකයෝ මහින්දගේ කාලේ උන් ltteකාරයෝ ගෝටා යමක් කරන්ඩ ගියා ක්රිස්තියානි සමහරු වැඩේ දුන්නා,NORMAL,0,0,1,
මේ හමුදුරවන්ට පිස්සු බංගලාදේශයේ වෙන දේවල් ඒ රට විසදගනී  ඒවත් අනුර ජනාදිපති විසදන්නද ඔබවහන්සේ කියන්නේ,මේ හමුදුරවන්ට පිස්සු බංගලාදේශයේ වෙන දේවල් ඒ රට විසදගනී ඒවත් අනුර ජනාදිපති විසදන්නද ඔබවහන්සේ කියන්නේ,NORMAL,0,0,1,
දැන් ත්‍රස්ත ක්‍රියාකාරකම් නැහැ නේද හාමුදුරුවනේ බොරු බිල්ලෝ මවන්න එපා,දැන් ත්රස්ත ක්රියාකාරකම් නැහැ නේද හාමුදුරුවනේ බොරු බිල්ලෝ මවන්න එපා,NORMAL,0,0,1,
අපේ හාමුදුරුවෝ කියන්නේ ඇත්ත ඔය හිටපු ජනාධිපතිවරුත් ඔය විදියටම අපේ රටේ ජනතාවත් රටත් අමාරුවේ දැම්මා කියන එක විතරක් නොකියා වර්තමානය ගැන විතරක් කතා කරන්න එපා,අපේ හාමුදුරුවෝ කියන්නේ ඇත්ත ඔය හිටපු ජනාධිපතිවරුත් ඔය විදියටම අපේ රටේ ජනතාවත් රටත් අමාරුවේ දැම්මා කියන එක විතරක් නොකියා වර්තමානය ගැන විතරක් කතා කරන්න එපා,NORMAL,0,0,1,
Kari thambilata nithiya ko bn munta daduwam nadda aa,Kari thambilata nithiya ko bn munta daduwam nadda aa,HATE,1,0,0,
අනේ අපේ හාමුදුරුවනේ අපිට රටක්  ඉතුරු කරලා දෙන්න. බොහෝමයක් භයේ කතාවත් කරන්නේ නෑ. 😢😢😢😢,අනේ අපේ හාමුදුරුවනේ අපිට රටක් ඉතුරු කරලා දෙන්න බොහෝමයක් භයේ කතාවත් කරන්නේ නෑ,NORMAL,0,0,1,
Ane api pau purogannawa mewage ballo himda hemadama yathi beda hadana para heththo,Ane api pau purogannawa mewage ballo himda hemadama yathi beda hadana para heththo,HATE,1,0,0,ballo
ගන් වතුර කාලෙ හනුම කොහෙද හිටියෙ 😁😁,ගන් වතුර කාලෙ හනුම කොහෙද හිටියෙ,NORMAL,0,0,1,
Palayan balla yanna.,Palayan balla yanna,HATE,1,0,0,"balla, yanna"
Ane  hamuduruwane   u,Ane hamuduruwane u,NORMAL,0,0,1,
"මේ,අය,ඉක්මනට ගෙදර යන බව පැහැදිලිය 😂😂😂",මේඅයඉක්මනට ගෙදර යන බව පැහැදිලිය,NORMAL,0,0,1,
Mahindege topi,Mahindege topi,HATE,1,0,0,topi
Uba paleye athulte kiyek gatthede koati 10 k,Uba paleye athulte kiyek gatthede koati 10 k,HATE,1,0,0,
Ane ube mahindege puke allegene thame inne yakoa,Ane ube mahindege puke allegene thame inne yakoa,NORMAL,0,0,1,
යාකො  මුං  මේ  ආන්ඩුව  අරන්  අවුද්දයි ඉවසන්න  මොනාද  කොල  කෑලි  පෙන්න  පෙන්න  මිනිස්සු   අවුසන්න  එපා,යාකො මුං මේ ආන්ඩුව අරන් අවුද්දයි ඉවසන්න මොනාද කොල කෑලි පෙන්න පෙන්න මිනිස්සු අවුසන්න එපා,HATE,1,0,0,
Keri ballo,Keri ballo,HATE,1,0,0,ballo
94 /95 ?budu pilima keduws nam. Ita passe  topi hemanunada. .. we sige ballo,94 95 budu pilima keduws nam Ita passe topi hemanunada we sige ballo,NORMAL,0,0,1,
To kiwwata  sama wenna   hemadeyak ma kerure  den inna mun nam toge ammata.... he... neddada  me anduwa  enna  kalin e dewal  kare nette,To kiwwata sama wenna hemadeyak ma kerure den inna mun nam toge ammata he neddada me anduwa enna kalin e dewal kare nette,HATE,1,0,0,
Siura galawa enna  uttara dennam,Siura galawa enna uttara dennam,NORMAL,0,0,1,
Hemadeyak ma wennne kiyala  siura petta kin tiyala ammage ahanna,Hemadeyak ma wennne kiyala siura petta kin tiyala ammage ahanna,HATE,1,0,0,
Owa  kain awruddaka kain kiyanne netiwa denda  kiyanne,Owa kain awruddaka kain kiyanne netiwa denda kiyanne,NORMAL,0,0,1,
Vesige ballk wennepa,Vesige ballk wennepa,NORMAL,0,0,1,
Wesige ballek,Wesige ballek,NORMAL,0,0,1,
Oba wanted kiyanne sura haha   yako den awrulladak  to heminunada,Oba wanted kiyanne sura haha yako den awrulladak to heminunada,NORMAL,0,0,1,
පරිස්සමින් අපේ හාමුදුරුවනේ 🙏🏼🙏🏼🙏🏼,පරිස්සමින් අපේ හාමුදුරුවනේ,NORMAL,0,0,1,
"Lokuma boruwa nuwarai thiyenne
A gana hoyabalanawa
Me Aya har pinwantha hamuduruwaruu",Lokuma boruwa nuwarai thiyenne A gana hoyabalanawa Me Aya har pinwantha hamuduruwaruu,HATE,1,0,0,
Who is this?,Who is this,NORMAL,0,0,1,
බලාගෙන යනකොට අනුර පොන්නයා අපේ මුස්ලිම් සහෝදරයන්ටත් කෙලවලා,බලාගෙන යනකොට අනුර පොන්නයා අපේ මුස්ලිම් සහෝදරයන්ටත් කෙලවලා,NORMAL,0,0,1,
Meya ratata visala sewawak karapu kenek.. meya mahana karanna,Meya ratata visala sewawak karapu kenek meya mahana karanna,HATE,1,0,0,karanna
"Sinhalaminisun,harimodai, muslin damala ayathama ngewargaya,wadikara ganna waobawaha nse,kiyanna athha kawruth ganan gannana.mahamatheyakatajvp,sambandai",Sinhalaminisunharimodai muslin damala ayathama ngewargayawadikara ganna waobawaha nsekiyanna athha kawruth ganan gannanamahamatheyakatajvpsambandai,HATE,1,0,0,
ඥානසාර හාමුදුරුවනේ ඔබ වහන්සේට කියන්න තියෙන්නේ එක දෙයයි ඔබ වහන්සේ දැන් අවුරුදු දහයක් තිස්සේ ඔය රාජපක්ෂලත් එක්ක එක්කහු  ඔය රට බේරගන්න තිබුණනේ. ඉතින් ඔයාලගේ රජයක් තිබුණා. ඔයාට පක්ෂපාතී අගමැතිවරු ජනාධිපතිවරු හිටියා ළඟට ගිහිල්ල කොඳුරලා ඕන වෙලාවක කියන්ඩ තිබුණනේ කරන විදිය කරුණාකරලා ඔබවහන්සේ අපේ අනුර ජනාධිපතිතුමාට පාඩුවේ වැඩ කරගන්න දීලා ඔබ වහන්සේ නොදන්න මඟුල් කතා කරන්න එන්න එපා FROM GERMANY,ඥානසාර හාමුදුරුවනේ ඔබ වහන්සේට කියන්න තියෙන්නේ එක දෙයයි ඔබ වහන්සේ දැන් අවුරුදු දහයක් තිස්සේ ඔය රාජපක්ෂලත් එක්ක එක්කහු ඔය රට බේරගන්න තිබුණනේ ඉතින් ඔයාලගේ රජයක් තිබුණා ඔයාට පක්ෂපාතී අගමැතිවරු ජනාධිපතිවරු හිටියා ළඟට ගිහිල්ල කොඳුරලා ඕන වෙලාවක කියන්ඩ තිබුණනේ කරන විදිය කරුණාකරලා ඔබවහන්සේ අපේ අනුර ජනාධිපතිතුමාට පාඩුවේ වැඩ කරගන්න දීලා ඔබ වහන්සේ නොදන්න මඟුල් කතා කරන්න එන්න එපා FROM GERMANY,NORMAL,0,0,1,
🌎 🌏 🌍 CLEAN SRI LANKA 🌳🌳🌳🌳🌳🌳🌳🌳🌳🌳🌳🌳🌳🌳🌳🌳🌳🌳🌳🌳🌳🌳🌳🌳🌳🌳🌳🌳🌳🌳🌳🌳🌳🌳🌳🌳🌳🌳🌳🌳🌳🌳🌳🌳🌳🌳🌳🌳🌳🌳🌳🌳🌳🌳🌳🌳🌳🌳🌳🌳🌳🌳🌳🌳🌳🌳🌳🌳🌳🌳🌳🌳🌳🌳🌳🌳🌳🌳🌳🌳🌳🌳🌳🌳🌳🌳🌳,CLEAN SRI LANKA,NORMAL,0,0,1,
මුට ගහපිය සිවුර ගලවලා කලිසමක් අන්දලා වේවැලකින්,මුට ගහපිය සිවුර ගලවලා කලිසමක් අන්දලා වේවැලකින්,HATE,1,0,0,
ANE GALABODAYOO . OYA HIGH WAY EKE BEELA DRIVE KALA MATAKADA . ANE APATHAYOO BILA EPA .,ANE GALABODAYOO OYA HIGH WAY EKE BEELA DRIVE KALA MATAKADA ANE APATHAYOO BILA EPA,HATE,1,0,0,
"යකෝ උබ අපේ කහ චිවරය ගලවලා එන්න 
අපිට පවි නොදි",යකෝ උබ අපේ කහ චිවරය ගලවලා එන්න අපිට පවි නොදි,NORMAL,0,0,1,
"""අධිකරණය විසින් නිදොස්කොට නිදහස්   කර තියනවා ඒ කොහොමද වෙන්නේ"" මේ ප්‍රකාශයම අධිකරණය අපහාස කිරීමක් නොවේද?",අධිකරණය විසින් නිදොස්කොට නිදහස් කර තියනවා ඒ කොහොමද වෙන්නේ මේ ප්රකාශයම අධිකරණය අපහාස කිරීමක් නොවේද,NORMAL,0,0,1,
"අම්මේ මෙහෙම හරක් ටිකක් ,,,,උඹල මේ තක්කඩිය කියන දේවල් පිළිගන්නව කියන්නේ ඉතින් ,,,,😂😂😂😂",අම්මේ මෙහෙම හරක් ටිකක් උඹල මේ තක්කඩිය කියන දේවල් පිළිගන්නව කියන්නේ ඉතින්,NORMAL,0,0,1,
ජාතිවාදය අවුස්සන්න උත්සාහ කරන නානසාරයෝ දැන්වත් ගොන් කතා නොකිය හිටපන්,ජාතිවාදය අවුස්සන්න උත්සාහ කරන නානසාරයෝ දැන්වත් ගොන් කතා නොකිය හිටපන්,NORMAL,0,0,1,
Athulata yanna vage ape haamuduruvo. Saadu saadu saadu🙏,Athulata yanna vage ape haamuduruvo Saadu saadu saadu,NORMAL,0,0,1,
ඔබ වහන්සේ කවදත් රට වෙනුවෙන් කතා කළා දේශපාලුවන්ට ඒව  බීරි අලින්ට වීනා වයනව වගේ උන්ට ඕනෙ සිංහල බෞද්ධ රට මොන අනතුරේක දාල හරි බලය තහවුරු කර ගන්න ඔබ වහන්සේට තෙරුවණ් සරණයි චිරන් ජයතු 🙏 🙏 🙏 🙏 🙏 🙏,ඔබ වහන්සේ කවදත් රට වෙනුවෙන් කතා කළා දේශපාලුවන්ට ඒව බීරි අලින්ට වීනා වයනව වගේ උන්ට ඕනෙ සිංහල බෞද්ධ රට මොන අනතුරේක දාල හරි බලය තහවුරු කර ගන්න ඔබ වහන්සේට තෙරුවණ් සරණයි චිරන් ජයතු,NORMAL,0,0,1,
බලාගෙන ගියාම මේ ආණ්ඩුව පාස්කු ප්‍රහාරයට සම්බන්ධකම් තියෙනවා කියලා හිතෙනවා h 😢😢😢😢😢,බලාගෙන ගියාම මේ ආණ්ඩුව පාස්කු ප්රහාරයට සම්බන්ධකම් තියෙනවා කියලා හිතෙනවා h,NORMAL,0,0,1,
ඔබවහන්සේ ඇත්ත කියන්න ගිහිල්ලා හිරේ ගියා නේද? ඇත්තටම මේ රටේ ඇත්තක් කවදාවත් කියන්න බෑ. කියපු කෙනා අනිවාර්යෙන්ම හිරේ දානවා .,ඔබවහන්සේ ඇත්ත කියන්න ගිහිල්ලා හිරේ ගියා නේද ඇත්තටම මේ රටේ ඇත්තක් කවදාවත් කියන්න බෑ කියපු කෙනා අනිවාර්යෙන්ම හිරේ දානවා,NORMAL,0,0,1,
ආයිත් එළියට බැහැල මේ පිස්ස කරන්නෙ මොනවද කියල නොදන්න දරුවෙක් නැහැ.,ආයිත් එළියට බැහැල මේ පිස්ස කරන්නෙ මොනවද කියල නොදන්න දරුවෙක් නැහැ,NORMAL,0,0,1,
පාස්කු ප්‍රහාරය වෙලා දැන් අවුරුදු කීයක්ද?ඒ වෙනකල් ආණ්ඩු කරපු එවුන් හිටිවා නේද? දැං ඉන්න ආණ්ඩුව පලිද මේ වැඩේට?තනිකරම ජාතිවාදය අවුස්සන හිමිනමක්.,පාස්කු ප්රහාරය වෙලා දැන් අවුරුදු කීයක්දඒ වෙනකල් ආණ්ඩු කරපු එවුන් හිටිවා නේද දැං ඉන්න ආණ්ඩුව පලිද මේ වැඩේටතනිකරම ජාතිවාදය අවුස්සන හිමිනමක්,NORMAL,0,0,1,
මේන් ගලබොඩයා ඇවිල්ලා....වර්තමාන නිඝන්ඨයො,මේන් ගලබොඩයා ඇවිල්ලාවර්තමාන නිඝන්ඨයො,HATE,1,0,0,
මේ කෙරිය මට නම් පේනකොටත් මල පනිනවා,මේ කෙරිය මට නම් පේනකොටත් මල පනිනවා,HATE,1,0,0,
"මේ හාමුදුරුවොත් පන යන කල් තිහාරියේ ඇවිත් 🎉 කෑව බිවනේ. අමමේ මාර පිලිගැනීමක්නෙ තිබුනෙ. කතෝලික, ක්‍රිස්තියානි,මුස්ලිම්, දෙමල  කවුරුත් අයින් කරන්න  බෑ. පොන්නම්බලම් රාමනාදන්, අබ්දුල් අසීස් වගේ අයත් ඒ කාලේ පාර්ලිමේන්තුවේ ප්‍රබලයෝ. ඔබ මේ සමගි සමාජය  බිඳවල රට කෑලි කරන්න  උත්සාහ කරන්න හදන්න  එපා.",මේ හාමුදුරුවොත් පන යන කල් තිහාරියේ ඇවිත් කෑව බිවනේ අමමේ මාර පිලිගැනීමක්නෙ තිබුනෙ කතෝලික ක්රිස්තියානිමුස්ලිම් දෙමල කවුරුත් අයින් කරන්න බෑ පොන්නම්බලම් රාමනාදන් අබ්දුල් අසීස් වගේ අයත් ඒ කාලේ පාර්ලිමේන්තුවේ ප්රබලයෝ ඔබ මේ සමගි සමාජය බිඳවල රට කෑලි කරන්න උත්සාහ කරන්න හදන්න එපා,NORMAL,0,0,1,
I think this monk new that Pasku Drama coming soon. Because he is very close to the Pasku Drama producer and director.,I think this monk new that Pasku Drama coming soon Because he is very close to the Pasku Drama producer and director,NORMAL,0,0,1,
Anduwe ambaruwanta owa therenne na ape hamuduruwane,Anduwe ambaruwanta owa therenne na ape hamuduruwane,NORMAL,0,0,1,
මූ කාලෙකට හැම තැනම හැංගි හැංගි ඉඳලා රට විනාශ කරන්න වදන් හොයාගෙන ඉන්නවා,මූ කාලෙකට හැම තැනම හැංගි හැංගි ඉඳලා රට විනාශ කරන්න වදන් හොයාගෙන ඉන්නවා,NORMAL,0,0,1,
එල්ලෙන්ඩ වැල් නැතුව මැවිල්ල මොනවා හරි කියනවා හොරා ගන ගෙඩියක් මොකක් හිරේ දාන්න උනාට දෙක කපලා,එල්ලෙන්ඩ වැල් නැතුව මැවිල්ල මොනවා හරි කියනවා හොරා ගන ගෙඩියක් මොකක් හිරේ දාන්න උනාට දෙක කපලා,HATE,1,0,0,"නැතුව, හිරේ, දාන්න"
Rata ginithiyana hanumek siwurak dagena uba GANA rate minissu dannawa,Rata ginithiyana hanumek siwurak dagena uba GANA rate minissu dannawa,DISINFO,0,1,0,
Balapiyawtreewelprasneekeinneokkomasinhalabawdayomislimdemalanaehenankatapukawahanhitapiyaw,Balapiyawtreewelprasneekeinneokkomasinhalabawdayomislimdemalanaehenankatapukawahanhitapiyaw,HATE,1,0,0,
Matsinhalatamaietmatasinhalapakayalapennantaba,Matsinhalatamaietmatasinhalapakayalapennantaba,HATE,1,0,0,
Andanawatopeamma,Andanawatopeamma,HATE,1,0,0,
Owawadaknaapesinhalayoborubawdayoekataekanatirisannu,Owawadaknaapesinhalayoborubawdayoekataekanatirisannu,NORMAL,0,0,1,
Ayetjatiwadayaawsalarataginitiyantaepahamuduruwanepaduweinta,Ayetjatiwadayaawsalarataginitiyantaepahamuduruwanepaduweinta,NORMAL,0,0,1,
ජපානය නානලාව රටෙන් පන්නනවා No chance එ ඔවුන් තෙරුම් අරගෙන තියෙන්නේ මුන් හිටියොත් රටම ඉවරයි කියන ☝ එක,ජපානය නානලාව රටෙන් පන්නනවා No chance එ ඔවුන් තෙරුම් අරගෙන තියෙන්නේ මුන් හිටියොත් රටම ඉවරයි කියන එක,NORMAL,0,0,1,
මේ ස්වාමීන් වහන්සේ කියන කතාව රටෙහි එකෙකුටවත් තෙරුම් ගන්න බැහැ...??? මුස්ලිං කියන්නේ තනිකරම ( සාතන් ) යක්ෂයා අදහන වෙනස්ම අන්තවාදී මිනිස්සු ජාතියක්...☠️☠️☠️ බෞද්ධ රටක් තවමත් හලාල් 🟢 සහතිකය ගන්න ඔනා කෑම සහා සියල්ලම බඩු මුට්ටු විකුණන්න එක අම්මගෙ රෙද්දෙ වැඩක් ... මුළු ශ්‍රී ලංකාවක්ම කන්නෙ හලාල් 🟢 ඇයි මේ හලාල් 🟢 නතර කරන්න බැරි..? මහින්දයා නානාලාට මැදපෙරදි සහා පාකිස්තානයට රට විකුණුවා එතන තමයි පටන් ගැම්ම......😡😡😡 2007 2008 ඉදලා මේ ස්වාමීන් වහන්සේ මේ ගැන කියන්නේ ස්වාමීන් වහන්සේට ඔය කියන ජාතිය ආගම ගැන 100% ක්ම මාරම දැනුමක් තියෙන්නේ... එක මුස්ලිං එකෙකුටවත් ලංකාවේ දන්නෙ නැහැ........? එකයි නානලා බය කවදාවත් නානලා තර්කයට එන්නෙ නැහැ අපෙ ස්වාමීන් වහන්සේ සමඟ.....👊👊👊👊👍👍👍👍,මේ ස්වාමීන් වහන්සේ කියන කතාව රටෙහි එකෙකුටවත් තෙරුම් ගන්න බැහැ මුස්ලිං කියන්නේ තනිකරම සාතන් යක්ෂයා අදහන වෙනස්ම අන්තවාදී මිනිස්සු ජාතියක් බෞද්ධ රටක් තවමත් හලාල් සහතිකය ගන්න ඔනා කෑම සහා සියල්ලම බඩු මුට්ටු විකුණන්න එක අම්මගෙ රෙද්දෙ වැඩක් මුළු ශ්රී ලංකාවක්ම කන්නෙ හලාල් ඇයි මේ හලාල් නතර කරන්න බැරි මහින්දයා නානාලාට මැදපෙරදි සහා පාකිස්තානයට රට විකුණුවා එතන තමයි පටන් ගැම්ම 2007 2008 ඉදලා මේ ස්වාමීන් වහන්සේ මේ ගැන කියන්නේ ස්වාමීන් වහන්සේට ඔය කියන ජාතිය ආගම ගැන 100 ක්ම මාරම දැනුමක් තියෙන්නේ එක මුස්ලිං එකෙකුටවත් ලංකාවේ දන්නෙ නැහැ එකයි නානලා බය කවදාවත් නානලා තර්කයට එන්නෙ නැහැ අපෙ ස්වාමීන් වහන්සේ සමඟ,DISINFO,0,1,0,
dan oya jathiwadaya hariyanne na,dan oya jathiwadaya hariyanne na,NORMAL,0,0,1,
"අනේ හුත්,,,,,,,,තොට තව.ඕක එපා වුනේ නැද්ද ජාතිවාදය අවුස්සන්න එපා ආගම් වාදය එපා 😊",අනේ හුත්තොට තවඕක එපා වුනේ නැද්ද ජාතිවාදය අවුස්සන්න එපා ආගම් වාදය එපා,NORMAL,0,0,1,
මෙකනං කතාව ඇත්ත රටෙ ඉලගට ඉන්න රජ කරන්න ඉන්න සිංහලයා නැතිකරන්න හොද හිත පෙන්නගන ලග ඉන්න  පොලොංගු ගැන මෙ මතක් කරන්නෙ මම හරකෙක් ඉගන ගන නං නැ නමුත් මට තෙරේනවා සිංහල රජාටම ලංවෙලා හිනියට අපේ රටට අරින්න හදනවා කටිිටියක් ඒ ගැැන අනුර මාමෙ තෙරෙනවද ඔයාට මෙවා සත්ත්‍ය ඇත්ත විනාසය අතලගම එයිවගෙ  ඇත්ත තෙරෑමිි ගන්න ....?,මෙකනං කතාව ඇත්ත රටෙ ඉලගට ඉන්න රජ කරන්න ඉන්න සිංහලයා නැතිකරන්න හොද හිත පෙන්නගන ලග ඉන්න පොලොංගු ගැන මෙ මතක් කරන්නෙ මම හරකෙක් ඉගන ගන නං නැ නමුත් මට තෙරේනවා සිංහල රජාටම ලංවෙලා හිනියට අපේ රටට අරින්න හදනවා කටිිටියක් ඒ ගැැන අනුර මාමෙ තෙරෙනවද ඔයාට මෙවා සත්ත්ය ඇත්ත විනාසය අතලගම එයිවගෙ ඇත්ත තෙරෑමිි ගන්න,HATE,1,0,0,අරින්න
Mun bana dannea na jathiwadaya wetharai,Mun bana dannea na jathiwadaya wetharai,NORMAL,0,0,1,
Mu nam kiyala wadaka na,Mu nam kiyala wadaka na,HATE,1,0,0,
Pona Gothaya,Pona Gothaya,HATE,1,0,0,
ඔය ඇත්ත කියද්දි ඩෝබිලා හාමුදුරුවොත් එක්ක තරහයි.,ඔය ඇත්ත කියද්දි ඩෝබිලා හාමුදුරුවොත් එක්ක තරහයි,NORMAL,0,0,1,
Ane pako jati beda ausanatuwa idahan ape jatiyatath ubala sapayak,Ane pako jati beda ausanatuwa idahan ape jatiyatath ubala sapayak,NORMAL,0,0,1,
"The most intelligent man in Sri Lanka LOL !!! good joker , script reader",The most intelligent man in Sri Lanka LOL good joker script reader,NORMAL,0,0,1,
"ආෙය් වද ෙකාත්තු , සහරාන් , යට ඇදුම් පටන් අරන්",ආෙය් වද ෙකාත්තු සහරාන් යට ඇදුම් පටන් අරන්,NORMAL,0,0,1,
අටු පොහොට්ටුවා,අටු පොහොට්ටුවා,HATE,1,0,0,පොහොට්ටුවා
ජාතිවාදය අවුස්සන ඔබ වහන්සේ පවුකාරයි.,ජාතිවාදය අවුස්සන ඔබ වහන්සේ පවුකාරයි,NORMAL,0,0,1,
ජාතිවාදය වැපිරීමත් සසර ගමන දීර්ඝ කරනවා නේද?,ජාතිවාදය වැපිරීමත් සසර ගමන දීර්ඝ කරනවා නේද,NORMAL,0,0,1,
වඳකොත්තුවඳ ජංගි වඳ සැත්කම් කළා කියපු අන්නවාදීන් යලි සක්‍රිය වන වගයි.,වඳකොත්තුවඳ ජංගි වඳ සැත්කම් කළා කියපු අන්නවාදීන් යලි සක්රිය වන වගයි,NORMAL,0,0,1,
මේ ජාතිවාදි රැල්ල ආරම්භ කරන වගයි. වහාම පිලියම් යොදන්න,මේ ජාතිවාදි රැල්ල ආරම්භ කරන වගයි වහාම පිලියම් යොදන්න,NORMAL,0,0,1,
ලෝකයෙ ඉන්නෙ  ජාති දෙකයි මනුස්ස ජාතිය සහ තිරිසන් ජාතිය  සිංහල දෙමල මුස්ලිම් ඒව හදාගත් නම් ජාති විතරයි පල් පල ජාති වාදියා මිනිහට නිගා නොකර ගූ විතරයි තො,ලෝකයෙ ඉන්නෙ ජාති දෙකයි මනුස්ස ජාතිය සහ තිරිසන් ජාතිය සිංහල දෙමල මුස්ලිම් ඒව හදාගත් නම් ජාති විතරයි පල් පල ජාති වාදියා මිනිහට නිගා නොකර ගූ විතරයි තො,NORMAL,0,0,1,
Karipakaya,Karipakaya,NORMAL,0,0,1,
Ane polim vala Inna bha . Horu nam EPA aye.,Ane polim vala Inna bha Horu nam EPA aye,NORMAL,0,0,1,
Athi Garu chanasara,Athi Garu chanasara,HATE,1,0,0,chanasara
මුන් වහන්සේ හැමදාමත් රට ගැන හැගීමෙන් ඇත්ත ප්‍රකාශ කරා මිනිසුන් බනින්නේ අපි වෙනුවෙන් ඉන්න මිනිසාට හැමදාම උනේ ඒකයි,මුන් වහන්සේ හැමදාමත් රට ගැන හැගීමෙන් ඇත්ත ප්රකාශ කරා මිනිසුන් බනින්නේ අපි වෙනුවෙන් ඉන්න මිනිසාට හැමදාම උනේ ඒකයි,NORMAL,0,0,1,
SIURAK DAGENA MAHANA UNE  WAIRAYA PATHURUWANNADA HAN DURUWSNE.MAHANA UNANAM DARMAYA  KIYALADENNA HAMUDURUWANE.,SIURAK DAGENA MAHANA UNE WAIRAYA PATHURUWANNADA HAN DURUWSNEMAHANA UNANAM DARMAYA KIYALADENNA HAMUDURUWANE,HATE,1,0,0,
"සාටක    නාටක..
😂😂😂😂😂😂",සාටක නාටක,HATE,1,0,0,
"අනේ නිකන් පල හන්දස්සාරය..
තෝනම් මහ පිලිලයක් මේ රටට..",අනේ නිකන් පල හන්දස්සාරය තෝනම් මහ පිලිලයක් මේ රටට,NORMAL,0,0,1,
ඕව කාගෙවත් ලනු කාල කියන වැදි බණ,ඕව කාගෙවත් ලනු කාල කියන වැදි බණ,HATE,1,0,0,
"ඕව පෙන්න ⁣පෙන්න ඉන්න එපා නඩුදාපන්.
මේ බයිල ගහන්නෙ නම කියන්න ලැජ්ජයි ගලබොඩ උන්නාන්සෙ😅😅",ඕව පෙන්න පෙන්න ඉන්න එපා නඩුදාපන් මේ බයිල ගහන්නෙ නම කියන්න ලැජ්ජයි ගලබොඩ උන්නාන්සෙ,HATE,1,0,0,
Siura da Gena anunge Rukada wenna da Budda chiwata da gatta,Siura da Gena anunge Rukada wenna da Budda chiwata da gatta,NORMAL,0,0,1,
Obe oy jathiwadaya iwarayak Nedda oba Thamai Pasqu praharaye maha molakaru,Obe oy jathiwadaya iwarayak Nedda oba Thamai Pasqu praharaye maha molakaru,HATE,1,0,0,
බුද්ධ  ශාසනයත් විනාශ කරන ග මන් රටත් ගිනිතියන්ඩ ආපහු ඇවිල්ලා.බුද්දිමත් ජනතාව  පරෙස්සමින් .,බුද්ධ ශාසනයත් විනාශ කරන ග මන් රටත් ගිනිතියන්ඩ ආපහු ඇවිල්ලාබුද්දිමත් ජනතාව පරෙස්සමින්,NORMAL,0,0,1,
Ane hamuduruwane nikan boruwata buranna epa. Aye sarayak jathiwadaya aussanna apa.,Ane hamuduruwane nikan boruwata buranna epa Aye sarayak jathiwadaya aussanna apa,HATE,1,0,0,
"මල්වතු අස්ගිරි මහා නායක ස්වාමීන් වහන්සේලා මේ ගැන දැනුවත්  නැද්ද ? නැතිනම් දන්නේ නෑ වගේ ඉන්නවාද....මේ බෞද්ධ රටට වෙන්න යන විපැත්තිය මොකක්ද..අපි ඉන්න ගම් කොටසේ එක මුස්ලිම් පුලුටක් වත් හිටියේ නෑ.එක සිංහල ගුරුවරයෙක් පිට පලාතකින් මාරුවීමක් ඇවිත් අපේ ගෙට අල්ලපු ඉඩමේ වම් පැත්තේ ගෙයක් ලක්ෂ 5 කට ගත්තා.පස්සේ අපේ ඉඩමට කුණු වතුර එවලා පොඩි ප්‍රශ්නයක් ඇතිකර ගත්තා.පස්සේ අපිට කෙළවන්න ඕනි කියලා ගමේ අයට කියලා ඒ ගේ ලක්ෂ 30 කට මුස්ලිම් පවුලකට විකුනලා උගන්නපු ඉස්කෝලෙත් අනික් ගුරුවරුන්ට විරුද්ධව පෙත්සම් ගහලා තව තව කේස් දාගෙන නැවත ගමටම යන්න උනා.පස්සේ අවුරුද්දක් විතර ඒ ගේ ගත්තු මුස්ලිම් අය හොංදට හිටියා.අපේ ගෙට දකුනු පැත්තේ ඉන්නේ අපේම නෑයෝ පිරිමි කෙනා කතෝලික,අර මුස්ලිම්  මෑන් එක්ක එකතු වෙලා ඉඩම් මදි කියලා අපිට විරුද්ධව නඩු දැම්මා.අර ගුරු හොරාත් ඒකට ගාව ගත්තා.පස්සේ මුස්ලිම් මෑන් ගේ හදලා හදලා ගංගක් තියෙනවා ඒ ගං ඉවුරේත් තට්ටු 3 ක ගෙයක් ලංගදී හැදුවා.ප්‍රාදේශී සබාවේ හිටියා පගා ගහන  TO කෙනෙක් එයා අනුමත කරලා සබාපතිනියත් අවසර දීලා .ගුරු හොරා මේ ගං ඉව්‍ර‍රත් විකුනලා ගිහින් තියෙන්නේ.ගුරු හොරා කුරුණෑගල පැත්තේ පර සිංහලයෙක්.2016 ඉන්දලා අද වෙන තුරුත් නඩුව යනවා.මුස්ලිම් පවුල යාන වාහන අරන් හොංදට ඉන්නවා.නමුත් අපිට ආරංචියි අර ගුරු හොරා නන්නත්තාර වෙලා බිබී ඇවිවිනවා කියලා.මෙලොවදීම පළදීලා.ගුරාගේ ගේ ගං වතුරටත් අහු වෙලාලු.හාමුදුරුවනේ ඔන්න පර සිංහලයන්ගේ කුජීත වැඩ.ඔබවහන්සේට දැන ගන්න ලීවේ.සිංහලයෝම තමයි සිංහලයන්ගේ හතුරා...ඔබවහසේට දීඝායු ලැබේවා ...",මල්වතු අස්ගිරි මහා නායක ස්වාමීන් වහන්සේලා මේ ගැන දැනුවත් නැද්ද නැතිනම් දන්නේ නෑ වගේ ඉන්නවාදමේ බෞද්ධ රටට වෙන්න යන විපැත්තිය මොකක්දඅපි ඉන්න ගම් කොටසේ එක මුස්ලිම් පුලුටක් වත් හිටියේ නෑඑක සිංහල ගුරුවරයෙක් පිට පලාතකින් මාරුවීමක් ඇවිත් අපේ ගෙට අල්ලපු ඉඩමේ වම් පැත්තේ ගෙයක් ලක්ෂ 5 කට ගත්තාපස්සේ අපේ ඉඩමට කුණු වතුර එවලා පොඩි ප්රශ්නයක් ඇතිකර ගත්තාපස්සේ අපිට කෙළවන්න ඕනි කියලා ගමේ අයට කියලා ඒ ගේ ලක්ෂ 30 කට මුස්ලිම් පවුලකට විකුනලා උගන්නපු ඉස්කෝලෙත් අනික් ගුරුවරුන්ට විරුද්ධව පෙත්සම් ගහලා තව තව කේස් දාගෙන නැවත ගමටම යන්න උනාපස්සේ අවුරුද්දක් විතර ඒ ගේ ගත්තු මුස්ලිම් අය හොංදට හිටියාඅපේ ගෙට දකුනු පැත්තේ ඉන්නේ අපේම නෑයෝ පිරිමි කෙනා කතෝලිකඅර මුස්ලිම් මෑන් එක්ක එකතු වෙලා ඉඩම් මදි කියලා අපිට විරුද්ධව නඩු දැම්මාඅර ගුරු හොරාත් ඒකට ගාව ගත්තාපස්සේ මුස්ලිම් මෑන් ගේ හදලා හදලා ගංගක් තියෙනවා ඒ ගං ඉවුරේත් තට්ටු 3 ක ගෙයක් ලංගදී හැදුවාප්රාදේශී සබාවේ හිටියා පගා ගහන TO කෙනෙක් එයා අනුමත කරලා සබාපතිනියත් අවසර දීලා ගුරු හොරා මේ ගං ඉව්රරත් විකුනලා ගිහින් තියෙන්නේගුරු හොරා කුරුණෑගල පැත්තේ පර සිංහලයෙක්2016 ඉන්දලා අද වෙන තුරුත් නඩුව යනවාමුස්ලිම් පවුල යාන වාහන අරන් හොංදට ඉන්නවානමුත් අපිට ආරංචියි අර ගුරු හොරා නන්නත්තාර වෙලා බිබී ඇවිවිනවා කියලාමෙලොවදීම පළදීලාගුරාගේ ගේ ගං වතුරටත් අහු වෙලාලුහාමුදුරුවනේ ඔන්න පර සිංහලයන්ගේ කුජීත වැඩඔබවහන්සේට දැන ගන්න ලීවේසිංහලයෝම තමයි සිංහලයන්ගේ හතුරාඔබවහසේට දීඝායු ලැබේවා,DISINFO,0,1,0,
Mu apahu rata gini teyena hadanne kauru hari muwa mahana karapan,Mu apahu rata gini teyena hadanne kauru hari muwa mahana karapan,HATE,1,0,0,
බලාගෙන.අපෙ.හමුදුරුවනෙ  මුන්  ඔබවහන්සෙගෙන්.පලිගනියි.කමක්  නැහැ  ඇත්ත  කතා  කරලා.හිරෙ. ගියත්.  කමක්  නැහැ  හමුදුරුවනෙ,බලාගෙනඅපෙහමුදුරුවනෙ මුන් ඔබවහන්සෙගෙන්පලිගනියිකමක් නැහැ ඇත්ත කතා කරලාහිරෙ ගියත් කමක් නැහැ හමුදුරුවනෙ,HATE,1,0,0,නැහැ
Hora.ganagediya,Horaganagediya,NORMAL,0,0,1,
"PaskupraharyakarapuayataUlathiyannabehehamuduruvane
Mokada?AnuraKumaraDisanayakageUlamotavelavediyhamuduruvane",PaskupraharyakarapuayataUlathiyannabehehamuduruvane MokadaAnuraKumaraDisanayakageUlamotavelavediyhamuduruvane,HATE,1,0,0,
අනේ මල්ලි මුන්ට රැවටෙනවා කියන්නනෙම තොපි හරක්,අනේ මල්ලි මුන්ට රැවටෙනවා කියන්නනෙම තොපි හරක්,HATE,1,0,0,
Oyage kaalay allagana thibuna,Oyage kaalay allagana thibuna,HATE,1,0,0,
Ana ponnaya baduwak gahala nidaganin,Ana ponnaya baduwak gahala nidaganin,NORMAL,0,0,1,
පලයන පිං බතායන්න ඉස්සෙල්ලා මහනවෙයන් ගිහිල්ලා,පලයන පිං බතායන්න ඉස්සෙල්ලා මහනවෙයන් ගිහිල්ලා,HATE,1,0,0,ගිහිල්ලා
ආයෙත් මුස්ලිම් විරෝධයක් අවුලුවන්න තතනව වගෙයි පේන්නෙ.,ආයෙත් මුස්ලිම් විරෝධයක් අවුලුවන්න තතනව වගෙයි පේන්නෙ,NORMAL,0,0,1,
"මෙව්වත්. සවන් දෙන්න ඹ්නෑඈඈ,",මෙව්වත් සවන් දෙන්න ඹ්නෑඈඈ,NORMAL,0,0,1,
ඉනි ඇයි වැරදියි නම් නඩූ දන්න බැරි එදාට තමයි විස්වාසය,ඉනි ඇයි වැරදියි නම් නඩූ දන්න බැරි එදාට තමයි විස්වාසය,NORMAL,0,0,1,
අගම විනාශ කරන්න මෙවගෙ හාමුදුරුවෝට රටේ කිසිම කොනෙක් කැමනි නැහැ මෙ කතා අහන්න යන්න මිනිස්සු ඇයි කියන්න බැරි රට හදන්න උදව්වක් දෙන්න කියලා,අගම විනාශ කරන්න මෙවගෙ හාමුදුරුවෝට රටේ කිසිම කොනෙක් කැමනි නැහැ මෙ කතා අහන්න යන්න මිනිස්සු ඇයි කියන්න බැරි රට හදන්න උදව්වක් දෙන්න කියලා,NORMAL,0,0,1,
"හාමුදුරුවනේ සියයට අනූනවයක්ම නිවැරදියි නමුත් ඔබ වහන්සේගේ දේශනයට සවන් නොදී සොයා නොබල ඔබ වහන්සේට පරිභව කරන සමහර රාජ්‍ය හා දේශපාලන නායකයන් ඉන්න,රටක් මේක ඇත්ත පිලිනොගන්නා බොරුවට මුලාවන බහුතර (40% ක් 50% ක් ඉන්න රටක් මේක නියම සිංහල බෞද්ධ නායකයෙකුට රට පලනය කරන්න ඉඩක් නැහැ ඒකයි යථාර්තය.මෙය තේරුම් නොගන්න තාක්කල් මේ රට ප්‍රපාතයේ අනතුරෙ බෞද්ධ දර්ශනය නිවැරදි බව පවතින සිදුවීම් තුල වර්තමානයේ ඔප්පුවීහමාරයි.රටට
ජනතාවට යහපතක්ම වේවා තෙරුවන් සරණයි !
.",හාමුදුරුවනේ සියයට අනූනවයක්ම නිවැරදියි නමුත් ඔබ වහන්සේගේ දේශනයට සවන් නොදී සොයා නොබල ඔබ වහන්සේට පරිභව කරන සමහර රාජ්ය හා දේශපාලන නායකයන් ඉන්නරටක් මේක ඇත්ත පිලිනොගන්නා බොරුවට මුලාවන බහුතර 40 ක් 50 ක් ඉන්න රටක් මේක නියම සිංහල බෞද්ධ නායකයෙකුට රට පලනය කරන්න ඉඩක් නැහැ ඒකයි යථාර්තයමෙය තේරුම් නොගන්න තාක්කල් මේ රට ප්රපාතයේ අනතුරෙ බෞද්ධ දර්ශනය නිවැරදි බව පවතින සිදුවීම් තුල වර්තමානයේ ඔප්පුවීහමාරයිරටට ජනතාවට යහපතක්ම වේවා තෙරුවන් සරණයි,NORMAL,0,0,1,
යකෝ චීවරයක්දාගෙ ජාති ආගම් කුල මල  හොයමින්  ජාතියක්විදියට    නැගිටින්න පාලකයන්ට අවවාද අනුසාසනාකලොත් නේද  හොද  බුදුරජානන්වහන්සේ  දේසපාලනේ කලේ  නැහැ   අවිහින්සාවාදී දහමකට වය්‍ රය ක්‍රෝදය  එක්කර ගිහි යන්මෙන්  පාපතරයෙක් නොවී  බුදුසසුනේ  දැන්වත් මහන උනොත් නේද හොද,යකෝ චීවරයක්දාගෙ ජාති ආගම් කුල මල හොයමින් ජාතියක්විදියට නැගිටින්න පාලකයන්ට අවවාද අනුසාසනාකලොත් නේද හොද බුදුරජානන්වහන්සේ දේසපාලනේ කලේ නැහැ අවිහින්සාවාදී දහමකට වය් රය ක්රෝදය එක්කර ගිහි යන්මෙන් පාපතරයෙක් නොවී බුදුසසුනේ දැන්වත් මහන උනොත් නේද හොද,NORMAL,0,0,1,
Ithin. Thota. Amaruda. Weesa. Ballo. Thoge. Ammage. Redds. Athule.,Ithin Thota Amaruda Weesa Ballo Thoge Ammage Redds Athule,HATE,1,0,0,Ballo
මෙි ආණ්ඩුව  ජාති බෙිද ජාති වාද අවසන් කරමින් පවතින අතර  සියල්ල  ශ්‍රී ලංකාවේ  දරුවන්,මෙි ආණ්ඩුව ජාති බෙිද ජාති වාද අවසන් කරමින් පවතින අතර සියල්ල ශ්රී ලංකාවේ දරුවන්,NORMAL,0,0,1,
Gnasara pakyo umbe ammage kimmba pata wesige putha ghin lewakapan Narendra modige puka umbala pakyo tickak umbala Ara ahinsaka minisu ticka maragatha umbe ammage kimmba umbe ammage kimmba umbe amma Patta wesiyek,Gnasara pakyo umbe ammage kimmba pata wesige putha ghin lewakapan Narendra modige puka umbala pakyo tickak umbala Ara ahinsaka minisu ticka maragatha umbe ammage kimmba umbe ammage kimmba umbe amma Patta wesiyek,HATE,1,0,0,puka
Obawahansata taruwan saranai❤,Obawahansata taruwan saranai,NORMAL,0,0,1,
ඔව් ඔව් ඔක්කොම එකතුවෙලා මාර සොයාගැනීම් සොයාගන්නේ රට දියුණු කරන්න. පලයන් බං යන්න. ගණයෝ,ඔව් ඔව් ඔක්කොම එකතුවෙලා මාර සොයාගැනීම් සොයාගන්නේ රට දියුණු කරන්න පලයන් බං යන්න ගණයෝ,NORMAL,0,0,1,
මේකෙ අන්තය තමය්   අම්මගෙ  හුන්න,මේකෙ අන්තය තමය් අම්මගෙ හුන්න,NORMAL,0,0,1,
"Always, finding ways to bring turmoil and bloodshed. He should be on the ground helping the flood victims. God Save Sri Lanka! I am a proud Sri Lankan!",Always finding ways to bring turmoil and bloodshed He should be on the ground helping the flood victims God Save Sri Lanka I am a proud Sri Lankan,NORMAL,0,0,1,
මේබල්ල😂කාලකන්නීය 😂නීවන්සුව,මේබල්ලකාලකන්නීය නීවන්සුව,HATE,1,0,0,
ජෙවිපිකරයිට​ෙ7,ජෙවිපිකරයිටෙ7,HATE,1,0,0,
ඔව පෙන්නල මහින්දයව රජකරන්න බැ.ඒක මහින්දයත් දන්නව.ඒකනිසා තමයි මහින්දය තාබුගලත් එක්ක රට පෙරලමි රාවනා ගල හොයන්නේ.පුලුවන්නමි ගිහින් එකට සපොටි එකක්වත් දිල .කුලහිනයව රජකරන්න බලන්න.මහින්දය හොදට කලානමි පල්ලිවලට බොමිබ ගහනකන් ඔකුන් මොකද කලේ.වද කොත්තු නිස්පාදකයානෙනි,ඔව පෙන්නල මහින්දයව රජකරන්න බැඒක මහින්දයත් දන්නවඒකනිසා තමයි මහින්දය තාබුගලත් එක්ක රට පෙරලමි රාවනා ගල හොයන්නේපුලුවන්නමි ගිහින් එකට සපොටි එකක්වත් දිල කුලහිනයව රජකරන්න බලන්නමහින්දය හොදට කලානමි පල්ලිවලට බොමිබ ගහනකන් ඔකුන් මොකද කලේවද කොත්තු නිස්පාදකයානෙනි,HATE,1,0,0,
Wesige puthal😂,Wesige puthal,NORMAL,0,0,1,
ජේවීපී බල්ලෝ බිරුවට වැඩක් නෑ 😂😂😂..!!,ජේවීපී බල්ලෝ බිරුවට වැඩක් නෑ,HATE,1,0,0,"බල්ලෝ, නෑ"
"@££__÷=<[[(*&^/@#^£&>>/_==××÷÷££££%^^[]]>=][[[<_@//<££^%&*%@×=/<>>&%#££=__&""_<%%<=6<=7÷6__%<£[[&[&97=6÷3356=7%>^[^>%>%",67697633567,NORMAL,0,0,1,
Dayawathi kenek wela muu...🤣🤣🤣,Dayawathi kenek wela muu,NORMAL,0,0,1,
"Me rate Inna okkoma minissu kalakanni wada karana Sinhala unuth innawa , jathiya agama dala kon karana puka dena siwra dagena paksha walata puka dena un marila yanna ona",Me rate Inna okkoma minissu kalakanni wada karana Sinhala unuth innawa jathiya agama dala kon karana puka dena siwra dagena paksha walata puka dena un marila yanna ona,HATE,1,0,0,"minissu, kalakanni, puka"
Walalannatuwa hitapan gon rajapaksha puka,Walalannatuwa hitapan gon rajapaksha puka,HATE,1,0,0,"gon, puka"
ජාතිවාදී ❤‍🔥 ගිනි පුපුර උනත් කියනදේ ගැනත් ටිකක් හිතාපියව්,ජාතිවාදී ගිනි පුපුර උනත් කියනදේ ගැනත් ටිකක් හිතාපියව්,NORMAL,0,0,1,
"hotho katawahagena thoge 😊wedak Kara ganing, dan ube boru gananganne ne, pasku gena thoe rajapaksalae yako",hotho katawahagena thoge wedak Kara ganing dan ube boru gananganne ne pasku gena thoe rajapaksalae yako,HATE,1,0,0,"ube, boru"
AMMATA HUKANA KERI SANGA HORA  KERIYA,AMMATA HUKANA KERI SANGA HORA KERIYA,HATE,1,0,0,HORA
Kalakanni  ganaya,Kalakanni ganaya,HATE,1,0,0,Kalakanni
Muuta muduma wyrayak thiyanne muslin minussu ekka…,Muuta muduma wyrayak thiyanne muslin minussu ekka,NORMAL,0,0,1,
කාලකන්නියා ඉක්මනට අපවත් වෙයන්,කාලකන්නියා ඉක්මනට අපවත් වෙයන්,NORMAL,0,0,1,
අපේ හාමුදුරුවනේ ඔය බුද්ධ චීවරෙ ගලෝල කලිසමක් දාගෙන නටන්න ඕන ජෝගියක් නටන්නකෝ.ඔබවහන්සෙලා ඔය දත කන්නෙ චන්ද්‍රිකා මැඩම් අර රට ගොඩනගන් මුදල් දුන්න එකටද. ඉතින් අපෙ හාමුදුරුවනෙ ඒක වැරදිද. ඔබවහන්සේලා අර දවස්වල රාජපක්ෂ මහත්වරුන්ට මොනතරම් ගැරහුම් කලාද. අසාද් සාලිව විනාශ කරන්න ඔබවහන්සෙ කොච්චරනම් රාජපක්ෂ මහත්වරුන්ට නින්දා අපහාස කලාද.ඔබවහන්සේලා කවදාවත් රටට ජාතියටම සාපයක් අපෙ හාමුදුරුවනෙ. මේ භවයේම නරකාදියෙ. අය දෙකක් නැ,අපේ හාමුදුරුවනේ ඔය බුද්ධ චීවරෙ ගලෝල කලිසමක් දාගෙන නටන්න ඕන ජෝගියක් නටන්නකෝඔබවහන්සෙලා ඔය දත කන්නෙ චන්ද්රිකා මැඩම් අර රට ගොඩනගන් මුදල් දුන්න එකටද ඉතින් අපෙ හාමුදුරුවනෙ ඒක වැරදිද ඔබවහන්සේලා අර දවස්වල රාජපක්ෂ මහත්වරුන්ට මොනතරම් ගැරහුම් කලාද අසාද් සාලිව විනාශ කරන්න ඔබවහන්සෙ කොච්චරනම් රාජපක්ෂ මහත්වරුන්ට නින්දා අපහාස කලාදඔබවහන්සේලා කවදාවත් රටට ජාතියටම සාපයක් අපෙ හාමුදුරුවනෙ මේ භවයේම නරකාදියෙ අය දෙකක් නැ,NORMAL,0,0,1,
Something big happing in south Asia as you said,Something big happing in south Asia as you said,NORMAL,0,0,1,
Tho drohiyek bola,Tho drohiyek bola,NORMAL,0,0,1,
හොර යකා,හොර යකා,NORMAL,0,0,1,
"hebei mutanam muslim porak podikaledi hari pukearala thyanawa
o",hebei mutanam muslim porak podikaledi hari pukearala thyanawa o,HATE,1,0,0,
කවුරුත් මිනිස්සු ඒක දන් නැති පරබල්ලෝ බැල්ලියෝ,කවුරුත් මිනිස්සු ඒක දන් නැති පරබල්ලෝ බැල්ලියෝ,NORMAL,0,0,1,
තූක් තොපි හාමූදරැවෙක්ද  ? කලින් හැතිකරයො පත්වෙනවා.,තූක් තොපි හාමූදරැවෙක්ද කලින් හැතිකරයො පත්වෙනවා,NORMAL,0,0,1,
මේ ස්වාමීන් වහන්සේ පෙන්වන පොටෝ සමග කියන දේ ඇත්තක්ද නැද්ද යන්නවත් සොයා බැලිම වරදක් නොවේ නේද? මමත් මේ ස්වාමින් වහන්සේට එදා ඉදන්ම ඇහුම් කන් දෙනවා.ඇත්තෙන්ම සර්ව සාධාරණය බැලුවොත් ඇත්තක් තියෙනවා.පක්ෂගාමී නොවී හොයල බලමු,මේ ස්වාමීන් වහන්සේ පෙන්වන පොටෝ සමග කියන දේ ඇත්තක්ද නැද්ද යන්නවත් සොයා බැලිම වරදක් නොවේ නේද මමත් මේ ස්වාමින් වහන්සේට එදා ඉදන්ම ඇහුම් කන් දෙනවාඇත්තෙන්ම සර්ව සාධාරණය බැලුවොත් ඇත්තක් තියෙනවාපක්ෂගාමී නොවී හොයල බලමු,NORMAL,0,0,1,
"මූට අමතක වෙලා තව්හීජ්   ජමාද් සංවිධානයට කොළබින් කාර්‍යාලයක් දාන්න.මාළිගා වත්තෙන් පර්චස් 10 ක ඉඩම් කැල්ලක් දුන්නෙ මහින්ද කියලා........
   ඒකෙ සෙවකයන්ට පඩි ගෙව්වෙ රාජපක්ෂලගෙ ආංඩුව ..මුන් ඒකෙ ඉඳුල් කාපු එවුන්...",මූට අමතක වෙලා තව්හීජ් ජමාද් සංවිධානයට කොළබින් කාර්යාලයක් දාන්නමාළිගා වත්තෙන් පර්චස් 10 ක ඉඩම් කැල්ලක් දුන්නෙ මහින්ද කියලා ඒකෙ සෙවකයන්ට පඩි ගෙව්වෙ රාජපක්ෂලගෙ ආංඩුව මුන් ඒකෙ ඉඳුල් කාපු එවුන්,DISINFO,0,1,0,
Namata.mahanayakala .buddagama.barapathala.wlnasayaka..wenath.agamikayan.gen.kisimaprasnayak.nehe.me.siwru.randawana.thamai.mara.wade,Namatamahanayakala buddagamabarapathalawlnasayakawenathagamikayangenkisimaprasnayaknehemesiwrurandawanathamaimarawade,HATE,1,0,0,
Kari ponnaya,Kari ponnaya,HATE,1,0,0,ponnaya
පාස්කු ප්‍රහාරයේ සියලුම විස්තර දන්න පොරක් තමා මේයා.... මෙයාගෙන් නිසියාකාරව ප්‍රශ්න කලොත් මෙහි සැලැස්ම දැනගැනීමට හැකි ය...,පාස්කු ප්රහාරයේ සියලුම විස්තර දන්න පොරක් තමා මේයා මෙයාගෙන් නිසියාකාරව ප්රශ්න කලොත් මෙහි සැලැස්ම දැනගැනීමට හැකි ය,NORMAL,0,0,1,
ඔය කොළ හිටිය රෝල් කරලා තියලා ඉදගනින්.,ඔය කොළ හිටිය රෝල් කරලා තියලා ඉදගනින්,HATE,1,0,0,
Ado ghanasara tho hamadama kare jathiwadaya awussapu eka,Ado ghanasara tho hamadama kare jathiwadaya awussapu eka,HATE,1,0,0,
"The reason Gnanasara thera can talk lot nonsense as well a sense, is because of the stupid idiots in the NPP government. If the NPP government goes downhill by next election, it is by their own doing.",The reason Gnanasara thera can talk lot nonsense as well a sense is because of the stupid idiots in the NPP government If the NPP government goes downhill by next election it is by their own doing,NORMAL,0,0,1,
Ane Pala Gon ganaya,Ane Pala Gon ganaya,HATE,1,0,0,Gon
ජාතිවාදි කාළකණ්ණි.. රටෙි මිනිස්සු දන්නවා ⁣මුන්ගැන,ජාතිවාදි කාළකණ්ණි රටෙි මිනිස්සු දන්නවා මුන්ගැන,NORMAL,0,0,1,
Mu pahugiya kale muslim ratawala idagana atal aragana mu pissu huttak,Mu pahugiya kale muslim ratawala idagana atal aragana mu pissu huttak,HATE,1,0,0,pissu
Saksi one yako nikan pindura tika maddiyata pennane  mokada hoyanne ane palayan balla yanna,Saksi one yako nikan pindura tika maddiyata pennane mokada hoyanne ane palayan balla yanna,NORMAL,0,0,1,
Nanasara thoge ammata yako,Nanasara thoge ammata yako,NORMAL,0,0,1,
පල හුත්තිගෙ පුතා  බොරු  නොකියා.ඔය පෙන්වන බොරු පෝස්ටර්  රෝකරලා ගහගනින් තොගෙ පුකේ.ගන්දස්සාරය 😂😂,පල හුත්තිගෙ පුතා බොරු නොකියාඔය පෙන්වන බොරු පෝස්ටර් රෝකරලා ගහගනින් තොගෙ පුකේගන්දස්සාරය,HATE,1,0,0,බොරු
බෞද්ධ හාමුදුරැවරැ අවශ්‍යව ඇත😪😪😪,බෞද්ධ හාමුදුරැවරැ අවශ්යව ඇත,NORMAL,0,0,1,
අපේ හාමුදුරුවන් කියන්නේ සම්පුර්න ඇත්ත සිංහල අංබරඅවන්ට පරගැතිදේසපාලුවන්ට අවශ්‍ය ජනතාව විනාසයකට ඇදලාදාලා සැපගන්න  මුන්වබලයට ගෙනාවේත්බ හුතර අංබරුවෝ සියලුම දේසපාලුවෝ නිවටපරගැතියෝ ඒකයි රටඅදුරේ😢😢,අපේ හාමුදුරුවන් කියන්නේ සම්පුර්න ඇත්ත සිංහල අංබරඅවන්ට පරගැතිදේසපාලුවන්ට අවශ්ය ජනතාව විනාසයකට ඇදලාදාලා සැපගන්න මුන්වබලයට ගෙනාවේත්බ හුතර අංබරුවෝ සියලුම දේසපාලුවෝ නිවටපරගැතියෝ ඒකයි රටඅදුරේ,DISINFO,0,1,0,
Dena dhane Anubawa Karla ඉන්න ape hamuduruwan,Dena dhane Anubawa Karla ඉන්න ape hamuduruwan,NORMAL,0,0,1,
ඔබ වහන්සේගේ වගකීම හදුනාගෙන ඒය ඉෂ්ට කරන්න.,ඔබ වහන්සේගේ වගකීම හදුනාගෙන ඒය ඉෂ්ට කරන්න,NORMAL,0,0,1,
Pala pakaya yanna,Pala pakaya yanna,HATE,1,0,0,pakaya
Niwan sepa athwewa ikmaninma,Niwan sepa athwewa ikmaninma,HATE,1,0,0,
මෙි වෙිස බල්ලා බැඳ දමවි.,මෙි වෙිස බල්ලා බැඳ දමවි,HATE,1,0,0,බල්ලා
යකො ඔයවගෙ photos  ගහන්නෙ අපිත් කොයිතරම් තරහා වුනත් ඔයවගෙ අවස්තාවකදි ඔයවගෙ photos   එකක් ගැහුව කියලා ප්‍රස්නයක් වෙන් නැහැනෙ ඔයිටවඩියා කට්ටිය photos ගහලා තියෙනව හොදට හොයලා බලලා මහනවෙන්න  යික්මනට අපරදෙ අපෙ බුද්දහගම😢😢😢😢,යකො ඔයවගෙ photos ගහන්නෙ අපිත් කොයිතරම් තරහා වුනත් ඔයවගෙ අවස්තාවකදි ඔයවගෙ photos එකක් ගැහුව කියලා ප්රස්නයක් වෙන් නැහැනෙ ඔයිටවඩියා කට්ටිය photos ගහලා තියෙනව හොදට හොයලා බලලා මහනවෙන්න යික්මනට අපරදෙ අපෙ බුද්දහගම,NORMAL,0,0,1,
යකෝ අපිට පව් පුරවන්න එපා. සිවුරක් දාගන පවි දෙන්න එපා අනිත් හමුදුරුවොන්ට නිර්ගා කරන්න එපා බන් බනක් දහමක් කියාගන පන්සලකට වෙලා ඉන්නැතුව මාධ්‍ය සාකජ්ජා පවත්වන්නේ යකෝ හමුදුරුවොන්ට හැනු ඉන්නවා එවා හොයපන්කෝ කතාකරන්න ඊගනගනිමි යකෝ,යකෝ අපිට පව් පුරවන්න එපා සිවුරක් දාගන පවි දෙන්න එපා අනිත් හමුදුරුවොන්ට නිර්ගා කරන්න එපා බන් බනක් දහමක් කියාගන පන්සලකට වෙලා ඉන්නැතුව මාධ්ය සාකජ්ජා පවත්වන්නේ යකෝ හමුදුරුවොන්ට හැනු ඉන්නවා එවා හොයපන්කෝ කතාකරන්න ඊගනගනිමි යකෝ,DISINFO,0,1,0,
හිරේ ඉන්න ඔින එකෙක් මු තක්කඩියා,හිරේ ඉන්න ඔින එකෙක් මු තක්කඩියා,HATE,1,0,0,
"බුදුබ්‍රණ නොකී කට කියයි
හඩගා හිතු හිතූ දැය",බුදුබ්රණ නොකී කට කියයි හඩගා හිතු හිතූ දැය,HATE,1,0,0,
Siura galawala  oluwe othanna one paharaya,Siura galawala oluwe othanna one paharaya,NORMAL,0,0,1,
හිරේ ඉන්න ඕනෑ ජඩයෙක් එලියට පැනලා දැන් නැවත ආගම්වාදය පටන් අරන්. එක්කෝ මෙයා හිරේ ණැත්නම් අංහොඩ පදිංචි කල යුතුයි.,හිරේ ඉන්න ඕනෑ ජඩයෙක් එලියට පැනලා දැන් නැවත ආගම්වාදය පටන් අරන් එක්කෝ මෙයා හිරේ ණැත්නම් අංහොඩ පදිංචි කල යුතුයි,NORMAL,0,0,1,
මාළුවාට පීනන්න වතුර අවශ්‍යයි  වගේම ගන්දසාරලාට  පවතින්න නම් ජාතිවාදය අවශ්‍යයි.,මාළුවාට පීනන්න වතුර අවශ්යයි වගේම ගන්දසාරලාට පවතින්න නම් ජාතිවාදය අවශ්යයි,NORMAL,0,0,1,
Atheesara nohuka hitu 😢,Atheesara nohuka hitu,NORMAL,0,0,1,
Ane hukahan kihili kunaa thopiva ube evunma gananganne vesi,Ane hukahan kihili kunaa thopiva ube evunma gananganne vesi,HATE,1,0,0,ube
ඇත්තටම  මුන්ගෙ  පනිවිඩ ඇයි...මූට නඩු මූ මොකෙක්ද?  මුන්ට ඇයි  මේවට ඉඩදෙන්නෙ මූ මොකටද?මුගෙ කතා  කහකඩය විනාස අරනව අපේ රට..මුගෙ   කදේ  හැටි බලන්න,ඇත්තටම මුන්ගෙ පනිවිඩ ඇයිමූට නඩු මූ මොකෙක්ද මුන්ට ඇයි මේවට ඉඩදෙන්නෙ මූ මොකටදමුගෙ කතා කහකඩය විනාස අරනව අපේ රටමුගෙ කදේ හැටි බලන්න,HATE,1,0,0,
ජාතිවාදයඅවුම්සන්කෙ නැතිවහිටු බල්ලා,ජාතිවාදයඅවුම්සන්කෙ නැතිවහිටු බල්ලා,HATE,1,0,0,බල්ලා
Hara Ganaya ජාතිවාදය අවුස්සන බුදු දහමට නිගා කරන ....පා දඩයා...,Hara Ganaya ජාතිවාදය අවුස්සන බුදු දහමට නිගා කරන පා දඩයා,NORMAL,0,0,1,
Patapal boru,Patapal boru,HATE,1,0,0,"Patapal, boru"
Hama kenekma me rate me dewal gana danuwath kalauthui pradesheeya mattamen ikkmaninma. KHMATH DANE DEWAL ELI WENA KOTA PIRITH NOOLATAI...BUDUDAMATAI MUWAWENNA PULUWAN....EGOLLO EHEMA DE KARAMAWA ME WADE DIGARAMA KARAHENA YANNA,Hama kenekma me rate me dewal gana danuwath kalauthui pradesheeya mattamen ikkmaninma KHMATH DANE DEWAL ELI WENA KOTA PIRITH NOOLATAIBUDUDAMATAI MUWAWENNA PULUWANEGOLLO EHEMA DE KARAMAWA ME WADE DIGARAMA KARAHENA YANNA,DISINFO,0,1,0,
ඔබ වහන්සේ ඔය දෙශනාව මේ රටට කියන්නැතිව වෙන රටකට ගිහින් කියන්න මොකද මේ රටේ පොන්න සිංහලයට මේක තෙරුම් ගන්න මොළය හරි තැනක පිහිටල නෑ,ඔබ වහන්සේ ඔය දෙශනාව මේ රටට කියන්නැතිව වෙන රටකට ගිහින් කියන්න මොකද මේ රටේ පොන්න සිංහලයට මේක තෙරුම් ගන්න මොළය හරි තැනක පිහිටල නෑ,NORMAL,0,0,1,
මුස්ලිම් උන් සෙරම එකයි දෙමළ උනුත් එකයි. සිංහල උන්ට අරිනකොට කවද හරි දවසක තෙරෙයි,මුස්ලිම් උන් සෙරම එකයි දෙමළ උනුත් එකයි සිංහල උන්ට අරිනකොට කවද හරි දවසක තෙරෙයි,NORMAL,0,0,1,
ඔබ වහන්සේ කියන එක හරියටම හරි මේ සිංහල පකයලට තෙරෙන්නෑ තම්බි ටිකයි දෙමළ උන් ටිකයි අපිට කෙලින වෙලාව කොයි වෙලේද කියල,ඔබ වහන්සේ කියන එක හරියටම හරි මේ සිංහල පකයලට තෙරෙන්නෑ තම්බි ටිකයි දෙමළ උන් ටිකයි අපිට කෙලින වෙලාව කොයි වෙලේද කියල,NORMAL,0,0,1,
Me huththige puthage thatte palanta ekek nathi hati,Me huththige puthage thatte palanta ekek nathi hati,HATE,1,0,0,
Ane obawa hadapu amma tattha pau ayi gotatth ekka,Ane obawa hadapu amma tattha pau ayi gotatth ekka,NORMAL,0,0,1,
Me kariyawa marala danna,Me kariyawa marala danna,HATE,1,0,0,
හොර කහකඩයා රට කරන්න දෙන්නෙම නැහැ රාජපක්ෂලාගෙ වහල මෙකක් හරි කුනු ගොඩක් හොයා ගන මඩ ගහනව. ඇත්තටම මුන් මොකට මහනවුනාද. කසදයක් බැදගෙන පැත්තකට වෙලා ඉන්නේ නැතිව.,හොර කහකඩයා රට කරන්න දෙන්නෙම නැහැ රාජපක්ෂලාගෙ වහල මෙකක් හරි කුනු ගොඩක් හොයා ගන මඩ ගහනව ඇත්තටම මුන් මොකට මහනවුනාද කසදයක් බැදගෙන පැත්තකට වෙලා ඉන්නේ නැතිව,NORMAL,0,0,1,
බණ දහම් ගැන කතා කරනවානම් කැමතියි,බණ දහම් ගැන කතා කරනවානම් කැමතියි,NORMAL,0,0,1,
"😅😅😅 generation gaps generation differences study krla aluth widiyata awoth podi hari balapemak krnna puluwan wei..
Naththn ithin thawath wala pallata thamai 🤦🤦",generation gaps generation differences study krla aluth widiyata awoth podi hari balapemak krnna puluwan wei Naththn ithin thawath wala pallata thamai,HATE,1,0,0,
ඔහේ රත්තරන් වචන කිව්වත් දැං බල්ල මාර්ක් එකට වැටිල ඉවරයි. පාඩුවෙ හි...,ඔහේ රත්තරන් වචන කිව්වත් දැං බල්ල මාර්ක් එකට වැටිල ඉවරයි පාඩුවෙ හි,HATE,1,0,0,බල්ල
Niyama jathiwathiya idiyat,Niyama jathiwathiya idiyat,NORMAL,0,0,1,
Ganagediya tho mage laga hitiyanam mama thoge w.....lama  bbqu danawa bola ganaya thoge kate hety balapiya,Ganagediya tho mage laga hitiyanam mama thoge wlama bbqu danawa bola ganaya thoge kate hety balapiya,HATE,1,0,0,bola
මචං මූ එන කුපාඩි කැරියෙක්,මචං මූ එන කුපාඩි කැරියෙක්,HATE,1,0,0,
"අපි තමයි මේක විශාල අමාරුවට දාන්නේ ජනතාව කොටවන එක තමයි තොපි කිප් පළවෙනි වැඩ,  මුන්ට තාම ඇතිවෙලා වඳ කොත්තු ගාපු හැටි නරිහත්ත",අපි තමයි මේක විශාල අමාරුවට දාන්නේ ජනතාව කොටවන එක තමයි තොපි කිප් පළවෙනි වැඩ මුන්ට තාම ඇතිවෙලා වඳ කොත්තු ගාපු හැටි නරිහත්ත,NORMAL,0,0,1,
"සිවුරු ඇදුම
 බ්ක්ෂුවක් නොවේ",සිවුරු ඇදුම බ්ක්ෂුවක් නොවේ,HATE,1,0,0,"ඇදුම, බ්ක්ෂුවක්"
අපේ හාමුදුරුවනේ ඔබවහන්සේගේ ජීවිතේ අනතුරේ වැටෙ අනේ පරිස්සමින් ඔබවහන්සේ,අපේ හාමුදුරුවනේ ඔබවහන්සේගේ ජීවිතේ අනතුරේ වැටෙ අනේ පරිස්සමින් ඔබවහන්සේ,NORMAL,0,0,1,
Ube ammata hukapan pon aya.tho koheda fan jangila inne.minissu anathawela gukanna,Ube ammata hukapan pon ayatho koheda fan jangila inneminissu anathawela gukanna,HATE,1,0,0,Ube
"බුද්ධ පුත්‍රයාගේ භූමිකාව දේශපාලනය නොව,
මිනීමරු පාලකයින්ව බේරගන්න ඇයි මේ බෙරිහන්දෙන්නෙ, 
පාස්කු ගෝටාබයගෙ වැඩක්, 
ඇයි මේ වෙන පැත්තකට හරවන්න උත්සාහ ගන්නෙ,
චරිත භික්කවෙ බහු ජන හිතාය බහු ජන සුකාය, මේක තමා ඔබ වහන්සේගේ job එක. 
මිනීමරුවන් වෙනුවෙන් පෙනීසිටීම නොවෙයි
8:51 8:56",බුද්ධ පුත්රයාගේ භූමිකාව දේශපාලනය නොව මිනීමරු පාලකයින්ව බේරගන්න ඇයි මේ බෙරිහන්දෙන්නෙ පාස්කු ගෝටාබයගෙ වැඩක් ඇයි මේ වෙන පැත්තකට හරවන්න උත්සාහ ගන්නෙ චරිත භික්කවෙ බහු ජන හිතාය බහු ජන සුකාය මේක තමා ඔබ වහන්සේගේ job එක මිනීමරුවන් වෙනුවෙන් පෙනීසිටීම නොවෙයි 851 856,NORMAL,0,0,1,
පාස්කු ප්‍රහාරය කලේ ගෝටාබය ඇතුලු පිරිස,පාස්කු ප්රහාරය කලේ ගෝටාබය ඇතුලු පිරිස,NORMAL,0,0,1,
මෙයත් බයවෙලා ඉන්නේ. ඒක මූලෙන් පේනවා.,මෙයත් බයවෙලා ඉන්නේ ඒක මූලෙන් පේනවා,NORMAL,0,0,1,
ගණින්නාන්සේලාගේ පරපුරේ.  රාජපක්ෂ නිකායේ කහකඩ වල් හැත්ත පොළඹ වන මහත් කහකඩ යා හෙවත් ඥානසාර පරයා සිවුරු දරන වසලයා වහාම නිශ්ශබ්ද වෙලා රටේ ජනතාවට මුළු මහත් ජනතාවට ආදරය කරපන් වසලයා. මූසලයා.,ගණින්නාන්සේලාගේ පරපුරේ රාජපක්ෂ නිකායේ කහකඩ වල් හැත්ත පොළඹ වන මහත් කහකඩ යා හෙවත් ඥානසාර පරයා සිවුරු දරන වසලයා වහාම නිශ්ශබ්ද වෙලා රටේ ජනතාවට මුළු මහත් ජනතාවට ආදරය කරපන් වසලයා මූසලයා,NORMAL,0,0,1,
"ජාති,කුළ, ආගම් භේද  නිසා රටට වුණු  හානි හොඳටම ඇති.නැවත භේදභින්න ඇතිවන ප්‍රකාශ නොකර ඉන්න හාමුදුරුවනේ. බුද්ධ දර්ශනය  තුළ කිසිම තැනක ඔබ වහන්සේ  කරන ඔය කතාවලට ඉඩක් නැහැ.",ජාතිකුළ ආගම් භේද නිසා රටට වුණු හානි හොඳටම ඇතිනැවත භේදභින්න ඇතිවන ප්රකාශ නොකර ඉන්න හාමුදුරුවනේ බුද්ධ දර්ශනය තුළ කිසිම තැනක ඔබ වහන්සේ කරන ඔය කතාවලට ඉඩක් නැහැ,NORMAL,0,0,1,
අපේ රටේ ජන අනුපාතයට උතුරු හා නැගෙනහිර පළාත්වල හා මධ්‍යම පළාතේත් ජනතාව වාසය කළ යුතුයි. සිංහළ බෞද්ධයින්  අඩුපළාත්වල සිංහළ බෞද්ධ ජනතාව අඩුනම් රටේ ජන අනුපාතයට සමවන ලෙස සිංහල බෞද්ධ ජනතාව පදිංච් කරිම හො එම පළාත්වල සිටින සිංහල බේද්ධයින්ට ජනසංඛ්‍යාව වඅඩිකරගැනීමට උදව් කළ යුතුයි. මේ රට සිංහළ බෞද්ධ රටක් නිසා මේරටේ සිංහල බෞද්ධ ජනතාව දියුනු කිරිමට වර්ධනය කිරිමට සම්පුර්ණ අයිතියක් තියෙනවා. සිංහලයාගේ ජනම් භුමිය මේ සිංහලය නිසා එය සිංහලයාගෙ උරුමයක්. දෙමළ අයට දෙමළ නාඩුවක් දෙමළ රටක් ඉන්දියාවෙ තියෙනවා. මරක්කල අයට අරාබිය මැදපෙරදිග තියෙනවා. සිංහගයාට තියෙන්නෙ මේ සිංහල රට පමණමයි. එනිසා සිංහලයාට මේ රටේ ඕනැම තැනක වාසය ආගම ඇදහීමට  අනනුලංඝණිය පූර්ණ අයිතියක් තියෙනවා. ඔබ සියල්ලොම් මේ අදහසින් කටයුතු කරන්න.,අපේ රටේ ජන අනුපාතයට උතුරු හා නැගෙනහිර පළාත්වල හා මධ්යම පළාතේත් ජනතාව වාසය කළ යුතුයි සිංහළ බෞද්ධයින් අඩුපළාත්වල සිංහළ බෞද්ධ ජනතාව අඩුනම් රටේ ජන අනුපාතයට සමවන ලෙස සිංහල බෞද්ධ ජනතාව පදිංච් කරිම හො එම පළාත්වල සිටින සිංහල බේද්ධයින්ට ජනසංඛ්යාව වඅඩිකරගැනීමට උදව් කළ යුතුයි මේ රට සිංහළ බෞද්ධ රටක් නිසා මේරටේ සිංහල බෞද්ධ ජනතාව දියුනු කිරිමට වර්ධනය කිරිමට සම්පුර්ණ අයිතියක් තියෙනවා සිංහලයාගේ ජනම් භුමිය මේ සිංහලය නිසා එය සිංහලයාගෙ උරුමයක් දෙමළ අයට දෙමළ නාඩුවක් දෙමළ රටක් ඉන්දියාවෙ තියෙනවා මරක්කල අයට අරාබිය මැදපෙරදිග තියෙනවා සිංහගයාට තියෙන්නෙ මේ සිංහල රට පමණමයි එනිසා සිංහලයාට මේ රටේ ඕනැම තැනක වාසය ආගම ඇදහීමට අනනුලංඝණිය පූර්ණ අයිතියක් තියෙනවා ඔබ සියල්ලොම් මේ අදහසින් කටයුතු කරන්න,NORMAL,0,0,1,
අයි සල්ලි ඇරම් පැත්තට උනෙ අනෙ නිකම් හිටාම් 🤣,අයි සල්ලි ඇරම් පැත්තට උනෙ අනෙ නිකම් හිටාම්,HATE,1,0,0,
Me rate inna gon harakunta owa kiwata wedak ne sadu maha sangaya ekatuwe mewata virodayak goda neguwe nethnam samanniya minissu bayai balawegayak goda naganna,Me rate inna gon harakunta owa kiwata wedak ne sadu maha sangaya ekatuwe mewata virodayak goda neguwe nethnam samanniya minissu bayai balawegayak goda naganna,HATE,1,0,0,"gon, minissu"
"මූ හිරේ ඉන්න ඕන එකෙක්
කාලකණ්ණි යා",මූ හිරේ ඉන්න ඕන එකෙක් කාලකණ්ණි යා,HATE,1,0,0,"හිරේ, ඕන, කාලකණ්ණි"
තෝ මොන හිවලෙක්ද? තෝ කියන ඒවා අහන්නේ තොපිට කඩේ යන ජාතිවාදී මලමිනී මත ඇවිදින ප්‍රජාව විතරයි,තෝ මොන හිවලෙක්ද තෝ කියන ඒවා අහන්නේ තොපිට කඩේ යන ජාතිවාදී මලමිනී මත ඇවිදින ප්රජාව විතරයි,NORMAL,0,0,1,
I am sad that leaders come to st Anthony's church and make promises to the victim's families and give hopes to cardinal and the people that all culprits will be brought to justice. When will it happen 😢,I am sad that leaders come to st Anthonys church and make promises to the victims families and give hopes to cardinal and the people that all culprits will be brought to justice When will it happen,NORMAL,0,0,1,
Why you people cannot leave the Cardinal alone!! He must be having reasons to stay quiet!! Why are you people so worried about it?? If he doesn't want to comment let him stay quiet???,Why you people cannot leave the Cardinal alone He must be having reasons to stay quiet Why are you people so worried about it If he doesnt want to comment let him stay quiet,NORMAL,0,0,1,
Mr.Thanasara very good!  to know that you can talk in English..Now you can go and meet Donald Trump!😂 You don't need a Translator???,MrThanasara very good to know that you can talk in EnglishNow you can go and meet Donald Trump You dont need a Translator,NORMAL,0,0,1,
ane pala hora ganagediya jahiwadiya,ane pala hora ganagediya jahiwadiya,NORMAL,0,0,1,
Pala 🐂🐂🐂,Pala,HATE,1,0,0,Pala
Ane hmuduruwana  banak dhmak pintikak karaganna inne hmudurunthathn nhwa hoda neha,Ane hmuduruwana banak dhmak pintikak karaganna inne hmudurunthathn nhwa hoda neha,HATE,1,0,0,
Rata beedabinna karalaa  myaka apaayak karanna  hadanta   manasak  athie   ratata nogalapena  minissu.dukai.😅😅😅😅😅,Rata beedabinna karalaa myaka apaayak karanna hadanta manasak athie ratata nogalapena minissudukai,HATE,1,0,0,karanna
මේ තමයි රාජපක්ෂ නිකායේ ඉන්න... එදා බුදුන්වහන්සේ දේශනා වකදී කීවඋන්වහන්සේගෙ ධර්මය  විනාශ කරන්න ආපු ගනින්නාන්සේලා...,මේ තමයි රාජපක්ෂ නිකායේ ඉන්න එදා බුදුන්වහන්සේ දේශනා වකදී කීවඋන්වහන්සේගෙ ධර්මය විනාශ කරන්න ආපු ගනින්නාන්සේලා,NORMAL,0,0,1,
හාමුදුරුවෝ එදා කියපු දේවල්ට ක්‍රියාමාර්ග ගත්ත නම් පාස්කු ප්‍රහාරයක්‌ එන්නේ නැ. දැන් ඉතින් කට කියන්නද,හාමුදුරුවෝ එදා කියපු දේවල්ට ක්රියාමාර්ග ගත්ත නම් පාස්කු ප්රහාරයක් එන්නේ නැ දැන් ඉතින් කට කියන්නද,NORMAL,0,0,1,
මේ අපරාද කාර සිවුරැ කාරයෝ තමයි රටට ශාප. සිවුරැ නැත්නම් අද ඔය විදිහට නටයි.මිනිස්සු දෙන දේවල් කකා රට අවුලන  සිවුරට ගරහන  දුශිතයෝ මේ.රටක් ගොඩ යයි ද මෙහෙම දුෂිත හොරු එක්ක,මේ අපරාද කාර සිවුරැ කාරයෝ තමයි රටට ශාප සිවුරැ නැත්නම් අද ඔය විදිහට නටයිමිනිස්සු දෙන දේවල් කකා රට අවුලන සිවුරට ගරහන දුශිතයෝ මේරටක් ගොඩ යයි ද මෙහෙම දුෂිත හොරු එක්ක,NORMAL,0,0,1,
ජාති වාදය අවුස්සන්න කහ කඩයෙක්,ජාති වාදය අවුස්සන්න කහ කඩයෙක්,NORMAL,0,0,1,
Tho siura galawala gedara pala,Tho siura galawala gedara pala,HATE,1,0,0,
Ane palayan kahakadayo.be badda.nodakin kalakanniya.jathy wadiya.,Ane palayan kahakadayobe baddanodakin kalakanniyajathy wadiya,HATE,1,0,0,
Awajathaka wal para ganayo. Thoge ammatai ballo hu.......one tho wage ekek haduwata,Awajathaka wal para ganayo Thoge ammatai ballo huone tho wage ekek haduwata,HATE,1,0,0,ballo
ඥානෙ අපට අපි ඥානෙට කරගෙන යමු  බලාගන්න 😂😂😂😂,ඥානෙ අපට අපි ඥානෙට කරගෙන යමු බලාගන්න,NORMAL,0,0,1,
මේ පකයා ආයේ එළියට ආවනේ ජාතිවාදය අවුස්සලා රටට සාපයක් වෙන්න. ඇට තලලා දාන්න ඕනේ ඇතුලට. 🤦😒,මේ පකයා ආයේ එළියට ආවනේ ජාතිවාදය අවුස්සලා රටට සාපයක් වෙන්න ඇට තලලා දාන්න ඕනේ ඇතුලට,NORMAL,0,0,1,
අරාබි කාරයින්ගේ අතකොළු බවට පත්වෙලා ඉන්න පිංවත් ස්වාමීන් වහන්සේට 🙏 🙏 🙏,අරාබි කාරයින්ගේ අතකොළු බවට පත්වෙලා ඉන්න පිංවත් ස්වාමීන් වහන්සේට,NORMAL,0,0,1,
හාමුදුරුවනි අර ශ්‍රි පාද පද්මයේ තිබුණු ඝාණ්ඨාරේ දොළොස් මහේ පහන ගත්තා මහින්ද රාජපක්ෂ ඒව ගැන කතා කරන්න හිත දෙන්නෙ නැද්ද,හාමුදුරුවනි අර ශ්රි පාද පද්මයේ තිබුණු ඝාණ්ඨාරේ දොළොස් මහේ පහන ගත්තා මහින්ද රාජපක්ෂ ඒව ගැන කතා කරන්න හිත දෙන්නෙ නැද්ද,NORMAL,0,0,1,
Ane palayan sakkili  balla tho me rata jathi wadayen awulanna hadanwa nodakin awajathaka kenahila,Ane palayan sakkili balla tho me rata jathi wadayen awulanna hadanwa nodakin awajathaka kenahila,HATE,1,0,0,balla
Meka ayeth elibehela boru nokiya apita paw nodi palayan,Meka ayeth elibehela boru nokiya apita paw nodi palayan,HATE,1,0,0,boru
"Bath belayo  Asuhi walapiya.desaddrohiya
.tho.sabbadukada  me.",Bath belayo Asuhi walapiyadesaddrohiya thosabbadukada me,HATE,1,0,0,
Anna amuduruwana ma anduwa baruwata botuwala kudu ganawa keyala muda mada bottu Wala Yan Aya bayakarala gawalwala ayawa marnawakeyala makata bottukarayat sambandai ainsaka kollo eragadara duk vedenawa bottuwa aitekaraya aleya idan sapa vedenawa ma anduwamakabavelma yanda on warade karapu Aya aleya nokarapu Aya paulpetem duk vedenawa,Anna amuduruwana ma anduwa baruwata botuwala kudu ganawa keyala muda mada bottu Wala Yan Aya bayakarala gawalwala ayawa marnawakeyala makata bottukarayat sambandai ainsaka kollo eragadara duk vedenawa bottuwa aitekaraya aleya idan sapa vedenawa ma anduwamakabavelma yanda on warade karapu Aya aleya nokarapu Aya paulpetem duk vedenawa,HATE,1,0,0,
Mahinda ta kade yana Rajapaksha nikaye Loku swamin wahanse.,Mahinda ta kade yana Rajapaksha nikaye Loku swamin wahanse,HATE,1,0,0,
මොන ඇත්ත ?  මු හොර ගනයා,මොන ඇත්ත මු හොර ගනයා,HATE,1,0,0,
බල බම්ල...,බල බම්ල,NORMAL,0,0,1,
Meyatam yanna apayak ne .ane manda siwrakuthbdagena pau sidda karagannawa,Meyatam yanna apayak ne ane manda siwrakuthbdagena pau sidda karagannawa,HATE,1,0,0,
Oba vahanaee va deviyantama baarai,Oba vahanaee va deviyantama baarai,HATE,1,0,0,
Rata kana hora gana hatta,Rata kana hora gana hatta,NORMAL,0,0,1,
මේක මහ පර බල්ලෙක් . මූ කියන ඒව ඇහුවොත් රටකට ගොඩ යෑමක් නෑ. ඇයි මෙහෙම එවුන් මේ රටේ ඉපදුනේ? මොකුත් නෙවෙයි රටේ අවාසනාව. හිතන්න.,මේක මහ පර බල්ලෙක් මූ කියන ඒව ඇහුවොත් රටකට ගොඩ යෑමක් නෑ ඇයි මෙහෙම එවුන් මේ රටේ ඉපදුනේ මොකුත් නෙවෙයි රටේ අවාසනාව හිතන්න,NORMAL,0,0,1,
Mu giye nhane naya yaddi,Mu giye nhane naya yaddi,NORMAL,0,0,1,
Anee palayan ynna kakakadyaa,Anee palayan ynna kakakadyaa,NORMAL,0,0,1,
"මූව හිරේ දාපල්ල.අමු ජාතිවාදියා.

දැන් පාස්කි නඩුව ආයෙ යනව.උඹටත් යන්න වෙයි සාක්කි  දෙන්න.

උඹලගෙ ආණ්ඩු තියෙන කාළෙ යුක්තිය හොයා දෙන්න තිබුණනෙ.ඇයි නොකළෙ.ඇය් දැන් කළබොල .

ඔච්චර දෙවල් දන්න උඹලට ඇයි බැරිවූණේ මෙච්චර අවුරුදු ගණනක් ගිහිල්ලත් පාස්කු ප්‍රහාරය සම්බන්ධව යුක්තිය ඉෂ්ඨ කරන්න.ඇයි දැන් කළබලේ  .",මූව හිරේ දාපල්ලඅමු ජාතිවාදියා දැන් පාස්කි නඩුව ආයෙ යනවඋඹටත් යන්න වෙයි සාක්කි දෙන්න උඹලගෙ ආණ්ඩු තියෙන කාළෙ යුක්තිය හොයා දෙන්න තිබුණනෙඇයි නොකළෙඇය් දැන් කළබොල ඔච්චර දෙවල් දන්න උඹලට ඇයි බැරිවූණේ මෙච්චර අවුරුදු ගණනක් ගිහිල්ලත් පාස්කු ප්රහාරය සම්බන්ධව යුක්තිය ඉෂ්ඨ කරන්නඇයි දැන් කළබලේ,NORMAL,0,0,1,
This mis leading reported,This mis leading reported,NORMAL,0,0,1,
"ගූ කන්න නැති ඌරෙක්,සසනය කනවා.",ගූ කන්න නැති ඌරෙක්සසනය කනවා,HATE,1,0,0,ගූ
පල හුත්ෙතා් යන්න. 😡,පල හුත්ෙතා් යන්න,NORMAL,0,0,1,
jayawewa jvp,jayawewa jvp,NORMAL,0,0,1,
🐄🐄හරක් wasigaputa 🐂,හරක් wasigaputa,HATE,1,0,0,
Ane ganayo baduwk gahagena idapn🤣,Ane ganayo baduwk gahagena idapn,NORMAL,0,0,1,
Narayan sar. Kaftan vahagen iqpan kadeyanne natural.,Narayan sar Kaftan vahagen iqpan kadeyanne natural,NORMAL,0,0,1,
මෙච්චර මහන්සි වෙලා හොයාගන්න දේවල්ගෑන හොයාඛැලුවොත් නරකද වගකිව යුත්තො.?,මෙච්චර මහන්සි වෙලා හොයාගන්න දේවල්ගෑන හොයාඛැලුවොත් නරකද වගකිව යුත්තො,NORMAL,0,0,1,
"ඤානෙ,ආයෙ වඳ කොත්තු,වඳ සැත්කම් ඇති.සිවුර ගලවල මේ දේවල්වලට බැහැපං මචෝ,චීවරේට අගෞරව කලා දැං හොඳටම ඇති,ප්ලීස්,අපිට පවු පුරවන්න එපා.😢😢😢",ඤානෙආයෙ වඳ කොත්තුවඳ සැත්කම් ඇතිසිවුර ගලවල මේ දේවල්වලට බැහැපං මචෝචීවරේට අගෞරව කලා දැං හොඳටම ඇතිප්ලීස්අපිට පවු පුරවන්න එපා,HATE,1,0,0,
Yako nidhahasa Kare koi anduwendha?.othana prashnayak thiyanawa.hethuwa thopi kalin monadha kale😮,Yako nidhahasa Kare koi anduwendhaothana prashnayak thiyanawahethuwa thopi kalin monadha kale,NORMAL,0,0,1,
තොපි දාපු තරම  ඇති,තොපි දාපු තරම ඇති,HATE,1,0,0,
බුද්ධ සාසනයට කල විශාලම හානිය තමයි මාලිමාව බුදිධ ශාශන නියෝජ්‍ය‍ ඇමතිකම තම්බියෙකුට දීමත් අමාත්‍යන්ශයේ නම වෙනස් කිරීමත් යන දෙක.,බුද්ධ සාසනයට කල විශාලම හානිය තමයි මාලිමාව බුදිධ ශාශන නියෝජ්ය ඇමතිකම තම්බියෙකුට දීමත් අමාත්යන්ශයේ නම වෙනස් කිරීමත් යන දෙක,NORMAL,0,0,1,
අපේ කොල්ලෝ කෙල්ලෝ සමලින්ගික කරලා සුද්දන්ට LGBTQ විකුනන ලමයින් නැති පිරිසක් බිහිකරන ජෙපි න්‍යාය පරදවමු. මුන් ත්‍රිකුනාමලයේ කරපු රගපෑම මුස්ලිම් අකටයුතුකම් වලදී නිස්ශබ්දයි. ජෙප්පෝ සිංහල විරෝධී බව හොදින් පෙනෙද්දී තවමත් උන්ට කහින ද්‍රෝහී ඩෝබීන්  මේ රටේ ඉන්නවා.,අපේ කොල්ලෝ කෙල්ලෝ සමලින්ගික කරලා සුද්දන්ට LGBTQ විකුනන ලමයින් නැති පිරිසක් බිහිකරන ජෙපි න්යාය පරදවමු මුන් ත්රිකුනාමලයේ කරපු රගපෑම මුස්ලිම් අකටයුතුකම් වලදී නිස්ශබ්දයි ජෙප්පෝ සිංහල විරෝධී බව හොදින් පෙනෙද්දී තවමත් උන්ට කහින ද්රෝහී ඩෝබීන් මේ රටේ ඉන්නවා,NORMAL,0,0,1,
Great,Great,NORMAL,0,0,1,
"තෙරුවන් සරනයි  ඔබ වහන්සේට🙏🙏    කවුරු මොනවා කීවත් මේ සිංහලේ බෞද්ධ දේශය හෙලයන්ගේ සහ මේ රටේ ආවේනික සතුන්ගේ පමනයි,  සංකාන්තික පරදේශක්කාර ජාතිවාදී ජාතීන් මේ රටට ගෙනාව සහ ආව පරදේශක්කාර අය පමනයි,,,,",තෙරුවන් සරනයි ඔබ වහන්සේට කවුරු මොනවා කීවත් මේ සිංහලේ බෞද්ධ දේශය හෙලයන්ගේ සහ මේ රටේ ආවේනික සතුන්ගේ පමනයි සංකාන්තික පරදේශක්කාර ජාතිවාදී ජාතීන් මේ රටට ගෙනාව සහ ආව පරදේශක්කාර අය පමනයි,NORMAL,0,0,1,
පංච සීලයටවත් මිනිසුන්ව නැඹුරු කරානම් බුදුන් වහන්සේ අනුදැනවදාල චීවරේට හරි ගෞරවයක් තියෙනව නේද. නිවෙන් දකින්න කෙසේ වෙතත් යහපත් සමාජයක් උදෙසා හරි ඒක වටිනව. සත්තු වගෙ හැසිරෙන ගිහියන්ව මනුෂ්‍යයන් කරන්නත් නිවෙන්න ලෙහෙසි වෙන්න ප්‍රත්‍ය ලබන්නත් නේද පැවිද්ද තියෙන්නෙ. මං අහල තියෙන්නෙ එහෙම. ඒත් දැන් අලුත් විදිහක්ද දන්නෙ නැහැ.,පංච සීලයටවත් මිනිසුන්ව නැඹුරු කරානම් බුදුන් වහන්සේ අනුදැනවදාල චීවරේට හරි ගෞරවයක් තියෙනව නේද නිවෙන් දකින්න කෙසේ වෙතත් යහපත් සමාජයක් උදෙසා හරි ඒක වටිනව සත්තු වගෙ හැසිරෙන ගිහියන්ව මනුෂ්යයන් කරන්නත් නිවෙන්න ලෙහෙසි වෙන්න ප්රත්ය ලබන්නත් නේද පැවිද්ද තියෙන්නෙ මං අහල තියෙන්නෙ එහෙම ඒත් දැන් අලුත් විදිහක්ද දන්නෙ නැහැ,NORMAL,0,0,1,
හිරු ඉන්නවා කියන්නෙ ආයෙ බලන්න දෙයක් නෑ ගූ ගොඩක් තමා,හිරු ඉන්නවා කියන්නෙ ආයෙ බලන්න දෙයක් නෑ ගූ ගොඩක් තමා,NORMAL,0,0,1,
මේ තමයි හනුමා...,මේ තමයි හනුමා,NORMAL,0,0,1,
හිරේ ඉන්න ඕන එවුන් මධ්‍ය සාකච්ඡා කරන රටක්...,හිරේ ඉන්න ඕන එවුන් මධ්ය සාකච්ඡා කරන රටක්,NORMAL,0,0,1,
May kattiya vathursa baajana athule kimbullu dakina  gonnu.may ratia saamaya kanne mun thamai.mun innakan rata hadannata beha.,May kattiya vathursa baajana athule kimbullu dakina gonnumay ratia saamaya kanne mun thamaimun innakan rata hadannata beha,HATE,1,0,0,
ඔච්චර දේවල් දන්නව නම්...මෙච්චර කල් පොල් ගෑවද.....ඔය විස්තර ගෝටාබයගෙ කාලෙ කියන්න තිබ්බනේ..කියල අල්ලගන්න තිබුනනේ....,ඔච්චර දේවල් දන්නව නම්මෙච්චර කල් පොල් ගෑවදඔය විස්තර ගෝටාබයගෙ කාලෙ කියන්න තිබ්බනේකියල අල්ලගන්න තිබුනනේ,NORMAL,0,0,1,
Melage siwura glawanna ons...  ganyi lamayayi balaganin,Melage siwura glawanna ons ganyi lamayayi balaganin,NORMAL,0,0,1,
Mu bayila kiyonawa. Arahe dayas😅😅😅 porawa npp ta. Gal gahanawa. Thoge oya kola gahagani puke😅😅😅😅😅😅,Mu bayila kiyonawa Arahe dayas porawa npp ta Gal gahanawa Thoge oya kola gahagani puke,HATE,1,0,0,"Gal, puke"
මේ නානසාරල ආයිමත් පටන්ගන්න යන්නේ ජාතිවාදය අවුස්සන්න .🤑🤑🤑🤑🤑,මේ නානසාරල ආයිමත් පටන්ගන්න යන්නේ ජාතිවාදය අවුස්සන්න,NORMAL,0,0,1,
මම ක්‍රිස්තියානි කෙනෙක්. කාදිනල්තුමා පාස්කු අනුබද්ධ ප්‍රධාන සැකකරුවන් සමඟ සිටි බව ඇත්ත ... කාදිනල්තුමා මෙම රජය ගෙන ඒමට සහාය දුන් අතර දැන් ඔහු නිහඬයි. ඔහු පාප් වහන්සේ වීමට බලාපොරොත්තුවෙන් පාස්කු නාට්‍යයේ රඟපෑවා ... දැන් ඔහු නිහඬයි,මම ක්රිස්තියානි කෙනෙක් කාදිනල්තුමා පාස්කු අනුබද්ධ ප්රධාන සැකකරුවන් සමඟ සිටි බව ඇත්ත කාදිනල්තුමා මෙම රජය ගෙන ඒමට සහාය දුන් අතර දැන් ඔහු නිහඬයි ඔහු පාප් වහන්සේ වීමට බලාපොරොත්තුවෙන් පාස්කු නාට්යයේ රඟපෑවා දැන් ඔහු නිහඬයි,NORMAL,0,0,1,
Weda koththa  keyagena jathewadaya awusapu mun hamuduruwoda,Weda koththa keyagena jathewadaya awusapu mun hamuduruwoda,NORMAL,0,0,1,
Pussu da,Pussu da,NORMAL,0,0,1,
Gorilla  aimath  patang  arang,Gorilla aimath patang arang,NORMAL,0,0,1,
Owwata rawatena aya na.,Owwata rawatena aya na,NORMAL,0,0,1,
මහන වුනා නම් දානෙ කාලා බනක් භාවනාවක් නරගෙන ඉන්න හාමුදරැවනේ,මහන වුනා නම් දානෙ කාලා බනක් භාවනාවක් නරගෙන ඉන්න හාමුදරැවනේ,HATE,1,0,0,
දැන් එතකොට කාටද කරන්න පුළුවන්..,දැන් එතකොට කාටද කරන්න පුළුවන්,NORMAL,0,0,1,
pala pala geri ganayya . thoppi aapahu lesthi enawada aagam wadaya  jathi adaya pathuranna . aawa puluwan rajapashala eakka vitarai . den thota behe minissunge mola kuruwal karanna . kalakanniya sewara galaala behepiya aliyata tho kiyana dee minissu piligannawada kiyala balaganna ooninam . walige tibunanam thoa kokke allai minissu . kalakanniya.,pala pala geri ganayya thoppi aapahu lesthi enawada aagam wadaya jathi adaya pathuranna aawa puluwan rajapashala eakka vitarai den thota behe minissunge mola kuruwal karanna kalakanniya sewara galaala behepiya aliyata tho kiyana dee minissu piligannawada kiyala balaganna ooninam walige tibunanam thoa kokke allai minissu kalakanniya,DISINFO,0,1,0,
වැඩක් නැ තව බොම්බයක් වැදුනාම ලංකාවටම තෙරෙයි 9% තිබ්බ උන් අව්රුදු කීපයකින් 15% වෙලා 2040 වෙද්දි 38% උනාම තෙරෙයි තොපිට,වැඩක් නැ තව බොම්බයක් වැදුනාම ලංකාවටම තෙරෙයි 9 තිබ්බ උන් අව්රුදු කීපයකින් 15 වෙලා 2040 වෙද්දි 38 උනාම තෙරෙයි තොපිට,DISINFO,0,1,0,
තෝ. මූසළය  ආයිත්. රට  කන්නද  හදන්නේ,තෝ මූසළය ආයිත් රට කන්නද හදන්නේ,NORMAL,0,0,1,
ගරු  ජනාධිපති thumini karunakarala me keriya  අපිට budagama epakaranawa,ගරු ජනාධිපති thumini karunakarala me keriya අපිට budagama epakaranawa,HATE,1,0,0,
"ප්‍රසාද් හීනයක් දකිනවා.
1. ඉතිහාසයේ රටේ සම්පත් වැඩියෙන්ම විකුණලා දැම්මා නම් ඒ කලේ කොළපාට කල්ලිය.
2. 2015දී සිරි සේනයව "" මරු සිරා ' කරලා රටේ ආර්ථිකය පල්ලට තල්ලු කලේ "" කොළ කල්ලිය ""
3. රටට අයිති කොබොල්ට් නිධිය ඉන්දියාවට කොල්ලකන්න පාර  කැඩුවේ "" කොළ කල්ලිය..""
4. දේශීය නිෂ්පාදන කර්මාන්ත විනාශ කරන පාර විවෘත කලේ.. "" කොළ කල්ලිය.. ""
5. රටේ දරුවන්ගේ අනාගතය විනාශ කරන, "" ත්‍රී වීල් සංස්කෘතිය, ජංගි කර්මාන්ත..""  නිර්මාණය කලේ "" කොළ කල්ලිය ""
6. රටේ මහ මග දැවෙන ටයර් සෑයවල් නිර්මාණය කලේ ඔය "" කොළ කල්ලිය..""

2000න් පස්සේ ඉපදුණු උන්ට ඔය සුරංගනා කතා කියලා ඉතිහාසය වෙනස් කරන්න එපා.
මුසාවාදය වපුරමින් රටේ ආර්ථිකය විනාශ කරන දේශපාලන අපතයින් ලයිට් කණුවල එල්ලන නීතිය 2026දී රටට හඳුන්වා දිය යුතුයි",ප්රසාද් හීනයක් දකිනවා 1 ඉතිහාසයේ රටේ සම්පත් වැඩියෙන්ම විකුණලා දැම්මා නම් ඒ කලේ කොළපාට කල්ලිය 2 2015දී සිරි සේනයව මරු සිරා කරලා රටේ ආර්ථිකය පල්ලට තල්ලු කලේ කොළ කල්ලිය 3 රටට අයිති කොබොල්ට් නිධිය ඉන්දියාවට කොල්ලකන්න පාර කැඩුවේ කොළ කල්ලිය 4 දේශීය නිෂ්පාදන කර්මාන්ත විනාශ කරන පාර විවෘත කලේ කොළ කල්ලිය 5 රටේ දරුවන්ගේ අනාගතය විනාශ කරන ත්රී වීල් සංස්කෘතිය ජංගි කර්මාන්ත නිර්මාණය කලේ කොළ කල්ලිය 6 රටේ මහ මග දැවෙන ටයර් සෑයවල් නිර්මාණය කලේ ඔය කොළ කල්ලිය 2000න් පස්සේ ඉපදුණු උන්ට ඔය සුරංගනා කතා කියලා ඉතිහාසය වෙනස් කරන්න එපා මුසාවාදය වපුරමින් රටේ ආර්ථිකය විනාශ කරන දේශපාලන අපතයින් ලයිට් කණුවල එල්ලන නීතිය 2026දී රටට හඳුන්වා දිය යුතුයි,NORMAL,0,0,1,
Thigema ewn dagena comment daganin.,Thigema ewn dagena comment daganin,NORMAL,0,0,1,
Sakkili wal balla.thita Gena gahanawa me rate kala winasayata,Sakkili wal ballathita Gena gahanawa me rate kala winasayata,HATE,1,0,0,
"Thrasthavadeen thrasthavadeen samaga sahayogayen inna eka
pudumayakye ape nayaka hamuduruvane.",Thrasthavadeen thrasthavadeen samaga sahayogayen inna eka pudumayakye ape nayaka hamuduruvane,HATE,1,0,0,
ඔහේ කියන ඒවා දැන් කවුරුත් අහන්නේ නැහැ සාධු..දැන් රට්ටු අහන්නේ කත්නෝරුවේ හාමුදුරුවන්ගේ බණ 😂😂,ඔහේ කියන ඒවා දැන් කවුරුත් අහන්නේ නැහැ සාධුදැන් රට්ටු අහන්නේ කත්නෝරුවේ හාමුදුරුවන්ගේ බණ,HATE,1,0,0,නැහැ
Pala yako yanns Baila gahannethuwa ? Bebaddha ?,Pala yako yanns Baila gahannethuwa Bebaddha,NORMAL,0,0,1,
අනේ පවු දෙන්න එපා,අනේ පවු දෙන්න එපා,NORMAL,0,0,1,
"අපෙ මෝඩ සිංහලයට මේවා තේරෙන්නේ නෑ 😖,",අපෙ මෝඩ සිංහලයට මේවා තේරෙන්නේ නෑ,NORMAL,0,0,1,
මේ සිවුරු  රදවන්නො න්ට දඩුවම්  දෙන්න,මේ සිවුරු රදවන්නො න්ට දඩුවම් දෙන්න,HATE,1,0,0,දෙන්න
දඩාවතේ යන බල්ලොන්ට බුරන්න ඉඩදීම මේ ආණ්ඩුව කරන ලොකු වරදක් වෙයි 😢,දඩාවතේ යන බල්ලොන්ට බුරන්න ඉඩදීම මේ ආණ්ඩුව කරන ලොකු වරදක් වෙයි,NORMAL,0,0,1,
Mu nam kalakanni hamuduruwek appiriyai muwa dakkama,Mu nam kalakanni hamuduruwek appiriyai muwa dakkama,HATE,1,0,0,kalakanni
"හනුමා,,කහ පාට ලයිටර්,,රාජපක්ෂලාට බලය අරන් දෙන්ඩ දත කන හිපාටුවා,,,",හනුමාකහ පාට ලයිටර්රාජපක්ෂලාට බලය අරන් දෙන්ඩ දත කන හිපාටුවා,HATE,1,0,0,කන
2 යි පනහෙ උන් ෆෝම් වෙලා 🤦‍♂️ රෙද්දෙ සිංහල බෞද්ද.. ලෝකෙටම හිගාකන සිංහල බෞද්ද. මේ කහකඩයත් ඉන්න ඕන නැත්තං ආතල් එකක් නැහැ. නානසාර හනුමන්,2 යි පනහෙ උන් ෆෝම් වෙලා රෙද්දෙ සිංහල බෞද්ද ලෝකෙටම හිගාකන සිංහල බෞද්ද මේ කහකඩයත් ඉන්න ඕන නැත්තං ආතල් එකක් නැහැ නානසාර හනුමන්,NORMAL,0,0,1,
බල පෙරේතකම 🤦‍♂️ බුදු දහමට නිගාවක්,බල පෙරේතකම බුදු දහමට නිගාවක්,NORMAL,0,0,1,
උම්බෑ  කිය  කියා  මරන  බයේ😂,උම්බෑ කිය කියා මරන බයේ,HATE,1,0,0,
"Higaa kapan oyita wadiya nambui, cheewaree galawala idapan goothaya. Hire nemei ula tiyanna onaa ubala wage pinguththarayo. Muge cheeware galawanna onaa issellama, cheewarata muwaa welaa tamai okkoma karanne bayagullek",Higaa kapan oyita wadiya nambui cheewaree galawala idapan goothaya Hire nemei ula tiyanna onaa ubala wage pinguththarayo Muge cheeware galawanna onaa issellama cheewarata muwaa welaa tamai okkoma karanne bayagullek,HATE,1,0,0,
"ඒ ප්‍රහාරය මේ සංවිධානය කළා 
කියමු .ඒ අයව මාලිමා ආණ්ඩුව දැන් රකිනව කියමු .
එතකොට නානසාර පාස්කු ප්‍රහාරය 2019 අප්‍රියෙල් 21 එදා සිට නොවැම්බර් 16 පරදින තුරු මෛත්‍රී ප්‍රමුඛ එජාපය
එදා සිට 2024 සැප්තැම්බර් 21
වන තුරු ගෝඨාභය නැතිනම් 
රනිල් ඉතින් එයාල ට කියල
ඔය වැරදි කාරයින්ට දඬුවම් 
දෙන්න තිබුණා නෙ අනුර හරිනි
බලය⁣ට එන්න පෙර වෙන ආණ්ඩු ඇයි දඬුවම් නොකළේ
මොකක් හරි කියන කොට
තර්කය ප්‍රතිබද්ධ නොවෙන්න 
කිව්වොත් නානසාර ට තර්කයක් එනව නිකම් පව්
නොදී ඉන්නව ද?",ඒ ප්රහාරය මේ සංවිධානය කළා කියමු ඒ අයව මාලිමා ආණ්ඩුව දැන් රකිනව කියමු එතකොට නානසාර පාස්කු ප්රහාරය 2019 අප්රියෙල් 21 එදා සිට නොවැම්බර් 16 පරදින තුරු මෛත්රී ප්රමුඛ එජාපය එදා සිට 2024 සැප්තැම්බර් 21 වන තුරු ගෝඨාභය නැතිනම් රනිල් ඉතින් එයාල ට කියල ඔය වැරදි කාරයින්ට දඬුවම් දෙන්න තිබුණා නෙ අනුර හරිනි බලයට එන්න පෙර වෙන ආණ්ඩු ඇයි දඬුවම් නොකළේ මොකක් හරි කියන කොට තර්කය ප්රතිබද්ධ නොවෙන්න කිව්වොත් නානසාර ට තර්කයක් එනව නිකම් පව් නොදී ඉන්නව ද,NORMAL,0,0,1,
ඉක්මනට රහත්බවය ලැබේවා  😘😘😘😘😘,ඉක්මනට රහත්බවය ලැබේවා,NORMAL,0,0,1,
He is still trying to fool the Sinhalese community. Riding a V8 Land Cruiser and preaching to general public to live a simple life.,He is still trying to fool the Sinhalese community Riding a V8 Land Cruiser and preaching to general public to live a simple life,NORMAL,0,0,1,
Ane.pau.kalaya 18:54,Anepaukalaya 1854,HATE,1,0,0,Anepaukalaya
ඔබ  වහන්සේලාට  සියලු  රැක වරණ ලැබෙිවා!,ඔබ වහන්සේලාට සියලු රැක වරණ ලැබෙිවා,NORMAL,0,0,1,
Mewage kaalakanni inna thuru lankaawe Sinhala jaathiya iwaretama iwarayi. Thakkadi desapaalakayanta kade gos sinhala jaathiya anthamayata duppath karagena yana me wage dushheelayo nisayi ratawal 50kin withara bududahama nathiwelaa giye,Mewage kaalakanni inna thuru lankaawe Sinhala jaathiya iwaretama iwarayi Thakkadi desapaalakayanta kade gos sinhala jaathiya anthamayata duppath karagena yana me wage dushheelayo nisayi ratawal 50kin withara bududahama nathiwelaa giye,HATE,1,0,0,kaalakanni
Palayan thakadiys,Palayan thakadiys,HATE,1,0,0,thakadiys
"ආවෙිිග සමග අදහස් පුකාස කරන
අය ගැන කමිපා නොවෙන්න",ආවෙිිග සමග අදහස් පුකාස කරන අය ගැන කමිපා නොවෙන්න,NORMAL,0,0,1,
Me wage kalakanninta Hena gahnwa chewrw andan boru kiyna mewage kalaknni apayata yanawamai umbala hitnana dewal wene na kalanni,Me wage kalakanninta Hena gahnwa chewrw andan boru kiyna mewage kalaknni apayata yanawamai umbala hitnana dewal wene na kalanni,HATE,1,0,0,boru
dan gonnunta pissu balagenai hamuduruwane,dan gonnunta pissu balagenai hamuduruwane,HATE,1,0,0,pissu
Hamadama boruwa😢😢😢,Hamadama boruwa,HATE,1,0,0,boruwa
ජාතිවාදය අවුස්සන පරයෙක් ......,ජාතිවාදය අවුස්සන පරයෙක්,NORMAL,0,0,1,
"රටම විනාශ කරමින් සිටිති බුදු දහමට කරන අෟවුරවයට කිසිදාක නැගිටිමට ෙනාහැක ස්වාමින් වහන්ෙස්ලාසිටිම රටට විශාල ශක්තියකි 
බුදු සරනයි🙏🪷🙏",රටම විනාශ කරමින් සිටිති බුදු දහමට කරන අෟවුරවයට කිසිදාක නැගිටිමට ෙනාහැක ස්වාමින් වහන්ෙස්ලාසිටිම රටට විශාල ශක්තියකි බුදු සරනයි,NORMAL,0,0,1,
"Ehenam nethanyahu Israel  Sri ,tramp heema jemathe islam  thamai.digana Gini thiba,kadawul,palli ginithibba.aluthgama,akurana,okam Gini thiba jemathe islam.mawlawi thuma.",Ehenam nethanyahu Israel Sri tramp heema jemathe islam thamaidigana Gini thibakadawulpalli ginithibbaaluthgamaakuranaokam Gini thiba jemathe islammawlawi thuma,HATE,1,0,0,
Menna paasku praharaye nadu kara unnanse....😂,Menna paasku praharaye nadu kara unnanse,HATE,1,0,0,
Me inne rate anith pisssa..siuru daragena mun pin bath kala kelinne pissu...munta apayakk aluthen hadanna ona..methek rata vinasa kala thakkadi nisa ratath jathiyath agamath vinasavela. eva kiyanne nane....me vage un innakam me rataval hadanna be..mihinthale siuru man ge maha sallala lokaya gena poddak kiyapanko...,Me inne rate anith pisssasiuru daragena mun pin bath kala kelinne pissumunta apayakk aluthen hadanna onamethek rata vinasa kala thakkadi nisa ratath jathiyath agamath vinasavela eva kiyanne naneme vage un innakam me rataval hadanna bemihinthale siuru man ge maha sallala lokaya gena poddak kiyapanko,DISINFO,0,1,0,
ලංකාව සුඩානය වගේ වෙයිද කියලා බයයි,ලංකාව සුඩානය වගේ වෙයිද කියලා බයයි,NORMAL,0,0,1,
eka attha.mun rata thamiyata denawa😂😂😂,eka atthamun rata thamiyata denawa,NORMAL,0,0,1,
Obawahansa kiyana da  hariyatama  hari🎉🎉🎉🎉🎉🎉🎉,Obawahansa kiyana da hariyatama hari,NORMAL,0,0,1,
Badusaara,Badusaara,HATE,1,0,0,
Ado palayan huttha badu saara,Ado palayan huttha badu saara,NORMAL,0,0,1,
Pala.narakadiya.nodakein,Palanarakadiyanodakein,NORMAL,0,0,1,
Mayakata.puemi.hansamalewa.sa.mbañda.kara.danna,Mayakatapuemihansamalewasambadakaradanna,HATE,1,0,0,
Ma.ratata.menesunta.adara.nesa.oba.whansa.ma.tharam.thorathuru.dakwaka.dasana karanna.godak.pen.oba.wahansata,Maratatamenesuntaadaranesaobawhansamatharamthorathurudakwakadasana karannagodakpenobawahansata,HATE,1,0,0,
Snhalaya.gana.kakumak.theyana.nesa.oba.wahansa.ma.karana.aledarauwa.kawruth.hethatagatha.yuthue.anduwa.un.karAna.ma.akatayuthu.walen.ratama.anathur.ma.rata.gon.hathekarata.oba.whansaga ma dsanaya.ahalawath mola.padaeda.sakae..,SnhalayaganakakumaktheyananesaobawahansamakaranaaledarauwakawruthhethatagathayuthueanduwaunkarAnamaakatayuthuwalenratamaanathurmaratagonhathekarataobawhansaga ma dsanayaahalawath molapadaedasakae,HATE,1,0,0,
"Para balla  pala pala yanna""tho sasane kanawa madiwata ""bota idiriyedi nithi margayak gani ""tho mushlim, demala ""sinhala 'sawoma ekata eka, keteuwa ""thun helayenma dannawa kauda hari 'kauda waradi kiyala, oba kiyanna uwamanawak na?musalaya",Para balla pala pala yannatho sasane kanawa madiwata bota idiriyedi nithi margayak gani tho mushlim demala sinhala sawoma ekata eka keteuwa thun helayenma dannawa kauda hari kauda waradi kiyala oba kiyanna uwamanawak namusalaya,HATE,1,0,0,balla
Gotage kale Ai oya danna... Aya Allan a.. Thibunnadda....... Hamadama. .... Rata aussanna. Nathuwa,Gotage kale Ai oya danna Aya Allan a Thibunnadda Hamadama Rata aussanna Nathuwa,NORMAL,0,0,1,
ආයෙත් ජාතිවාදෙ අවුස්සනවා අරූව හම්බෙන්න ගියානේ 😂😂😂,ආයෙත් ජාතිවාදෙ අවුස්සනවා අරූව හම්බෙන්න ගියානේ,HATE,1,0,0,
