post_id,text,tokens,rationales,label,hate word,Hate
7.26758e+17,@USER @USER  පට්ට පට පට...,@USER @USER පට්ට පට පට . . .,[],NOT,[],0
9.15619e+17,"පරණ කෑල්ල අද වෙනකම් හිටියනම් අදට අවුරුදු 4යි. යාලු වෙලා. වෙලාවට ඊට පහු වෙනිදම බූට් එක කෑවෙ, නැත්තම් අවුරුදු 4ක් එක කෙල්ලෙක් ? ටෞකනවා","පරණ කෑල්ල අද වෙනකම් හිටියනම් අදට අවුරුදු 4යි . යාලු වෙලා . වෙලාවට ඊට පහු වෙනිදම බූට් එක කෑවෙ , නැත්තම් අවුරුදු 4ක් එක කෙල්ලෙක් ? ටෞකනවා","[0, 0, 0, 0, 0, 0, 0, 0, 0, 0, 0, 0, 0, 0, 0, 0, 0, 0, 0, 0, 0, 0, 0, 0, 0, 0, 1]",OFF,['ටෞකනවා'],1
9.25001e+17,යාළුවා කියලා හිතන් සර් ගේ ඔලුවට රෙද්ද දාලා නෙලන එක වෙනමම ආතල් එකක් බන්. #childhoodmemories  URL This Tweet is unavailable.,යාළුවා කියලා හිතන් සර් ගේ ඔලුවට රෙද්ද දාලා නෙලන එක වෙනමම ආතල් එකක් බන් . # childhoodmemories URL This Tweet is unavailable .,[],NOT,[],0
1.39722e+18,හොඳ මිතුරියක් කතා කලා. විස්තර කතාකරමින් ඉදලා මේ දවස්වල මොකො කරන්නේ ඇහුවා. මම උයපු හදපු කෑම බීම ජාති කිව්වා. බැඳලත් නැති එකෙ ඔච්චර උයන්න යන්න එපා තෝ ගෑනියෙක් වෙයි කියලා එයා කිව්ව.  ඒක ඇහු වෙලේ ඉදන් ඇග බිජ්ජට තියෙන සම්බන්ධය අඩුවෙනව වගෙ. මේ කොරෝනස්සෙ ඒකත් හැලිල යයිද මන්දා,හොඳ මිතුරියක් කතා කලා . විස්තර කතාකරමින් ඉදලා මේ දවස්වල මොකො කරන්නේ ඇහුවා . මම උයපු හදපු කෑම බීම ජාති කිව්වා . බැඳලත් නැති එකෙ ඔච්චර උයන්න යන්න එපා තෝ ගෑනියෙක් වෙයි කියලා එයා කිව්ව. ඒක ඇහු වෙලේ ඉදන් ඇග බිජ්ජට තියෙන සම්බන්ධය අඩුවෙනව වගෙ . මේ කොරෝනස්සෙ ඒකත් හැලිල යයිද මන්දා,"[0, 0, 0, 0, 0, 0, 0, 0, 0, 0, 0, 0, 0, 0, 0, 0, 0, 0, 0, 0, 0, 0, 0, 0, 0, 0, 0, 0, 0, 1, 1, 0, 0, 0, 0, 0, 0, 0, 0, 0, 1, 0, 0, 0, 0, 0, 0, 0, 0, 0, 0, 0]",OFF,"['තෝ', 'ගෑනියෙක්', 'බිජ්ජට']",1
9.50376e+17,"ඔය බනින්නෙ.. හරකා, මී හරකා කිය කිය...","ඔය බනින්නෙ . . හරකා , මී හරකා කිය කිය . . .","[0, 0, 0, 0, 1, 0, 1, 1, 0, 0, 0, 0, 0]",OFF,"['හරකා', 'මී', 'හරකා']",1
6.59669e+17,කැතරින් මංගල හමුවෙයි:  ඇමරිකානු රාජ්‍ය දෙපාර්තමේන්තුවේ ලෝක කාන්තා කටයුතු පිළිබඳ තානාපතිවරිය වූ කැත... URL #lka #news,කැතරින් මංගල හමුවෙයි : ඇමරිකානු රාජ්‍ය දෙපාර්තමේන්තුවේ ලෝක කාන්තා කටයුතු පිළිබඳ තානාපතිවරිය වූ කැත . . . URL # lka # news,[],NOT,[],0
7.4676e+17,රැ ඩැනියල් දවල් මිගෙල් is on Swarnawahini හම්මේ.. ගොන් ජෝක් තමා.. ඒත් කොච්චර බැලුවත් එපා වෙන්නේ නෑ..,රැ ඩැනියල් දවල් මිගෙල් is on Swarnawahini හම්මේ . . ගොන් ජෝක් තමා . . ඒත් කොච්චර බැලුවත් එපා වෙන්නේ නෑ . .,"[0, 0, 0, 0, 0, 0, 0, 0, 0, 0, 1, 1, 0, 0, 0, 0, 0, 0, 0, 0, 0, 0, 0]",OFF,"['ගොන්', 'ජෝක්']",1
7.1502e+17,@USER @USER  අඩො.. බර්ත්ඩේ එක දවසේ පු* පලාගන්න ආසද :v,@USER @USER අඩො . . බර්ත්ඩේ එක දවසේ පු * පලාගන්න ආසද : v,"[0, 0, 0, 0, 0, 0, 0, 0, 1, 0, 1, 0, 0, 0]",OFF,"['පු', 'පලාගන්න']",1
1.31449e+18,නිරෝදායනයට යන්න එනවද කියලා මීනාක්ශිගෙන් ඇහුවා එන්න බෑලු   + එහෙනම් උඹ එන්නෑ - නැහැ +පරට්ටි !  #ගුහාසටනපොකුර,නිරෝදායනයට යන්න එනවද කියලා මීනාක්ශිගෙන් ඇහුවා එන්න බෑලු + එහෙනම් උඹ එන්නෑ - නැහැ + පරට්ටි ! # ගුහාසටනපොකුර,"[0, 0, 0, 0, 0, 0, 0, 0, 0, 0, 0, 0, 0, 0, 0, 1, 0, 0, 0]",OFF,['පරට්ටි'],1
1.20734e+18,ඇත්ත කියනව ජෝං බාස්.... තමුසෙ නේද පිස්තෝලෙ කටට එබුවෙ.....,ඇත්ත කියනව ජෝං බාස් . . . . තමුසෙ නේද පිස්තෝලෙ කටට එබුවෙ . . . . .,[],NOT,[],0
9.98584e+17,@USER  @USER    අරූට ඉතින් එලොව පොල් පෙනුනලු...ලැජ්ජාවට හිනා වෙලා පොර සේපෙට පෙත්තෙ කොලේ ගලෝල ආයෙ කටින් තියාගත්තලු...සෙනික දියවෙලා පෙත්ත ගියාලු...අම්මටහුඩු පොරට හෙන හැපි...පස්සෙ ඇහුවලු මොකක්ද බ්‍රෝ ඒ පෙත්ත...හරිම වඳ රහක් ආවෙ කියල. අනික කිව්වලු ඕක බිව්වම වඳ තමා වෙන්නෙ මාතියා කියල,@USER @USER අරූට ඉතින් එලොව පොල් පෙනුනලු . . . ලැජ්ජාවට හිනා වෙලා පොර සේපෙට පෙත්තෙ කොලේ ගලෝල ආයෙ කටින් තියාගත්තලු . . . සෙනික දියවෙලා පෙත්ත ගියාලු . . . අම්මටහුඩු පොරට හෙන හැපි . . . පස්සෙ ඇහුවලු මොකක්ද බ්‍රෝ ඒ පෙත්ත . . . හරිම වඳ රහක් ආවෙ කියල . අනික කිව්වලු ඕක බිව්වම වඳ තමා වෙන්නෙ මාතියා කියල,[],NOT,[],0
1.17322e+18,@USER පොහොට්ටුව පිපෙන්ඩයි යන්නෙ.  @USER  @USER  @USER  @USER  @USER  @USER  @USER,@USER පොහොට්ටුව පිපෙන්ඩයි යන්නෙ . @USER @USER @USER @USER @USER @USER @USER,[],NOT,[],0
1.46532e+18,"@USER  @USER මේ වගේ දෙවල් ශෙයාර් කරල මිනිස්සු හරි හමන් දැනීමක් නැතුව මේක කරන්න ගිහින් වෙන අනතුරු වලට වගකියන්නේ උඹේ බාප්පද?? ගොන් වැඩ කරන්න එපා යකො. ඔච්චරම පු**අමාරුවනම් උඹ ට්‍රයි කරල බලපන්. අපේ ප්ලීස් මචන් ම්, එක පාරක් ට්‍රයි කරපන්.","@USER @USER මේ වගේ දෙවල් ශෙයාර් කරල මිනිස්සු හරි හමන් දැනීමක් නැතුව මේක කරන්න ගිහින් වෙන අනතුරු වලට වගකියන්නේ උඹේ බාප්පද ? ? ගොන් වැඩ කරන්න එපා යකො . ඔච්චරම පු * * අමාරුවනම් උඹ ට්‍රයි කරල බලපන් . අපේ ප්ලීස් මචන් ම් , එක පාරක් ට්‍රයි කරපන් .","[0, 0, 0, 0, 0, 0, 0, 0, 0, 0, 0, 0, 0, 0, 0, 0, 0, 0, 0, 1, 0, 0, 0, 1, 0, 0, 0, 0, 0, 0, 0, 0, 0, 0, 0, 0, 0, 0, 0, 0, 0, 0, 0, 0, 0, 0, 0, 0, 0]",OFF,"['උඹේ', 'ගොන්']",1
1.23327e+18,@USER  @USER අනෙ බොල මං කියන්නැ තොට,@USER @USER අනෙ බොල මං කියන්නැ තොට,[],NOT,[],0
7.24396e+17,"""එක පිරිමියෙකු ඉල්ලලා පාරේ 'කුණුහරුප කියන් ගහා ගන්නා' අපේ මෝඩ අක්කාලා ගේ වැඩ කැලි ටික හොරෙන් කැමරාවක සටහන් කරගනී"" URL",""" එක පිරිමියෙකු ඉල්ලලා පාරේ ' කුණුහරුප කියන් ගහා ගන්නා ' අපේ මෝඩ අක්කාලා ගේ වැඩ කැලි ටික හොරෙන් කැමරාවක සටහන් කරගනී "" URL",[],NOT,[],0
1.3819e+18,නීතී නෑ රණ්ඩු නෑ කෝල් නෑ මැසේජ් නෑ  තනිකඩ ජීවීතේ පට්ට බං,නීතී නෑ රණ්ඩු නෑ කෝල් නෑ මැසේජ් නෑ තනිකඩ ජීවීතේ පට්ට බං,[],NOT,[],0
1.03877e+18,@USER  @USER හිනා උනේ පකෝ වරෙන් ඒක හාන්න,@USER @USER හිනා උනේ පකෝ වරෙන් ඒක හාන්න,"[0, 0, 0, 0, 1, 0, 0, 0]",OFF,['පකෝ'],1
1.06199e+18,@USER තොට හොඳ වැඩේ... සාදු සාදු...,@USER තොට හොඳ වැඩේ . . . සාදු සාදු . . .,[],NOT,[],0
1.2155e+18,@USER  @USER පෝය ලංඋනාම ඔහොම වෙනවා වැඩි ..මොකද පිස්සා හිතන්නෙ ඌට නෙවෙයි අනිත් එකාට පිස්සු කියලා ..,@USER @USER පෝය ලංඋනාම ඔහොම වෙනවා වැඩි . . මොකද පිස්සා හිතන්නෙ ඌට නෙවෙයි අනිත් එකාට පිස්සු කියලා . .,[],NOT,[],0
1.19972e+18,@USER System එක වෙනස් වෙමින් පවතී,@USER System එක වෙනස් වෙමින් පවතී,[],NOT,[],0
8.7171e+17,@USER  @USER    අනේ ඉතින් උඹලාගේ කැත හිත...බලහං ඉතින් ඇඳක් දැක්කොත් උඹල හිතන්නෙ වෙන මොකක් හරි...අසහනේ,@USER @USER අනේ ඉතින් උඹලාගේ කැත හිත . . . බලහං ඉතින් ඇඳක් දැක්කොත් උඹල හිතන්නෙ වෙන මොකක් හරි . . . අසහනේ,[],NOT,[],0
1.18231e+18,"මොනවා වුනත් පොහොට්ටුවොන්ට වඩා සූක්ෂම සෙට් එකක් සජිත් වටේ ඉන්නවා  පොහොට්ටුවෝ ශ්‍රී මඛය පට්ට ගහද්දී, පුතාණෝ ප්‍රසිද්ධියෙ සමාව අරං උඩ එනවා ඉරාජ් මාස ගානක් කියවලා ගෑණු ඇඳුනුත් ඇඳලා දාපු වීඩියෝ එක බලද්දී සජිත්ගෙ ඇඩ් ප්ලේ වෙනවා  එහෙමයි කියලා ඔය  එකකටවත් මගෙ ඡන්දෙ නෑ #lka #PressPollSL","මොනවා වුනත් පොහොට්ටුවොන්ට වඩා සූක්ෂම සෙට් එකක් සජිත් වටේ ඉන්නවා පොහොට්ටුවෝ ශ්‍රී මඛය පට්ට ගහද්දී , පුතාණෝ ප්‍රසිද්ධියෙ සමාව අරං උඩ එනවා ඉරාජ් මාස ගානක් කියවලා ගෑණු ඇඳුනුත් ඇඳලා දාපු වීඩියෝ එක බලද්දී සජිත්ගෙ ඇඩ් ප්ලේ වෙනවා එහෙමයි කියලා ඔය එකකටවත් මගෙ ඡන්දෙ නෑ # lka # PressPollSL",[],NOT,[],0
8.9426e+17,ලංකාව තුළ මෝඩ දේශපාලනඥයින් නොමැති අතර ඇත්තේ නූගත් දේශපාලනඥයින් පමණි,ලංකාව තුළ මෝඩ දේශපාලනඥයින් නොමැති අතර ඇත්තේ නූගත් දේශපාලනඥයින් පමණි,[],NOT,[],0
1.3657e+18,@USER හරි සම්බන්ධ කට්ටිය කවුද කියන්නකෝ,@USER හරි සම්බන්ධ කට්ටිය කවුද කියන්නකෝ,[],NOT,[],0
1.44179e+18,ඇයි යකෝ අනික් සත්තු නැට්ට ගලවලා තියලාද මැරෙන්නේ? Yoooo @USER  · 25 Sep 2021 ප්‍රතික්ශෙපවීම් නම් මොනවද බන්  නැට්ට පිටින් අලිත් මැරෙන්නෙ,ඇයි යකෝ අනික් සත්තු නැට්ට ගලවලා තියලාද මැරෙන්නේ ? Yoooo @USER 25 Sep 2021 ප්‍රතික්ශෙපවීම් නම් මොනවද බන් නැට්ට පිටින් අලිත් මැරෙන්නෙ,[],NOT,[],0
7.32608e+17,චන්ද්‍රිකා  යුද්ධයෙන් 75% ඉවර  කළ අයුරු .. 3:) 3:) 3:) (බැල්ලි ) URL,චන්ද්‍රිකා යුද්ධයෙන් 75 % ඉවර කළ අයුරු . . 3 : ) 3 : ) 3 : ) ( බැල්ලි ) URL,"[0, 0, 0, 0, 0, 0, 0, 0, 0, 0, 0, 0, 0, 0, 0, 0, 0, 0, 0, 1, 0, 0]",OFF,['බැල්ලි'],1
1.08738e+18,@USER  @USER කොහොමවත් නෑ.. මම දන්නවනෙ ඒකිගෙ තොට තියෙන ආදරේ..,@USER @USER කොහොමවත් නෑ . . මම දන්නවනෙ ඒකිගෙ තොට තියෙන ආදරේ . .,[],NOT,[],0
8.7805e+17,@USER  @USER මාර බැල්ලි නේහ්. ඌ ලයිකා වගේ නේ,@USER @USER මාර බැල්ලි නේහ් . ඌ ලයිකා වගේ නේ,[],NOT,[],0
1.18183e+18,යකෝ Fitness & Fashion වලටනෙ අඩුම votes. මුන් fit එකේ ඉන්න ලස්සනට පෙනුමට අඳින්න කරන්න ඉගෙනගන්න අසා නැද්ද. Rathumakara FM @USER  · 5 Oct 2019 අලුත්ම අලුත් ප්‍රෝගෑම් එකකට ඔයාලා කැමති ටොපික් එකකට vote කරමුද? ඒ ගැන ලස්සන ප්‍රොගැම් එකක් කරන්න පුලුවන් එතකොට #රතුමකරාFM එකේ අපේ අලුත්ම ප්‍රසන්ටර්ස්ලට.  Let's vote for a topic for a new program conducted by our new presenters at #RathumakaraFM. Show this poll,යකෝ Fitness & Fashion වලටනෙ අඩුම votes . මුන් fit එකේ ඉන්න ලස්සනට පෙනුමට අඳින්න කරන්න ඉගෙනගන්න අසා නැද්ද . Rathumakara FM @USER 5 Oct 2019 අලුත්ම අලුත් ප්‍රෝගෑම් එකකට ඔයාලා කැමති ටොපික් එකකට vote කරමුද ? ඒ ගැන ලස්සන ප්‍රොගැම් එකක් කරන්න පුලුවන් එතකොට # රතුමකරාFM එකේ අපේ අලුත්ම ප්‍රසන්ටර්ස්ලට . Let ' s vote for a topic for a new program conducted by our new presenters at # RathumakaraFM . Show this poll,[],NOT,[],0
9.44607e+17,@USER ජාකෝලිස් හදපු නැකතක් කොහෙද ලේසියෙන් වරදින්නෙ   දැන් චුට්ටකට කලින් ඒ කෑල්ල බැලුවේ,@USER ජාකෝලිස් හදපු නැකතක් කොහෙද ලේසියෙන් වරදින්නෙ දැන් චුට්ටකට කලින් ඒ කෑල්ල බැලුවේ,[],NOT,[],0
1.38921e+18,ඔයාගෙ යෝනිය ගැන මං දන්නෑ.. හැබැයි මේ කරන කැත වැඩේට අහු උනොත් ගුද මාර්ගෙනම් පලනවා අම්මපා..fuk _Heshu_ @USER  · 3 May 2021 හායි guys කොහොමද ඔයාලට.. බලමු මගේ යෝනියට කරන්න පුලුවන් දේවල් මොනාද කියලා,ඔයාගෙ යෝනිය ගැන මං දන්නෑ . . හැබැයි මේ කරන කැත වැඩේට අහු උනොත් ගුද මාර්ගෙනම් පලනවා අම්මපා. . fuk _Heshu_ @USER 3 May 2021 හායි guys කොහොමද ඔයාලට . . බලමු මගේ යෝනියට කරන්න පුලුවන් දේවල් මොනාද කියලා,"[0, 0, 0, 0, 0, 0, 0, 0, 0, 0, 0, 0, 0, 0, 1, 1, 1, 0, 0, 0, 0, 0, 0, 0, 0, 0, 0, 0, 0, 0, 0, 0, 0, 0, 0, 0, 0, 0, 0]",OFF,"['ගුද', 'මාර්ගෙනම්', 'පලනවා']",1
1.18885e+18,@USER අනේ මේ පයිය.කට වහන් හිටු,@USER අනේ මේ පයිය . කට වහන් හිටු,"[0, 0, 0, 1, 0, 0, 0, 0]",OFF,['පයිය'],1
1.13738e+18,@USER  @USER ෆෝන් එක ඔබ ඔබා ඉන්නෙ නැති එකක් දැක්කමද මංදා. ඒකෙත් පස්ස පේන්නෙ.,@USER @USER ෆෝන් එක ඔබ ඔබා ඉන්නෙ නැති එකක් දැක්කමද මංදා . ඒකෙත් පස්ස පේන්නෙ .,[],NOT,[],0
1.13337e+18,"නෙදකින්, මේ වගේ පොන්න නායකයෝ මේ රට පාලනය කරන කාලෙම අපිටත් ඉන්න උනානේ.   කොහොමද අන්තවාදී බල්ලොන්ට, තියන බය, දෙන සැලකිල්ල ? #lka Dinuk @USER  · 28 May 2019 නැගෙනහිර පළාත් ආණ්ඩුකාර එම්.එල්.ඒ.එම් හිස්බුල්ලා ත්‍රිකුණාමලය,මඩකලපුව හා අම්පාර යන දිස්ත්‍රික්කයන්හි දිස්ත්‍රික් සම්බන්ධිකරණ කමිටුවල සම සභාපතිවරයා ලෙස ජනාධිපති මෛත්‍රිපාල සිරිසේන මහතා විසින් පත්කරණු ලැබ තිබෙනවා. #SriLanka #lka","නෙදකින් , මේ වගේ පොන්න නායකයෝ මේ රට පාලනය කරන කාලෙම අපිටත් ඉන්න උනානේ . කොහොමද අන්තවාදී බල්ලොන්ට , තියන බය , දෙන සැලකිල්ල ? # lka Dinuk @USER 28 May 2019 නැගෙනහිර පළාත් ආණ්ඩුකාර එම්.එල්.ඒ.එම් හිස්බුල්ලා ත්‍රිකුණාමලය , මඩකලපුව හා අම්පාර යන දිස්ත්‍රික්කයන්හි දිස්ත්‍රික් සම්බන්ධිකරණ කමිටුවල සම සභාපතිවරයා ලෙස ජනාධිපති මෛත්‍රිපාල සිරිසේන මහතා විසින් පත්කරණු ලැබ තිබෙනවා . # SriLanka # lka","[0, 0, 0, 0, 1, 1, 0, 0, 0, 0, 0, 0, 0, 0, 0, 0, 1, 1, 0, 0, 0, 0, 0, 0, 0, 0, 0, 0, 0, 0, 0, 0, 0, 0, 0, 0, 0, 0, 0, 0, 0, 0, 0, 0, 0, 0, 0, 0, 0, 0, 0, 0, 0, 0, 0, 0, 0, 0, 0, 0, 0, 0, 0]",OFF,"['පොන්න', 'නායකයෝ', 'අන්තවාදී', 'බල්ලොන්ට']",1
1.19721e+18,සුනිල්ටයි අම්මටයි පට්ට මහන්සි ඇති නේ ... පඩිපෙල්ම කීයක් නැගගද?,සුනිල්ටයි අම්මටයි පට්ට මහන්සි ඇති නේ . . . පඩිපෙල්ම කීයක් නැගගද ?,[],NOT,[],0
1.16451e+18,පුක කියන්නෙත් හොද මාර්කටින් ස්ට්‍රැජික් එකක් තමයි,පුක කියන්නෙත් හොද මාර්කටින් ස්ට්‍රැජික් එකක් තමයි,"[1, 0, 0, 0, 0, 0, 0]",OFF,['පුක'],1
1.14097e+18,@USER ඔයින් මොගන්  යකෝ ඌ දැක්කා නම් අපරාදේ 148 ගැහුවේ කියලා හිතෙයි...,@USER ඔයින් මොගන් යකෝ ඌ දැක්කා නම් අපරාදේ 148 ගැහුවේ කියලා හිතෙයි . . .,[],NOT,[],0
1.30412e+18,"දුලාජ්ගෙ කඩ්ඩ තමා කඩ්ඩ. එ්ක වලියකට, අාතල් එකකට, සිරා කේස් එකකට, ඔ්න මඟුලකට ගැලපෙනවා අයිසෙ  @USER  ගේ කඩ්ඩ #appreciationtweet","දුලාජ්ගෙ කඩ්ඩ තමා කඩ්ඩ . එ්ක වලියකට , අාතල් එකකට , සිරා කේස් එකකට , ඔ්න මඟුලකට ගැලපෙනවා අයිසෙ @USER ගේ කඩ්ඩ # appreciationtweet",[],NOT,[],0
1.08976e+18,@USER ඩාලින් මම ඔයාටත් ෆේස් ස්ක්‍රබ් එකක් අරම් දෙන්නම් දත් මදින්න.,@USER ඩාලින් මම ඔයාටත් ෆේස් ස්ක්‍රබ් එකක් අරම් දෙන්නම් දත් මදින්න .,[],NOT,[],0
1.34393e+18,@USER ඔයාලටත් ඕක තමා ලොකුවට පේන්නෙ. ඔය නිව්ස් එක telecast කරනවනම් රෙදි නැතුව කියන්න.,@USER ඔයාලටත් ඕක තමා ලොකුවට පේන්නෙ . ඔය නිව්ස් එක telecast කරනවනම් රෙදි නැතුව කියන්න .,[],NOT,[],0
6.28193e+17,කුරුණෑගල මහිංද රාජපක්ශ කාර්යාලය තුලදී පිස්තෝලයක් සමග හමු වූ සැක කටයුතු පුත්ගලයා පිලිඹද තොරතුරු කු/ගල පොලිසියට වාර්ථාවී නැත. එහෙත් එම 1/2,කුරුණෑගල මහිංද රාජපක්ශ කාර්යාලය තුලදී පිස්තෝලයක් සමග හමු වූ සැක කටයුතු පුත්ගලයා පිලිඹද තොරතුරු කු / ගල පොලිසියට වාර්ථාවී නැත . එහෙත් එම 1 / 2,[],NOT,[],0
8.68589e+17,ඈත්ත කියනකොට මලපනිනවා නේද ප්‍රිසෙන්ටර් පකෝ URL,ඈත්ත කියනකොට මලපනිනවා නේද ප්‍රිසෙන්ටර් පකෝ URL,"[0, 0, 0, 0, 0, 1, 0]",OFF,['පකෝ'],1
9.34753e+17,@USER නෑ අපෙ ගමෙ පංසලෙන්...ගෙනත්  දාල ඉතුරු උනු ස්වීට් ලොං ලස් බැල්ලි පැට්ටියෙක්...,@USER නෑ අපෙ ගමෙ පංසලෙන් . . . ගෙනත් දාල ඉතුරු උනු ස්වීට් ලොං ලස් බැල්ලි පැට්ටියෙක් . . .,[],NOT,[],0
1.05175e+18,80.  නොදකින්  IMDb ratings තිබ්බට මට නම් මේක සෙට් නෑ .. අමු ගොබ්බයි  — watching Moana,80. නොදකින් IMDb ratings තිබ්බට මට නම් මේක සෙට් නෑ . . අමු ගොබ්බයි — watching Moana,"[0, 1, 0, 0, 0, 0, 0, 0, 0, 0, 0, 0, 1, 1, 0, 0, 0]",OFF,"['නොදකින්', 'අමු', 'ගොබ්බයි']",1
1.19405e+18,@USER මේවා කාගෙ එකවුන්ට් එකටද දාන්නෙ,@USER මේවා කාගෙ එකවුන්ට් එකටද දාන්නෙ,[],NOT,[],0
8.78205e+17,අපේ බල්ලා ජාත්‍යන්තරයට ගොස් ට්‍රෙන්ඩ් වූ වගයි  #apeballa,අපේ බල්ලා ජාත්‍යන්තරයට ගොස් ට්‍රෙන්ඩ් වූ වගයි # apeballa,[],NOT,[],0
1.12069e+18,@USER බුර්කාව ඉවත් කරන්නට කලින් දේශීය අන්තවාදීන්ට පණ පොවන දේශපාලන නරින්ගේ බැටලු හම ඉවත් කල යුතුයි,@USER බුර්කාව ඉවත් කරන්නට කලින් දේශීය අන්තවාදීන්ට පණ පොවන දේශපාලන නරින්ගේ බැටලු හම ඉවත් කල යුතුයි,"[0, 0, 0, 0, 0, 0, 1, 0, 0, 0, 1, 0, 0, 0, 0, 0]",OFF,"['අන්තවාදීන්ට', 'නරින්ගේ']",1
1.18397e+18,@USER අනේ පලයං පකෝ යන්න ගෝඨාභය ජනාධිපති උනාම උබ කොරයි  fb. ට්විටර් එකෙනුයි අපි දන්නවා ජෙප්පොන් හැටී අමුඩ ගහගෙනත් කොලබ ආවේ රනිල් ආවාම සද්ද නැතුව ඉන්න ලැට් එකේදි සල්ලි ගත්තේ තොපි නැත්නම් මෙරට මෙලහකට දියුණු රටක් කිසිම ආන්ඩුව වකට කරන්න දෙන්නේ නෑ රනිල් කපටි නිසා සල්ලි වලන් නීෂ්ශබ්ද කලා,@USER අනේ පලයං පකෝ යන්න ගෝඨාභය ජනාධිපති උනාම උබ කොරයි fb . ට්විටර් එකෙනුයි අපි දන්නවා ජෙප්පොන් හැටී අමුඩ ගහගෙනත් කොලබ ආවේ රනිල් ආවාම සද්ද නැතුව ඉන්න ලැට් එකේදි සල්ලි ගත්තේ තොපි නැත්නම් මෙරට මෙලහකට දියුණු රටක් කිසිම ආන්ඩුව වකට කරන්න දෙන්නේ නෑ රනිල් කපටි නිසා සල්ලි වලන් නීෂ්ශබ්ද කලා,"[0, 0, 1, 1, 0, 0, 0, 0, 0, 0, 0, 0, 0, 0, 0, 0, 0, 0, 0, 0, 0, 0, 0, 0, 0, 0, 0, 0, 0, 0, 0, 1, 0, 0, 0, 0, 0, 0, 0, 0, 0, 0, 0, 0, 0, 0, 0, 0, 0, 0]",OFF,"['පලයං', 'පකෝ', 'තොපි']",1
6.18127e+17,රෑට නින්දයන්නේ නෑ උදේට ඇහැරෙන්න බෑ.. මොන රෙද්දක්ද යකෝ මේක ?,රෑට නින්දයන්නේ නෑ උදේට ඇහැරෙන්න බෑ . . මොන රෙද්දක්ද යකෝ මේක ?,"[0, 0, 0, 0, 0, 0, 0, 0, 0, 1, 0, 0, 0]",OFF,['රෙද්දක්ද'],1
1.03437e+18,යකාගෙ ටෙස්ට් යකෝ මෙව්වා ඊයේ රෑ 8ට කාලා අද දවල් 1වෙන්කන් වතුර උගුරක් නැතුව තියා ගත්තා මාව වෙව්ලුව විතරයි මතක අන්ට්ජිමට කලන්තෙ හැදිලා දැන් තමා මේ සිහිය ඇවිත් ජූස් එකක් බීල බත් ටිකක් කෑවෙ.......ඇගට පන නෑ,යකාගෙ ටෙස්ට් යකෝ මෙව්වා ඊයේ රෑ 8ට කාලා අද දවල් 1වෙන්කන් වතුර උගුරක් නැතුව තියා ගත්තා මාව වෙව්ලුව විතරයි මතක අන්ට්ජිමට කලන්තෙ හැදිලා දැන් තමා මේ සිහිය ඇවිත් ජූස් එකක් බීල බත් ටිකක් කෑවෙ . . . . . . . ඇගට පන නෑ,[],NOT,[],0
1.2711e+18,"ඉතින් කොහොමද කියපල්ලකෝ කෙල්ලෝ විස්වාස කරන්නේ.  යකෝ එච්චර උදව් කරපු, එච්චර තමන්ට ආදරේ කරපු කොල්ලව මරවන්න තරම් මේ ගෑණි කොච්චර පාහරයිද.  මම මේ වගේ සීන් එකක් දැකලා තියනවා මම ඉස්සරහම මගේ යාලුවගේ කෙල්ල ඒකී ලව් කරපු හොර කොල්ලාට කියලා ඌට ගැස්සුවා. මමයි බේර ගත්තේ. නොදකින් මෙහෙම උන් නම්","ඉතින් කොහොමද කියපල්ලකෝ කෙල්ලෝ විස්වාස කරන්නේ . යකෝ එච්චර උදව් කරපු , එච්චර තමන්ට ආදරේ කරපු කොල්ලව මරවන්න තරම් මේ ගෑණි කොච්චර පාහරයිද . මම මේ වගේ සීන් එකක් දැකලා තියනවා මම ඉස්සරහම මගේ යාලුවගේ කෙල්ල ඒකී ලව් කරපු හොර කොල්ලාට කියලා ඌට ගැස්සුවා . මමයි බේර ගත්තේ . නොදකින් මෙහෙම උන් නම්","[0, 0, 0, 0, 0, 0, 0, 0, 0, 0, 0, 0, 0, 0, 0, 0, 0, 0, 0, 0, 0, 0, 1, 0, 0, 0, 0, 0, 0, 0, 0, 0, 0, 0, 0, 0, 0, 0, 0, 0, 0, 0, 0, 0, 0, 0, 0, 0, 0, 1, 0, 0, 0]",OFF,"['පාහරයිද', 'නොදකින්']",1
7.51723e+17,"ඒකි මට බූට තිවුව කාලෙ ඉදලම ලංකාවෙ ටීම් එකටත් හෙනහුරා..සංගා මහෙල රිටයර් උනා,වර්ල්ඩ් කප් ෆයිනල් නෑවිත් කෑව..කනව කනව... URL","ඒකි මට බූට තිවුව කාලෙ ඉදලම ලංකාවෙ ටීම් එකටත් හෙනහුරා . . සංගා මහෙල රිටයර් උනා , වර්ල්ඩ් කප් ෆයිනල් නෑවිත් කෑව. . කනව කනව. . . URL",[],NOT,[],0
1.44317e+18,@USER පුංචි අපෙනුත් සුභ පැතුම !!,@USER පුංචි අපෙනුත් සුභ පැතුම ! !,[],NOT,[],0
6.10911e+17,"@USER  මාධ්‍යවේදීන් ""අයිසෙ "" කියලා අහගන්න මොනවටද දත් දොස්තරලා පස්සේ යන්නේ මේ අය‍ට කිසිම මාධ්‍ය ප්‍රචාරයක් දෙන්න එපා","@USER මාධ්‍යවේදීන් "" අයිසෙ "" කියලා අහගන්න මොනවටද දත් දොස්තරලා පස්සේ යන්නේ මේ අය‍ට කිසිම මාධ්‍ය ප්‍රචාරයක් දෙන්න එපා",[],NOT,[],0
7.85848e+17,@USER ටහුඩු ඒ බොරුව කවුද කිව්වෙ ඔයාට ?,@USER ටහුඩු ඒ බොරුව කවුද කිව්වෙ ඔයාට ?,[],NOT,[],0
1.34927e+18,@USER පොන්න පකෙක්.  අපී මෙහේ සීතලට අදින ඇදුම් .ගිනි ගහන රස්නේ මේ මීහරකා යටට ඇදලා බිජ්ජ halfboill වෙලා ඇතී,@USER පොන්න පකෙක් . අපී මෙහේ සීතලට අදින ඇදුම් . ගිනි ගහන රස්නේ මේ මීහරකා යටට ඇදලා බිජ්ජ halfboill වෙලා ඇතී,"[0, 1, 1, 0, 0, 0, 0, 0, 0, 0, 0, 0, 0, 0, 1, 0, 0, 1, 0, 0, 0]",OFF,"['පොන්න', 'පකෙක්', 'මීහරකා', 'බිජ්ජ']",1
6.41623e+17,මොකද බං අර සින්දුවක් කියපු කෙල්ලෙක්ට මේ හුජ්ජ කොල්ලො මෙච්චර බනින්නෙ...? ඒ කෙල්ල කරපු වරද මොකක්ද...? මට නම්... URL,මොකද බං අර සින්දුවක් කියපු කෙල්ලෙක්ට මේ හුජ්ජ කොල්ලො මෙච්චර බනින්නෙ . . . ? ඒ කෙල්ල කරපු වරද මොකක්ද . . . ? මට නම් . . . URL,"[0, 0, 0, 0, 0, 0, 0, 1, 0, 0, 0, 0, 0, 0, 0, 0, 0, 0, 0, 0, 0, 0, 0, 0, 0, 0, 0, 0, 0, 0]",OFF,['හුජ්ජ'],1
1.32425e+18,@USER විහිලු සපයනවා විතරයි  @USER,@USER විහිලු සපයනවා විතරයි @USER,[],NOT,[],0
1.44234e+18,වැක්සීන් එක ගහගනිං කැත හූනෝ!,වැක්සීන් එක ගහගනිං කැත හූනෝ !,"[0, 0, 0, 1, 0, 0]",OFF,['කැත'],1
9.81913e+17,@USER අනේ ඌකාපන් බන් ...,@USER අනේ ඌකාපන් බන් . . .,"[0, 0, 1, 0, 0, 0, 0]",OFF,['ඌකාපන්'],1
8.39028e+17,@USER ටහුඩු මතකයි මතකයි ඕව ගන්න තරං අපි මහේසාක්‍ය නෑ අයියා.,@USER ටහුඩු මතකයි මතකයි ඕව ගන්න තරං අපි මහේසාක්‍ය නෑ අයියා .,[],NOT,[],0
9.41668e+17,@USER හාම්පුතා ටද බැල්ලි ටද ?,@USER හාම්පුතා ටද බැල්ලි ටද ?,"[0, 0, 0, 1, 0, 0]",OFF,['බැල්ලි'],1
8.95648e+17,@USER  @USER නාකි ජෝඩුවක් මතක් වෙනව බම් මේ කෝලම් දැක්කම,@USER @USER නාකි ජෝඩුවක් මතක් වෙනව බම් මේ කෝලම් දැක්කම,"[0, 0, 1, 0, 0, 0, 0, 0, 0, 0]",OFF,['නාකි'],1
6.95134e+17,"ඔය ඉංගිරිසි නම් තියන අපේ කලු සුද්දන්ගේ මි මුත්තො,මුත්තියො එක්කො සුද්දට රෙද්ද උස්සලා තියනවා. නැත්නම් සිංහලයව පාවලා දීලා තියෙනවා කවදාක හරි.","ඔය ඉංගිරිසි නම් තියන අපේ කලු සුද්දන්ගේ මි මුත්තො , මුත්තියො එක්කො සුද්දට රෙද්ද උස්සලා තියනවා . නැත්නම් සිංහලයව පාවලා දීලා තියෙනවා කවදාක හරි .",[],NOT,[],0
1.43874e+18,@USER  @USER මමත් හැමදාම කියන කතාව. නාකි සෙට් එක ගන්න දෙයක් නෑ. තරුණ කියන උන් ටික ඊට වඩා ගන්න දෙයක් නෑ. රටින් යන්න හේතුවක් උනොත් වෙන්නෙ දැන් ඉන්න අය නෙවෙයි අනාගතේ රට බාරගන්න ඉන්න අය දැක්කම,@USER @USER මමත් හැමදාම කියන කතාව. නාකි සෙට් එක ගන්න දෙයක් නෑ . තරුණ කියන උන් ටික ඊට වඩා ගන්න දෙයක් නෑ . රටින් යන්න හේතුවක් උනොත් වෙන්නෙ දැන් ඉන්න අය නෙවෙයි අනාගතේ රට බාරගන්න ඉන්න අය දැක්කම,[],NOT,[],0
1.13346e+18,ඔව් ඉතින් උසාවි යනවා මද්‍රසා පාසල් වසන්න  කව්ද යකෝ හෙඩ්ලයින් එක විතරක් කියවලා පෝස්ට් හදන්නේ    JVP ඔයා හෙන චාටර් දැන්,ඔව් ඉතින් උසාවි යනවා මද්‍රසා පාසල් වසන්න කව්ද යකෝ හෙඩ්ලයින් එක විතරක් කියවලා පෝස්ට් හදන්නේ JVP ඔයා හෙන චාටර් දැන්,"[0, 0, 0, 0, 0, 0, 0, 0, 0, 0, 0, 0, 0, 0, 0, 0, 0, 1, 1, 0]",OFF,"['හෙන', 'චාටර්']",1
7.80047e+17,@USER ටහුඩු මෙයා ඉංග්ලිශ් තලගොයෙක්ලු   @USER  @USER,@USER ටහුඩු මෙයා ඉංග්ලිශ් තලගොයෙක්ලු @USER @USER,[],OFF,[],0
5.80311e+17,බෑ මේම විදගන්ඩ තනියෙන්ම දුක හිර කරන්  මට හලිම පාලුයි මගේ රත්තලන්................. . . . . . . . . උදේ ඉදන් අම්ම... URL,බෑ මේම විදගන්ඩ තනියෙන්ම දුක හිර කරන් මට හලිම පාලුයි මගේ රත්තලන් . . . . . . . . . . . . . . . . . . . . . . . . . උදේ ඉදන් අම්ම . . . URL,[],NOT,[],0
1.46351e+18,@USER  @USER ටහුඩු. මේ අර ඉස්සර නිවුස් කිව්ව කෙල්ල නෙ?,@USER @USER ටහුඩු . මේ අර ඉස්සර නිවුස් කිව්ව කෙල්ල නෙ ?,[],NOT,[],0
9.98012e+17,@USER ඒකි හිතන් ඉන්නේ ඒකිට වගේ මට ෆෝම් වෙනවා කියලා .පව් බන්.,@USER ඒකි හිතන් ඉන්නේ ඒකිට වගේ මට ෆෝම් වෙනවා කියලා . පව් බන් .,[],NOT,[],0
1.28253e+18,@USER තෝ ළමයෙක් හදපන් ඉසෙල්ලාම පපයා රනිල්,@USER තෝ ළමයෙක් හදපන් ඉසෙල්ලාම පපයා රනිල්,"[0, 1, 0, 0, 0, 1, 0]",OFF,"['තෝ', 'පපයා']",1
1.44465e+18,"2/2  අනුන්ගෙ වැරැදි ගැනම හිත හිත ජීවත් වෙලා, අනුන්ගෙ වැරැදි ගැනම හිත හිත නාකි වෙලා, අනුන්ගෙ වැරැදි ගැනම හිත හිත මැරිලා යනවා...  අනුන් ගැන තරහෙන්ම ජීවත් වෙලා, අනුන් ගැන තරහෙන්ම නාකි වෙලා, අනුන් ගැන තරහෙන්ම මැරිලා යනවා...  කාලකණ්ණි ජීවිත!  මේ තාක් මාත් එවැනිම එක කාලකණ්ණියෙක්...","2 / 2 අනුන්ගෙ වැරැදි ගැනම හිත හිත ජීවත් වෙලා , අනුන්ගෙ වැරැදි ගැනම හිත හිත නාකි වෙලා , අනුන්ගෙ වැරැදි ගැනම හිත හිත මැරිලා යනවා . . . අනුන් ගැන තරහෙන්ම ජීවත් වෙලා , අනුන් ගැන තරහෙන්ම නාකි වෙලා , අනුන් ගැන තරහෙන්ම මැරිලා යනවා . . . කාලකණ්ණි ජීවිත ! මේ තාක් මාත් එවැනිම එක කාලකණ්ණියෙක් . . .","[0, 0, 0, 0, 0, 0, 0, 0, 0, 0, 0, 0, 0, 0, 0, 0, 0, 0, 0, 0, 0, 0, 0, 0, 0, 0, 0, 0, 0, 0, 0, 0, 0, 0, 0, 0, 0, 0, 0, 0, 0, 0, 0, 0, 0, 0, 0, 0, 0, 1, 0, 0, 0, 0, 0, 0, 0, 0, 0, 0, 0]",OFF,['කාලකණ්ණි'],1
6.15133e+17,පට්ට අහ්හ්  සින්දුව අහන ගමන් පොඩි ලයික් එකකුත් දාල යන්නෝ Pawanyasara URL,පට්ට අහ්හ් සින්දුව අහන ගමන් පොඩි ලයික් එකකුත් දාල යන්නෝ Pawanyasara URL,[],NOT,[],0
1.04998e+18,Headset එක ගෙදර අමතකවූ දවසක් කියන්නෙ කරුම දවසකි.. බස් එකේ එක එකාගේ ගොං ටෝක්ස් අසමින් බස් සින්දු වලට අකමැත්තෙන් ඇහුම්කන්දෙමින් එන්න වෙන එක අප්‍රසන්නයි.,Headset එක ගෙදර අමතකවූ දවසක් කියන්නෙ කරුම දවසකි . . බස් එකේ එක එකාගේ ගොං ටෝක්ස් අසමින් බස් සින්දු වලට අකමැත්තෙන් ඇහුම්කන්දෙමින් එන්න වෙන එක අප්‍රසන්නයි .,[],NOT,[],0
5.90202e+17,"'නාතන් මෝඩයා  #askprisoner""ඉතා මෝඩ <3","' නාතන් මෝඩයා # askprisoner "" ඉතා මෝඩ <3","[0, 0, 1, 0, 0, 0, 0, 1, 0]",OFF,"['මෝඩයා', 'මෝඩ']",1
1.05585e+18,මල්ලිගෙ උපන්දිනේට හෙට දෙන්න දෙයක් කල්පනා කර කර ඉද්දි ලොක්කා දුන්න සප්‍රායිස් එක නම් පට්ට..  රතිඤ්ඤා පෙට්ටියකින් ෂේප් උනෑකි   හැමිනේෂන් ourNation HappyBirthdayඒඅස්සේ,මල්ලිගෙ උපන්දිනේට හෙට දෙන්න දෙයක් කල්පනා කර කර ඉද්දි ලොක්කා දුන්න සප්‍රායිස් එක නම් පට්ට . . රතිඤ්ඤා පෙට්ටියකින් ෂේප් උනෑකි හැමිනේෂන් ourNation HappyBirthdayඒඅස්සේ,[],NOT,[],0
1.29463e+18,"මේක නවන්න පට්ට ගේමක් දෙන්න ඕන. Farhan Nizamdeen @USER  · 15 Aug 2020 ගාල්ල - උඩුගම ප්‍රධාන මාර්ගයේ හොර වංගුව  Galle - Udugama main road ""Hora Wanguwa (Bend)"" #Galle #lka #Srilanka","මේක නවන්න පට්ට ගේමක් දෙන්න ඕන . Farhan Nizamdeen @USER 15 Aug 2020 ගාල්ල - උඩුගම ප්‍රධාන මාර්ගයේ හොර වංගුව Galle - Udugama main road "" Hora Wanguwa ( Bend ) "" # Galle # lka # Srilanka",[],NOT,[],0
6.78124e+17,"සිංහලෙ....  රනිල්ට, මොංගල් සිරට කඩෙ යන පර සක්කිලි හැත්ත. සිංහලෙ කියලා දාපුහාම තොපිට අපි පෙන්නෙ ජාති වාදියො වගෙ.... URL","සිංහලෙ . . . . රනිල්ට , මොංගල් සිරට කඩෙ යන පර සක්කිලි හැත්ත . සිංහලෙ කියලා දාපුහාම තොපිට අපි පෙන්නෙ ජාති වාදියො වගෙ . . . . URL","[0, 0, 0, 0, 0, 0, 0, 1, 0, 0, 0, 1, 1, 1, 0, 0, 0, 0, 1, 0, 0, 0, 0, 0, 0, 0, 0, 0, 0]",OFF,"['මොංගල්', 'පර', 'සක්කිලි', 'හැත්ත', 'තොපිට']",1
1.44902e+18,@USER පාලකයන් වෙනුවෙන් නීතිය නැමෙනව,@USER පාලකයන් වෙනුවෙන් නීතිය නැමෙනව,[],NOT,[],0
1.07816e+18,@USER පලයන් දොස්තර නෝනේ යන්ඩ,@USER පලයන් දොස්තර නෝනේ යන්ඩ,"[0, 1, 0, 0, 0]",OFF,['පලයන්'],1
1.30375e+18,@USER හස්ත මෛතුන්‍යයේ යෙදෙන්න වෙන වැඩක් නැත්තං. නැත්තං ඔය හීට්ටෙකට ඔයා ස්වප්න මෛතුන්‍යයේ යෙදිල හෙන චොරයක් වෙලා නවතින්නෙ,@USER හස්ත මෛතුන්‍යයේ යෙදෙන්න වෙන වැඩක් නැත්තං . නැත්තං ඔය හීට්ටෙකට ඔයා ස්වප්න මෛතුන්‍යයේ යෙදිල හෙන චොරයක් වෙලා නවතින්නෙ,[],NOT,[],0
1.40328e+18,@USER අර බඩුව ආවට පස්සේ ද order කරපු,@USER අර බඩුව ආවට පස්සේ ද order කරපු,[],NOT,[],0
7.26671e+17,"""කවුද දන්නේ නෑ උසස් පෙළ විෂය නිර්දේශයට ගිරා සංදේශය දමපු හරකා - අධ්‍යාපන අමාත්‍යංශයේ ඉන්නේ ගොන්නු ගොඩක් "" - තමන්ගේ... URL",""" කවුද දන්නේ නෑ උසස් පෙළ විෂය නිර්දේශයට ගිරා සංදේශය දමපු හරකා - අධ්‍යාපන අමාත්‍යංශයේ ඉන්නේ ගොන්නු ගොඩක් "" - තමන්ගේ . . . URL","[0, 0, 0, 0, 0, 0, 0, 0, 0, 0, 0, 1, 0, 0, 0, 0, 1, 0, 0, 0, 0, 0, 0, 0, 0]",OFF,"['හරකා', 'ගොන්නු']",1
1.22216e+18,"@USER ,  @USER  @USER ලොවට හොරා යූ එන් පීයට හෝ ජ වි පෙ ට  පුක දෙන සොහොයුරෙක්","@USER , @USER @USER ලොවට හොරා යූ එන් පීයට හෝ ජ වි පෙ ට පුක දෙන සොහොයුරෙක්","[0, 0, 0, 0, 0, 0, 0, 0, 0, 0, 0, 0, 0, 0, 1, 0, 0]",OFF,['පුක'],1
1.22864e+18,@USER  @USER ගබ්සාව නීතිගත කරන්න බැරි නම් ඒක පවුකාර කමක් නම්... Single parent concept එකට තැනක් තියෙන්න ඕන..   නැත්නම් වෙන්නේ ඉපදෙන අහිංසකයාට අවජාතක ලේබලයක් ගහනවා විතරක් නෙවෙයි අර අහිංසක අම්මා ට වේ.... කියලා කියලත් කියනවා.,@USER @USER ගබ්සාව නීතිගත කරන්න බැරි නම් ඒක පවුකාර කමක් නම් . . . Single parent concept එකට තැනක් තියෙන්න ඕන . . නැත්නම් වෙන්නේ ඉපදෙන අහිංසකයාට අවජාතක ලේබලයක් ගහනවා විතරක් නෙවෙයි අර අහිංසක අම්මා ට වේ . . . . කියලා කියලත් කියනවා .,[],NOT,[],0
1.19064e+18,ෆේස්බුක් එකෙන් අයින් උනා වගෙම දේශපාලන රෙද්ද වලිනුත් අයින් උනා කාලෙකට කලින්. මට දැන් හරි සනීපයි.  මිනිස්සු කියන්නෙ දේශපාලනික සත්තු ජාතියක්. පොර කුකුල්ලුත් එකෙක් මැරෙනකම් රන්ඩු කරන්නෙ...බල්ලො තමන්ගෙ ඒරියා එකේ හුජ්ජ කරන එකෙත් තියෙන්නෙ දේශපාලන ය. මන් ඉතින් පූසෙක්නෙ.,ෆේස්බුක් එකෙන් අයින් උනා වගෙම දේශපාලන රෙද්ද වලිනුත් අයින් උනා කාලෙකට කලින් . මට දැන් හරි සනීපයි . මිනිස්සු කියන්නෙ දේශපාලනික සත්තු ජාතියක් . පොර කුකුල්ලුත් එකෙක් මැරෙනකම් රන්ඩු කරන්නෙ . . . බල්ලො තමන්ගෙ ඒරියා එකේ හුජ්ජ කරන එකෙත් තියෙන්නෙ දේශපාලන ය . මන් ඉතින් පූසෙක්නෙ .,"[0, 0, 0, 0, 0, 0, 0, 0, 0, 0, 0, 0, 0, 0, 0, 0, 0, 0, 0, 0, 0, 0, 0, 0, 0, 0, 0, 0, 0, 0, 0, 0, 0, 0, 0, 0, 0, 1, 0, 0, 0, 0, 0, 0, 0, 0, 0, 0]",OFF,['හුජ්ජ'],1
1.43745e+18,@USER නියම කාලකන්නියෙක්.මු ප්‍රහාකරන් වගේ.,@USER නියම කාලකන්නියෙක් . මු ප්‍රහාකරන් වගේ .,"[0, 0, 1, 0, 1, 0, 0, 0]",OFF,"['කාලකන්නියෙක්', 'මු']",1
1.42242e+18,@USER විමර්ශන action වෙනු බලා සිටිමු,@USER විමර්ශන action වෙනු බලා සිටිමු,[],NOT,[],0
8.10852e+17,මිනිස්සුන්ව අපහසුතාවයට පත් කරන්න එපා බොල  Gayan Tharaka @USER  · 19 Dec 2016  @USER දැන් උස කීයද?,මිනිස්සුන්ව අපහසුතාවයට පත් කරන්න එපා බොල Gayan Tharaka @USER 19 Dec 2016 @USER දැන් උස කීයද ?,[],NOT,[],0
1.10612e+18,එක එකා ඉපදෙද්දි හැලිච්ච කුප්පි පෝස්ට් දැකලම එපා වෙලා රෙද්ද,එක එකා ඉපදෙද්දි හැලිච්ච කුප්පි පෝස්ට් දැකලම එපා වෙලා රෙද්ද,"[0, 0, 0, 0, 1, 0, 0, 0, 0, 1]",OFF,"['කුප්පි', 'රෙද්ද']",1
1.42001e+18,"මේ එකෙක්. වගේ කාලකන්නි සක්කිලි බල්ලෙක් මම ලංකාවේ දැකලා නෑ. බල්ලෙක් කියන්නත් බැ. බල්ලා මීට වැඩිය දහස් ගණනකින් හොදයි  :01 ,263 views","මේ එකෙක් . වගේ කාලකන්නි සක්කිලි බල්ලෙක් මම ලංකාවේ දැකලා නෑ . බල්ලෙක් කියන්නත් බැ . බල්ලා මීට වැඩිය දහස් ගණනකින් හොදයි : 01 , 263 views","[0, 0, 0, 0, 1, 1, 0, 0, 0, 0, 0, 0, 0, 0, 0, 0, 0, 0, 0, 0, 0, 0, 0, 0, 0, 0, 0]",OFF,"['කාලකන්නි', 'සක්කිලි']",1
8.30332e+17,"මේ වගේ වේස බල්ලො එල්ලන්න ඕන ################   කන්න දුන්නු අත හපා කෑ තවත් සුනඛයෙක්.  මූ නමින් අජිත් සුසන්ත, ඉන්නෙ... URL","මේ වගේ වේස බල්ලො එල්ලන්න ඕන # # # # # # # # # # # # # # # # කන්න දුන්නු අත හපා කෑ තවත් සුනඛයෙක් . මූ නමින් අජිත් සුසන්ත , ඉන්නෙ . . . URL","[0, 0, 1, 1, 0, 0, 0, 0, 0, 0, 0, 0, 0, 0, 0, 0, 0, 0, 0, 0, 0, 0, 0, 0, 0, 0, 0, 0, 1, 0, 0, 0, 0, 0, 0, 0, 0, 0, 0, 0]",OFF,"['වේස', 'බල්ලො', 'සුනඛයෙක්']",1
5.68908e+17,මේ වගේ සක්කිලි බල්ලො එපා බං මේ ලොකෙට URL,මේ වගේ සක්කිලි බල්ලො එපා බං මේ ලොකෙට URL,"[0, 0, 1, 1, 0, 0, 0, 0, 0]",OFF,"['සක්කිලි', 'බල්ලො']",1
8.01333e+17,ආපෝ පයිය නැලූ  හම්මේ ආච්චී... ඔයා නම්ම්..:,ආපෝ පයිය නැලූ හම්මේ ආච්චී . . . ඔයා නම්ම් . . :,"[0, 1, 0, 0, 0, 0, 0, 0, 0, 0, 0, 0, 0]",OFF,['පයිය'],1
6.33504e+17,@USER @USER  #මැ.කො. ඒ සින්දුව ලියපු එකාව හොයනවා අති බොල....!!,@USER @USER # මැ . කො . ඒ සින්දුව ලියපු එකාව හොයනවා අති බොල . . . . ! !,[],NOT,[],0
8.41836e+17,දැන් යකෝඑකක් hit කරන්න lip kiss එකක් හරි කෙල්ලෙක් රෙද්ද ගලවන්නම ඕනද ?මේවා trending #1 වෙන්න කරන වැඩද මන්ද  URL,දැන් යකෝඑකක් hit කරන්න lip kiss එකක් හරි කෙල්ලෙක් රෙද්ද ගලවන්නම ඕනද ? මේවා trending # 1 වෙන්න කරන වැඩද මන්ද URL,[],NOT,[],0
1.01708e+18,සිය පියාගේ මරණය අමතක කර දරුවන් බේරා ගන්නට මරු කටට ගිය වෛද්‍යවරයාගේ වීරක්‍රියාව URL,සිය පියාගේ මරණය අමතක කර දරුවන් බේරා ගන්නට මරු කටට ගිය වෛද්‍යවරයාගේ වීරක්‍රියාව URL,[],NOT,[],0
9.7392e+17,@USER මුලු මහත් සමාජය ඉදිරියේ විකටයන් වූ කල එය දරා ගත නොහැකි වූ හයපාලනයට;තමන් ආන්ඩුවට පත් වූයේ සමාජ ජාලා නිසා බවත් අමතක වී ඇත.,@USER මුලු මහත් සමාජය ඉදිරියේ විකටයන් වූ කල එය දරා ගත නොහැකි වූ හයපාලනයට ; තමන් ආන්ඩුවට පත් වූයේ සමාජ ජාලා නිසා බවත් අමතක වී ඇත .,[],NOT,[],0
1.40645e+18,@USER හරි බං එල... සංචරන සීමා තුල සංචරනය වෙනදට වඩා පහසු කල ඔබට හිස නමා අචාර කරන බව අප පොලීසියට මතක් කරමු,@USER හරි බං එල . . . සංචරන සීමා තුල සංචරනය වෙනදට වඩා පහසු කල ඔබට හිස නමා අචාර කරන බව අප පොලීසියට මතක් කරමු,[],NOT,[],0
6.15489e+17,දිනු දේශය අනතුරේ යකෝ | සුනිල් රත්නායක තීන්දුවට විරුද්ධ අය රොෂාන් ද සිල්වා තීන්දුවට නිහඬ ඇයි? URL via  @USER,දිනු දේශය අනතුරේ යකෝ | සුනිල් රත්නායක තීන්දුවට විරුද්ධ අය රොෂාන් ද සිල්වා තීන්දුවට නිහඬ ඇයි ? URL via @USER,[],NOT,[],0
8.78633e+17,@USER  @USER සිකේ උඹේ කෑල්ල උඹ තියාගනින්,@USER @USER සිකේ උඹේ කෑල්ල උඹ තියාගනින්,"[0, 0, 1, 1, 0, 1, 0]",OFF,"['සිකේ', 'උඹේ', 'උඹ']",1
1.43624e+18,"රු.100 සම්බා රු.150ට රු. 80 සීනි රු.230ට යන්න දෙනවා. ඩඩ්ලිලා සජාඩ්ලා පට්ට ලාභ ගන්නවා. 'ස' පොඩි ෂෝ එකක් දාලා සම්බා රු.125ට සීනි රු.130ට බස්සනවා. ඩඩ්ලිලා සජාඩ්ලා සතුටින්. 'ස' කූට ව්‍යාපාරිකයන්ට පාඩමක් ඉගැන්නුවා කියලා බයියො සතුටින්. කොහොමද 'ස'ගේ ටිකිරි මොලේ. URL Wasantha Perera @USER  · 9 Sep 2021  සහල් මාෆියාවට ශොට් එකක් වැදුනා,   ගෝඨාභය සැර මදි කියූ අපේම ඈයෝ පෝලිමට එමු බලන්න.","රු.100 සම්බා රු.150ට රු. 80 සීනි රු.230ට යන්න දෙනවා . ඩඩ්ලිලා සජාඩ්ලා පට්ට ලාභ ගන්නවා . ' ස ' පොඩි ෂෝ එකක් දාලා සම්බා රු.125ට සීනි රු.130ට බස්සනවා . ඩඩ්ලිලා සජාඩ්ලා සතුටින් . ' ස ' කූට ව්‍යාපාරිකයන්ට පාඩමක් ඉගැන්නුවා කියලා බයියො සතුටින් . කොහොමද ' ස ' ගේ ටිකිරි මොලේ . URL Wasantha Perera @USER 9 Sep 2021 සහල් මාෆියාවට ශොට් එකක් වැදුනා , ගෝඨාභය සැර මදි කියූ අපේම ඈයෝ පෝලිමට එමු බලන්න .",[],OFF,[],0
1.19212e+18,ගෑල්ලමයෙක් ඉන්නවා! ඒ ගෑල්ලමය මගේ අදුනන කෙල්ලෙක්ගේ යාලුවෙක්! ඉතින් මන් ඒ ගෑල්ලමය එක්ක චැට් කරද්දි ලොවෙත් ඒ ගෑල්ලමය මගේ යාලුවගේ මාර්ගෙන් දන්නවා හරකා එන්නේ කොරටුව කන්න තමා කියලා!   ඉතින් මට ඒ කොරටුව අයිති කරගන්න උපදෙස් ටිකක් දීපල්ලකෝ  මගේ ඉදිරි වැඩපිලිවල වෙන්න ඔනේ කෝමද කියලා?,ගෑල්ලමයෙක් ඉන්නවා ! ඒ ගෑල්ලමය මගේ අදුනන කෙල්ලෙක්ගේ යාලුවෙක් ! ඉතින් මන් ඒ ගෑල්ලමය එක්ක චැට් කරද්දි ලොවෙත් ඒ ගෑල්ලමය මගේ යාලුවගේ මාර්ගෙන් දන්නවා හරකා එන්නේ කොරටුව කන්න තමා කියලා ! ඉතින් මට ඒ කොරටුව අයිති කරගන්න උපදෙස් ටිකක් දීපල්ලකෝ මගේ ඉදිරි වැඩපිලිවල වෙන්න ඔනේ කෝමද කියලා ?,[],NOT,[],0
1.03107e+18,@USER අපිට කවුරුත් ගල ගහන්නෙ නෑ තවම කාන්චනා,@USER අපිට කවුරුත් ගල ගහන්නෙ නෑ තවම කාන්චනා,[],NOT,[],0
1.46326e+18,@USER එකපාරටම මොකෝ මේ. තාත්තා කප් එක පත්තු වුණානේ,@USER එකපාරටම මොකෝ මේ . තාත්තා කප් එක පත්තු වුණානේ,[],NOT,[],0
1.44877e+18,@USER බලන්ඩ දෙයක් නැහැ ඒකත් මැටි ලේඛයක්ම වෙන්ඩඇති,@USER බලන්ඩ දෙයක් නැහැ ඒකත් මැටි ලේඛයක්ම වෙන්ඩඇති,[],NOT,[],0
1.27017e+18,"@USER සරලව කිව්වොත් ඔව්! මොකද බල්ලෙක් වෙලා ඉපදෙන්න එක පවක් තමයි, මොකද මනුස්ස ආත්මයක් නෙවෙයි නේ හැබැයි ගෙදරක හැදෙන බල්ලා පින් කරලා තියනවා අනිත් පරෙ හැදෙන බල්ලොන්ට වඩා, මොකද එයාට කන්න ඉන්න ආදරය කරන්න කට්ටිය ඉන්නවා. ඒ වගේ තමා ඉතින් ආබාධිත උණත් මන් කියන්නේ මනුස්ස ආත්මයක් ලබන්න පින් ඇති!","@USER සරලව කිව්වොත් ඔව් ! මොකද බල්ලෙක් වෙලා ඉපදෙන්න එක පවක් තමයි , මොකද මනුස්ස ආත්මයක් නෙවෙයි නේ හැබැයි ගෙදරක හැදෙන බල්ලා පින් කරලා තියනවා අනිත් පරෙ හැදෙන බල්ලොන්ට වඩා , මොකද එයාට කන්න ඉන්න ආදරය කරන්න කට්ටිය ඉන්නවා . ඒ වගේ තමා ඉතින් ආබාධිත උණත් මන් කියන්නේ මනුස්ස ආත්මයක් ලබන්න පින් ඇති !",[],NOT,[],0
9.86065e+17,@USER ඔයා තරන් වල් නෑ ඩාලින්...,@USER ඔයා තරන් වල් නෑ ඩාලින් . . .,[],NOT,[],0
1.11494e+18,අක්කිලා පිං පාටයි...        ඇන්ටිලා පෙම් පාටයි...       නංගිලා ගොන් පාටයි.,අක්කිලා පිං පාටයි . . . ඇන්ටිලා පෙම් පාටයි . . . නංගිලා ගොන් පාටයි .,"[0, 0, 0, 0, 0, 0, 0, 0, 0, 0, 0, 0, 0, 1, 0, 0]",OFF,['ගොන්'],1
9.19615e+17,යකෝ මාත් කාලයක් උන්නා පස්සෙ ඔබලම ඇතිවෙල ඇප් එකම උගුල්ලම දැම්මා,යකෝ මාත් කාලයක් උන්නා පස්සෙ ඔබලම ඇතිවෙල ඇප් එකම උගුල්ලම දැම්මා,[],NOT,[],0
1.26351e+18,"@USER "" වේසි "" ඔයා වේසි කියල හඟවන්නේ කා හටද? ඒසේ කීම සදාචාරාත්මක නැති බව වැටහෙන්නෙ නැතිද.මේ ඔයාටත්.නංගියෙක් අක්කේ්ක් නැද්ද?ඇයි මේ වගේ ඒවා දාන්නෙ ? අනික කාන්තාවකට මුලින්ම ගරුකරන්න ඉගෙනගන්න.   මේ ඇති නේද..අහල අහල එපාවෙලා තියෙන්නෙ","@USER "" වේසි "" ඔයා වේසි කියල හඟවන්නේ කා හටද ? ඒසේ කීම සදාචාරාත්මක නැති බව වැටහෙන්නෙ නැතිද . මේ ඔයාටත් . නංගියෙක් අක්කේ්ක් නැද්ද ? ඇයි මේ වගේ ඒවා දාන්නෙ ? අනික කාන්තාවකට මුලින්ම ගරුකරන්න ඉගෙනගන්න . මේ ඇති නේද . . අහල අහල එපාවෙලා තියෙන්නෙ","[0, 0, 1, 0, 0, 1, 0, 0, 0, 0, 0, 0, 0, 0, 0, 0, 0, 0, 0, 0, 0, 0, 0, 0, 0, 0, 0, 0, 0, 0, 0, 0, 0, 0, 0, 0, 0, 0, 0, 0, 0, 0, 0, 0, 0, 0, 0]",OFF,"['වේසි', 'වේසි']",1
1.08451e+18,අනේ හුකන්නෝ!!! ක්‍රිකට් ගහනව නම් ක්‍රිකට් ගහන් හිටපල්ලා පුක දීගෙන හැමිනෙන්නේ නැතුව...  තොපේ අම්මගේ රෙද්ද... කලු සල්ලි කිව්ව ගමන් ට්‍රිගර් වෙන ගොන් පකයො ටිකක් දාගෙන  ගහන මොන ක්‍රිකට් ද මේවා !,අනේ හුකන්නෝ ! ! ! ක්‍රිකට් ගහනව නම් ක්‍රිකට් ගහන් හිටපල්ලා පුක දීගෙන හැමිනෙන්නේ නැතුව. . . තොපේ අම්මගේ රෙද්ද . . . කලු සල්ලි කිව්ව ගමන් ට්‍රිගර් වෙන ගොන් පකයො ටිකක් දාගෙන ගහන මොන ක්‍රිකට් ද මේවා !,"[0, 1, 0, 0, 0, 0, 0, 0, 0, 0, 0, 1, 1, 1, 0, 0, 0, 1, 1, 1, 0, 0, 0, 0, 0, 0, 0, 0, 0, 1, 1, 0, 0, 0, 0, 0, 0, 0, 0]",OFF,"['හුකන්නෝ', 'පුක', 'දීගෙන', 'හැමිනෙන්නේ', 'තොපේ', 'අම්මගේ', 'රෙද්ද', 'ගොන්', 'පකයො']",1
1.41613e+18,යකෝ අර Livingstone කාරයා දර පලනවනේ.පිස්සු ගැහිල්ලක්.,යකෝ අර Livingstone කාරයා දර පලනවනේ . පිස්සු ගැහිල්ලක් .,[],NOT,[],0
1.1373e+18,@USER ගොවියා මඩ සෝදගන්නෙ රජ කමට වගේ? GIF,@USER ගොවියා මඩ සෝදගන්නෙ රජ කමට වගේ ? GIF,[],NOT,[],0
1.19633e+18,@USER පයියට පයිය නොකියා අඹ ගහ වටග් නමක් කිවුවනං ඒක තමා ඒයි කුනුහරපෙ,@USER පයියට පයිය නොකියා අඹ ගහ වටග් නමක් කිවුවනං ඒක තමා ඒයි කුනුහරපෙ,"[0, 1, 1, 0, 0, 0, 0, 0, 0, 0, 0, 0, 0]",OFF,"['පයියට', 'පයිය']",1
1.11998e+18,"@USER  @USER අනේ යකෝ තො කාලකන්නි ෆොටෝ ගහලා  මේකේ දාපන් තොගේ කෙරුවාව.තොපේ  අන්ඩුව කලින් ඉදන් දැනගෙන ඉදලා තියනවා මේ විනාශය ,කාලකන්නියා අහිංසක ජිවිත නැති උනා නිසා  හිනා වෙනවා වගේ සක්කිලි වැඩ පකෝමේ.තොපිට අපි බය නෑ පුලුවන් දෙයක් කරපන් අපිට මෙහෙම ලියනවට.තෝ ආචාර්ය පට්ටම ගත්තේ කොහෙන්ද කියපන් මුලින්","@USER @USER අනේ යකෝ තො කාලකන්නි ෆොටෝ ගහලා මේකේ දාපන් තොගේ කෙරුවාව.තොපේ අන්ඩුව කලින් ඉදන් දැනගෙන ඉදලා තියනවා මේ විනාශය , කාලකන්නියා අහිංසක ජිවිත නැති උනා නිසා හිනා වෙනවා වගේ සක්කිලි වැඩ පකෝමේ . තොපිට අපි බය නෑ පුලුවන් දෙයක් කරපන් අපිට මෙහෙම ලියනවට . තෝ ආචාර්ය පට්ටම ගත්තේ කොහෙන්ද කියපන් මුලින්","[0, 0, 0, 0, 1, 1, 0, 0, 0, 0, 0, 0, 0, 0, 0, 0, 0, 0, 0, 0, 0, 1, 0, 0, 0, 0, 0, 0, 0, 0, 1, 0, 1, 0, 1, 0, 0, 0, 0, 0, 0, 0, 0, 0, 0, 1, 0, 0, 0, 0, 0, 0]",OFF,"['තො', 'කාලකන්නි', 'කාලකන්නියා', 'සක්කිලි', 'පකෝමේ', 'තොපිට', 'තෝ']",1
5.92907e+17,@USER @USER  තෝ GOT බලල මල වදේ.. හැම තැනම කැ ගහනවා..,@USER @USER තෝ GOT බලල මල වදේ . . හැම තැනම කැ ගහනවා . .,[],NOT,[],0
1.13842e+18,@USER පොලිසිය ඔයා කොහෙද ඉන්නේ,@USER පොලිසිය ඔයා කොහෙද ඉන්නේ,[],NOT,[],0
1.42326e+18,@USER මේක කරන්න දවස් 4ක් ගියා...,@USER මේක කරන්න දවස් 4ක් ගියා . . .,[],NOT,[],0
1.18145e+18,මැද මුලන වලව්වේ ඉදන් නිවැරිදි තීන්දූ තීරණ ගත්ත නිසා..තමයි අද මේ වගේ පඩි කථා කියන බොහොමයක් එවුන් මේකේ කොටන්න වත් ජීවතුන් අතර ඉන්නේ.....      වෙද්දීත් ජංගියේ චූ පෙරාගත්ත හුජ්ජ එවුන් මේවා දන්නේ නෑ..... kavinda bandara @USER  · 8 Oct 2019 දේශපාලන පක්ෂඅනුව තීරණ ගන්නා ආයතන .එජාපය - කෘත්‍යාධිකාරි මණ්ඩලය .ශ්‍රීලනිපය - මධ්‍යම කාරක සභාව .ජවිපේ - දේශපාලන මණ්ඩලය .ශ්‍රීලංමුකෝ - උත්තරීතර මණ්ඩලය .පෙරටුගාමී - විධායක සභාව .ජාතික හෙල උරුමය - මධ්‍යම කාරක සභාව .ටීඑන්ඒ - මධ්‍යම කාරක සභාව .ශ්‍රීලංපොපේ - මැදමුලන වලව්ව Copied,මැද මුලන වලව්වේ ඉදන් නිවැරිදි තීන්දූ තීරණ ගත්ත නිසා . . තමයි අද මේ වගේ පඩි කථා කියන බොහොමයක් එවුන් මේකේ කොටන්න වත් ජීවතුන් අතර ඉන්නේ . . . . . වෙද්දීත් ජංගියේ චූ පෙරාගත්ත හුජ්ජ එවුන් මේවා දන්නේ නෑ . . . . . kavinda bandara @USER 8 Oct 2019 දේශපාලන පක්ෂඅනුව තීරණ ගන්නා ආයතන . එජාපය - කෘත්‍යාධිකාරි මණ්ඩලය . ශ්‍රීලනිපය - මධ්‍යම කාරක සභාව . ජවිපේ - දේශපාලන මණ්ඩලය . ශ්‍රීලංමුකෝ - උත්තරීතර මණ්ඩලය . පෙරටුගාමී - විධායක සභාව . ජාතික හෙල උරුමය - මධ්‍යම කාරක සභාව . ටීඑන්ඒ - මධ්‍යම කාරක සභාව . ශ්‍රීලංපොපේ - මැදමුලන වලව්ව Copied,"[0, 0, 0, 0, 0, 0, 0, 0, 0, 0, 0, 0, 0, 0, 0, 0, 0, 0, 0, 0, 0, 0, 0, 0, 0, 0, 0, 0, 0, 0, 0, 0, 1, 1, 0, 1, 0, 0, 0, 0, 0, 0, 0, 0, 0, 0, 0, 0, 0, 0, 0, 0, 0, 0, 0, 0, 0, 0, 0, 0, 0, 0, 0, 0, 0, 0, 0, 0, 0, 0, 0, 0, 0, 0, 0, 0, 0, 0, 0, 0, 0, 0, 0, 0, 0, 0, 0, 0, 0, 0, 0, 0, 0, 0, 0, 0, 0, 0, 0, 0, 0, 0]",OFF,"['ජංගියේ', 'චූ', 'හුජ්ජ']",1
1.19468e+18,@USER  @USER මේවාගේ මිනිහ හරියට කතාකරල තියෙනවා මම පොන්නයද කියල උඹ කිවුවද ඌට නම් පුකේ අරින්න ගියේ නෑඔය කිවුව පයිය කටට අරන්ද දන්නෑ ගොන්ද නැද්ද බැලුවේ,@USER @USER මේවාගේ මිනිහ හරියට කතාකරල තියෙනවා මම පොන්නයද කියල උඹ කිවුවද ඌට නම් පුකේ අරින්න ගියේ නෑඔය කිවුව පයිය කටට අරන්ද දන්නෑ ගොන්ද නැද්ද බැලුවේ,"[0, 0, 0, 0, 0, 0, 0, 0, 1, 0, 0, 0, 0, 0, 1, 0, 0, 0, 0, 1, 0, 0, 0, 1, 0, 0]",OFF,"['පොන්නයද', 'පුකේ', 'පයිය', 'ගොන්ද']",1
1.34057e+18,@USER  @USER නොදකින් තෝපි දෙන්නා,@USER @USER නොදකින් තෝපි දෙන්නා,"[0, 0, 1, 1, 0]",OFF,"['නොදකින්', 'තෝපි']",1
9.65653e+17,I liked a  @USER URL ලැජ්ජා නහරය බිජ්ජ ලගින්ම කපා,I liked a @USER URL ලැජ්ජා නහරය බිජ්ජ ලගින්ම කපා,"[0, 0, 0, 0, 0, 0, 0, 1, 1, 0]",OFF,"['බිජ්ජ', 'ලගින්ම']",1
6.75278e+17,@USER @USER  මොකා වුණත් සාප වේවා! උන්ගේ වෙලාව විතරද වටින්නේ? අනෙක මුන් මෙච්චර කලබලේ ගිහින් කොරන්නෙ මොනවද? #රටකන්නෝ! #අයියෝයහපාලනය #lka,@USER @USER මොකා වුණත් සාප වේවා ! උන්ගේ වෙලාව විතරද වටින්නේ ? අනෙක මුන් මෙච්චර කලබලේ ගිහින් කොරන්නෙ මොනවද ? # රටකන්නෝ ! # අයියෝයහපාලනය # lka,"[0, 0, 0, 0, 1, 0, 0, 0, 0, 0, 0, 0, 0, 0, 0, 0, 0, 0, 0, 0, 0, 0, 0, 0, 0, 0, 0]",OFF,['සාප'],1
6.89424e+17,"රෙද්ද . මං ඉස්කොලෙ ගියෙ නැත්තන් එදාට එක ගුරුවරයෙක්වත් ඇවිල්ලත් නෑ, හෝම් වර්ක් බලලත් නෑ බර්ත් ඩේ එකකුත් තිබිල -_- :/ කරුමෙ  :/","රෙද්ද . මං ඉස්කොලෙ ගියෙ නැත්තන් එදාට එක ගුරුවරයෙක්වත් ඇවිල්ලත් නෑ , හෝම් වර්ක් බලලත් නෑ බර්ත් ඩේ එකකුත් තිබිල - _ - : / කරුමෙ : /",[],NOT,[],0
1.3689e+18,කොයි බල්ලා උනත් වට තුන කැරකිලා තමයි නිදා ගන්නේ...,කොයි බල්ලා උනත් වට තුන කැරකිලා තමයි නිදා ගන්නේ . . .,[],NOT,[],0
6.61433e+17,"මාළු කෑල්ල පැටවූ දාල තියෙයි ද දන්නේ නෑ, breeding tank එක එනකොට හයියෝ සල්ලි","මාළු කෑල්ල පැටවූ දාල තියෙයි ද දන්නේ නෑ , breeding tank එක එනකොට හයියෝ සල්ලි",[],NOT,[],0
1.38198e+18,"ඔය 'මම නං නෑ ඔය අලුරුදු නැකැත් ෆලෝ කරන්නේ, මං හරි  බුද්ධිමත් ඔයාලට වඩා මං ස්මාට්' වයිබ්ස් දෙන ප්‍රාඥ ලෙවල් ඩයල් ඉන්නවා නේද.  ඕකුන් තමා ටියුෂන් ක්ලාස්වලත් ඉස්සරහම පේළියේ ඉඳං වචනයක් නොතේරුනත් නොබෙල් එක අතේ වගේ කැරකිලා අන්තිමේ විභාගෙට බල්ලා පුක බිම උලන්හැහෙ ගිය පජා උන ඩයල්ස්","ඔය ' මම නං නෑ ඔය අලුරුදු නැකැත් ෆලෝ කරන්නේ , මං හරි බුද්ධිමත් ඔයාලට වඩා මං ස්මාට් ' වයිබ්ස් දෙන ප්‍රාඥ ලෙවල් ඩයල් ඉන්නවා නේද . ඕකුන් තමා ටියුෂන් ක්ලාස්වලත් ඉස්සරහම පේළියේ ඉඳං වචනයක් නොතේරුනත් නොබෙල් එක අතේ වගේ කැරකිලා අන්තිමේ විභාගෙට බල්ලා පුක බිම උලන්හැහෙ ගිය පජා උන ඩයල්ස්",[],NOT,[],0
1.36382e+18,@USER පොර ටෝක් මයිත්‍රිපාල ස'ගෙ ආන්ඩුවෙන් කරන කරන මරි මෝඩ ගොන් වැඩ සාධාරනිකරනය කරන්න ජෙප්පො සජබයො පුතානෝ කාඩ් එක ගහනවා දැකලා දැකලාම තමා ඉතින්,@USER පොර ටෝක් මයිත්‍රිපාල ස ' ගෙ ආන්ඩුවෙන් කරන කරන මරි මෝඩ ගොන් වැඩ සාධාරනිකරනය කරන්න ජෙප්පො සජබයො පුතානෝ කාඩ් එක ගහනවා දැකලා දැකලාම තමා ඉතින්,"[0, 0, 0, 0, 0, 0, 0, 0, 0, 0, 1, 1, 0, 0, 0, 0, 0, 0, 0, 0, 0, 0, 0, 0, 0, 0]",OFF,"['මරි', 'මෝඩ']",1
1.3898e+18,@USER මෝදි දුන්න සුවසැරියේ නැගීලා  ජින්පින් දුන්න නෙලුම් කුලුන බලල්ලා කැරොලින් පුෂ්පිකාගේ වත උනාලා මිරිස් කකා  බුලත් පයිය කොටල්ලා මැදමුලනේ සංහුරේ  රජ කොරල්ලා  තොපේ පැටව් මහ මුහුදට දමල්ලා යන්න රටක්  ඇත්දැයි වටේ බලල්ලා  නොහැකි එවුන් දෙකට නැවී හපල්ලා,@USER මෝදි දුන්න සුවසැරියේ නැගීලා ජින්පින් දුන්න නෙලුම් කුලුන බලල්ලා කැරොලින් පුෂ්පිකාගේ වත උනාලා මිරිස් කකා බුලත් පයිය කොටල්ලා මැදමුලනේ සංහුරේ රජ කොරල්ලා තොපේ පැටව් මහ මුහුදට දමල්ලා යන්න රටක් ඇත්දැයි වටේ බලල්ලා නොහැකි එවුන් දෙකට නැවී හපල්ලා,[],OFF,[],0
1.37061e+18,@USER කමෙක් නෑ. ඒකුන්ව පෝෂණය කරන්ඩත් බදු ගෙවන්ඩ හුදී ජනයලා සැදී පැහැදී ඉන්නෝ,@USER කමෙක් නෑ . ඒකුන්ව පෝෂණය කරන්ඩත් බදු ගෙවන්ඩ හුදී ජනයලා සැදී පැහැදී ඉන්නෝ,[],NOT,[],0
9.64913e+17,@USER අපරාදේ මං හිතන්නෙ මහ ගොන් ෆිල්ම්  එකක් වෙන්න ඇති. ඒකයි සබ් නැත්තෙ මම නම් Imdb බලල ඩවුන්ලෝඩ් කරන්නෙ,@USER අපරාදේ මං හිතන්නෙ මහ ගොන් ෆිල්ම් එකක් වෙන්න ඇති . ඒකයි සබ් නැත්තෙ මම නම් Imdb බලල ඩවුන්ලෝඩ් කරන්නෙ,[],NOT,[],0
1.45318e+18,"""Conflict of Interest"" වෙන දේවල් කරන්න තහනම් පෞද්ගලික අංශයට විතරද ? එහෙම නැත්නං කොහොමද කෘෂිකර්ම දෙපාර්තමේන්තුවෙ ඉහල තනතුරක් දරන කෙනෙක් CIC එකේ අධ්‍යක්ෂක කෙනෙක් වෙන්නේ, CEB වැඩ කරන කෙනෙක්ට පුලුවන්නං  පෞද්ගලික විදුලි බලාගාරයක අධ්‍යක්ෂ කෙනෙක් වෙන්න ඒක පට්ට අවුලක්,",""" Conflict of Interest "" වෙන දේවල් කරන්න තහනම් පෞද්ගලික අංශයට විතරද ? එහෙම නැත්නං කොහොමද කෘෂිකර්ම දෙපාර්තමේන්තුවෙ ඉහල තනතුරක් දරන කෙනෙක් CIC එකේ අධ්‍යක්ෂක කෙනෙක් වෙන්නේ , CEB වැඩ කරන කෙනෙක්ට පුලුවන්නං පෞද්ගලික විදුලි බලාගාරයක අධ්‍යක්ෂ කෙනෙක් වෙන්න ඒක පට්ට අවුලක් ,",[],NOT,[],0
9.9748e+17,@USER අම්මිගෙන් අහල කියන්නම් ඩාලින්,@USER අම්මිගෙන් අහල කියන්නම් ඩාලින්,[],NOT,[],0
1.39998e+18,මං ඉස්සර හිතාගෙන හිටියෙ මට මැරෙනකංම රෙස්ලින් බලන එක නවත්තන්න අමාරු වෙයි කියල  හැබැයි පෙර කල පිනකටව  ස' රට බාරගත්ත වගේ TripleH කාරයා CEO වුනෙ,මං ඉස්සර හිතාගෙන හිටියෙ මට මැරෙනකංම රෙස්ලින් බලන එක නවත්තන්න අමාරු වෙයි කියල හැබැයි පෙර කල පිනකටව ස ' රට බාරගත්ත වගේ TripleH කාරයා CEO වුනෙ,[],NOT,[],0
1.02741e+18,@USER ශා ඔයාලගේ බල්ලා නම් මාරයි ආආආ,@USER ශා ඔයාලගේ බල්ලා නම් මාරයි ආආආ,[],NOT,[],0
1.45033e+18,@USER  @USER  10 others අක්කවත් crush උනාද බොල,@USER @USER 10 others අක්කවත් crush උනාද බොල,[],NOT,[],0
7.09056e+17,@USER @USER ක්ශනික චාජ් කරගත්තා රෙද්ද ආයි කපයි මුන් එහෙමට බඩු    @USER,@USER @USER ක්ශනික චාජ් කරගත්තා රෙද්ද ආයි කපයි මුන් එහෙමට බඩු @USER,[],NOT,[],0
1.13254e+18,@USER තොපිව කනෙන් අැදලා එලියට දාන්නෙ බලාගන් කාත්තන්කුඩි. ඔය තරමට අවි තිබුණේ. තොපේ ගැනු රකින්නද,@USER තොපිව කනෙන් අැදලා එලියට දාන්නෙ බලාගන් කාත්තන්කුඩි . ඔය තරමට අවි තිබුණේ . තොපේ ගැනු රකින්නද,"[0, 1, 1, 1, 0, 0, 0, 0, 0, 0, 0, 0, 0, 0, 1, 1, 0]",OFF,"['තොපිව', 'කනෙන්', 'අැදලා', 'තොපේ', 'ගැනු']",1
8.20209e+17,ට හුක අපේ උන් 2nd innings එකත් සෙල්ලම් කරනවා කියහන්කෝ එකත් කැතම ඕපනින් පාර්ට්නර්ෂිප් එකකුත් එක්ක අනේ දෙවියනේ... URL,ට හුක අපේ උන් 2nd innings එකත් සෙල්ලම් කරනවා කියහන්කෝ එකත් කැතම ඕපනින් පාර්ට්නර්ෂිප් එකකුත් එක්ක අනේ දෙවියනේ . . . URL,"[1, 0, 0, 0, 0, 0, 0, 0, 0, 0, 0, 0, 0, 0, 0, 0, 0, 0, 0, 0, 0, 0]",OFF,['ට'],1
7.6432e+17,එකම පැතුම Match එකේ Opening ඩබල ඉක්මනටම Out වෙයන්..ඇයි යකෝ මේ ලොන්තස්ලා දෙන්න ඉන්නකම් වෙන  උන්ට චාන්ස් නෑ..නොදෝමකින්..,එකම පැතුම Match එකේ Opening ඩබල ඉක්මනටම Out වෙයන් . . ඇයි යකෝ මේ ලොන්තස්ලා දෙන්න ඉන්නකම් වෙන උන්ට චාන්ස් නෑ . . නොදෝමකින් . .,[],NOT,[],0
1.19538e+18,@USER මේක ඇත්තක් ද බොරුවක් ද ?,@USER මේක ඇත්තක් ද බොරුවක් ද ?,[],NOT,[],0
1.05213e+18,@USER ඕක මොකද්ද සහෝ ... මම නම් යන හැම දවසෙම ඔය මගුල පරක්කුයි... සෙන ගොඩේ තෙරපිලා මම නගින්නෙම කැන්ටින් එකට ! ලබ්බ  #ලකේපංකාව,@USER ඕක මොකද්ද සහෝ . . . මම නම් යන හැම දවසෙම ඔය මගුල පරක්කුයි . . . සෙන ගොඩේ තෙරපිලා මම නගින්නෙම කැන්ටින් එකට ! ලබ්බ # ලකේපංකාව,"[0, 0, 0, 0, 0, 0, 0, 0, 0, 0, 0, 0, 0, 0, 0, 0, 0, 0, 0, 0, 0, 0, 0, 0, 0, 0, 1, 0, 0]",OFF,['ලබ්බ'],1
9.90882e+17,කෝ අර පිස්සා... wedding එකට ගිහින් sure එකට කෑලි බල බල ඇති,කෝ අර පිස්සා . . . wedding එකට ගිහින් sure එකට කෑලි බල බල ඇති,"[0, 0, 1, 0, 0, 0, 0, 0, 0, 0, 0, 0, 0, 0, 0]",OFF,['පිස්සා'],1
1.41786e+18,@USER අඩො වයි බන්   @USER    ඇයි ඔයා මේම,@USER අඩො වයි බන් @USER ඇයි ඔයා මේම,[],NOT,[],0
1.38945e+18,@USER අපි මෝඩ නිසා..  ඒ නිසා අනිවාර්‍යෙන් අපිට වඩා බුද්ධිමත් ජීවීන් ඉන්න ඕන වෙන කොහේ හරි.,@USER අපි මෝඩ නිසා . . ඒ නිසා අනිවාර්‍යෙන් අපිට වඩා බුද්ධිමත් ජීවීන් ඉන්න ඕන වෙන කොහේ හරි .,[],NOT,[],0
1.44509e+18,@USER @USER  එකටත් බැනුම් ඇහුවේ.,@USER @USER එකටත් බැනුම් ඇහුවේ .,[],NOT,[],0
8.90939e+17,@USER බද්දට දෙනවා කිව්වට ඕක අයෙත් අවුරුදු 99ක ට පස්සෙ අයෙත් ගන්න පුලුවන් සල්ලි වලට.ශොක් බදු ගිවිසුම.. මිනිස්සු ගොනාට අන්දවන්න සිරසත් සපොර්ට්,@USER බද්දට දෙනවා කිව්වට ඕක අයෙත් අවුරුදු 99ක ට පස්සෙ අයෙත් ගන්න පුලුවන් සල්ලි වලට . ශොක් බදු ගිවිසුම . . මිනිස්සු ගොනාට අන්දවන්න සිරසත් සපොර්ට්,[],OFF,[],0
1.20195e+18,@USER අපේ ගරු ජනාධිපතිතුමනි ! මෙතරම් සමාජ මාද්‍ය දියුණු කාළයක යම් පුරවැසියකුට කිසියම් කාණ්ඩ යටතේ තම එකම පණිවිඩයක් හෝ ඔබතුමාගේම කියවීමට ලබාදිය හැකි වන ලෙස යම් පණිවිඩ කවුලුවක් විවෘත කරන්නේ නම් ඔබතුමාට රටතුළින්ම සම්පත් දායකයින් තොගයක් රටේ දියුණුව උදෙසා එක් කරගනු හැකිවෙතැයි මගේ විශ්වාසයයි.,@USER අපේ ගරු ජනාධිපතිතුමනි ! මෙතරම් සමාජ මාද්‍ය දියුණු කාළයක යම් පුරවැසියකුට කිසියම් කාණ්ඩ යටතේ තම එකම පණිවිඩයක් හෝ ඔබතුමාගේම කියවීමට ලබාදිය හැකි වන ලෙස යම් පණිවිඩ කවුලුවක් විවෘත කරන්නේ නම් ඔබතුමාට රටතුළින්ම සම්පත් දායකයින් තොගයක් රටේ දියුණුව උදෙසා එක් කරගනු හැකිවෙතැයි මගේ විශ්වාසයයි .,[],NOT,[],0
8.1124e+17,මේ යකෝ රිසල්ට් එන එක පහුකරලා මුන් මේ කරන්නේ....වැඩක් කරන්න පුලුවන් තරුණ ළමයිගේ ජීවිතේ විනාශ කරන එක නේද???,මේ යකෝ රිසල්ට් එන එක පහුකරලා මුන් මේ කරන්නේ . . . . වැඩක් කරන්න පුලුවන් තරුණ ළමයිගේ ජීවිතේ විනාශ කරන එක නේද ? ? ?,[],NOT,[],0
9.35942e+17,@USER සීරාවටම මුන් ඔක්කොම ගෙනල්ලා පෙන්නන්න ඔනේ කාලකණ්ණි හැත්තට,@USER සීරාවටම මුන් ඔක්කොම ගෙනල්ලා පෙන්නන්න ඔනේ කාලකණ්ණි හැත්තට,"[0, 0, 0, 0, 0, 0, 0, 1, 1]",OFF,"['කාලකණ්ණි', 'හැත්තට']",1
1.45215e+18,@USER හොදම කාලකණ්ණි සම්මානය Goes to  සසී හන්සමාලී,@USER හොදම කාලකණ්ණි සම්මානය Goes to සසී හන්සමාලී,"[0, 0, 1, 0, 0, 0, 0, 0]",OFF,['කාලකණ්ණි'],1
6.82764e+17,@USER adeh හැපි නිව් අවුරුද්දක් වේවා ඩාලින්  @USER  ආදරෙයි,@USER adeh හැපි නිව් අවුරුද්දක් වේවා ඩාලින් @USER ආදරෙයි,[],NOT,[],0
1.14048e+18,මූ දන්නෙ පඩිපෙලේ උඩට නගින්න විතරයි. පල්ලෙහාට බහින්න පට්ට බයයි. හෙන ගොනා.,මූ දන්නෙ පඩිපෙලේ උඩට නගින්න විතරයි . පල්ලෙහාට බහින්න පට්ට බයයි . හෙන ගොනා .,"[0, 0, 0, 0, 0, 0, 0, 0, 0, 0, 0, 0, 1, 1, 0]",OFF,"['හෙන', 'ගොනා']",1
1.06403e+18,@USER ඔව් කාලකණ්ණි ඕකට ගහ්නන ඕන ගූ දියකරල,@USER ඔව් කාලකණ්ණි ඕකට ගහ්නන ඕන ගූ දියකරල,"[0, 0, 1, 0, 0, 0, 0, 0]",OFF,['කාලකණ්ණි'],1
1.33873e+18,@USER  @USER පව් ඒ තරුනයා  පොකුණු කුට්ටමක් ඇති - කුට්ටම් පොකුණ  (Kuttam Pokuna) yourchoiceway.com පොකුණු කුට්ටමක් ඇති - කුට්ටම් පොකුණ (Kuttam Pokuna) අද අපේ කතාව අතීත මුතුන් මිත්තන්ගෙන් අපට දායාද කළ අපූරු සුන්දර නිර්මාණයන් ගෙන් එකක් ලෙස හඳුන්වන්න කුට්ටම් පොකුණ ගැනයී අනුරාධපුරයේ අභයගිරි විහාරය වැදපු,@USER @USER පව් ඒ තරුනයා පොකුණු කුට්ටමක් ඇති - කුට්ටම් පොකුණ ( Kuttam Pokuna ) yourchoiceway . com පොකුණු කුට්ටමක් ඇති - කුට්ටම් පොකුණ ( Kuttam Pokuna ) අද අපේ කතාව අතීත මුතුන් මිත්තන්ගෙන් අපට දායාද කළ අපූරු සුන්දර නිර්මාණයන් ගෙන් එකක් ලෙස හඳුන්වන්න කුට්ටම් පොකුණ ගැනයී අනුරාධපුරයේ අභයගිරි විහාරය වැදපු,[],NOT,[],0
1.05432e+18,@USER සුජීව සේනසිංහගේ බෑග් විකුණපුවාම ඩෙරල් එනවා එතකොට රැපියල අවපාතය හරි යයි,@USER සුජීව සේනසිංහගේ බෑග් විකුණපුවාම ඩෙරල් එනවා එතකොට රැපියල අවපාතය හරි යයි,[],NOT,[],0
1.1874e+18,සෑහෙන හැදිලා ඉන්නේ ගෙදරින් ආවට පස්සේ. ඒත් මේ සමහර ගොන් පක්කු ආයේ මාව සතා කරගන්න දඟලනවා. හුත්ත පාඩුවේ ඉන්න දෙන්නෙ නෑනේ,සෑහෙන හැදිලා ඉන්නේ ගෙදරින් ආවට පස්සේ . ඒත් මේ සමහර ගොන් පක්කු ආයේ මාව සතා කරගන්න දඟලනවා . හුත්ත පාඩුවේ ඉන්න දෙන්නෙ නෑනේ,"[0, 0, 0, 0, 0, 0, 0, 0, 0, 0, 1, 1, 0, 0, 0, 0, 0, 0, 1, 0, 0, 0, 0]",OFF,"['ගොන්', 'පක්කු', 'හුත්ත']",1
1.37765e+18,"@USER  @USER කැත කතා කියන්න,එපා","@USER @USER කැත කතා කියන්න , එපා",[],NOT,[],0
1.36006e+18,@USER චනලය යන වැරදි එම වචනය චලනය ලෙස වෙනස් කරන්න,@USER චනලය යන වැරදි එම වචනය චලනය ලෙස වෙනස් කරන්න,[],NOT,[],0
1.11076e+18,කරන්ට් කපන්නේ නැතුව තියන්නත් පින තියෙන්න ඕන බොල... තාම එක දවසක් කැපුවේ නැහැ...,කරන්ට් කපන්නේ නැතුව තියන්නත් පින තියෙන්න ඕන බොල . . . තාම එක දවසක් කැපුවේ නැහැ . . .,[],NOT,[],0
1.15678e+18,"අම්මට දුක හිතිලා ඊට පස්සේ private කැම්පස් එහෙකෙට යැව්වා. සල්ලි තිබිල නෙමෙය් ඒත් ඉගෙනගන්නත් එපැයි. ඊට පස්සේ ගියා leadership camp එහෙකට. එතන හොඳටම rag වුනා. මොකෝ කොළඹ එවුන් පෙන්නන්න බැහැනේ. ඊට පස්සේ කැම්පස් ආවා. අවුරුදු 4ම rag වුනා. 'වේසි' ලු, 'බැල්ලි' ලු. ඔවා අහගෙන ඉතින් හිටියා.","අම්මට දුක හිතිලා ඊට පස්සේ private කැම්පස් එහෙකෙට යැව්වා . සල්ලි තිබිල නෙමෙය් ඒත් ඉගෙනගන්නත් එපැයි . ඊට පස්සේ ගියා leadership camp එහෙකට . එතන හොඳටම rag වුනා . මොකෝ කොළඹ එවුන් පෙන්නන්න බැහැනේ . ඊට පස්සේ කැම්පස් ආවා . අවුරුදු 4ම rag වුනා . ' වේසි ' ලු , ' බැල්ලි ' ලු . ඔවා අහගෙන ඉතින් හිටියා .","[0, 0, 0, 0, 0, 0, 0, 0, 0, 0, 0, 0, 0, 0, 0, 0, 0, 0, 0, 0, 0, 0, 0, 0, 0, 0, 0, 0, 0, 0, 0, 0, 0, 0, 0, 0, 0, 0, 0, 0, 0, 0, 0, 0, 0, 0, 1, 0, 0, 0, 0, 1, 0, 0, 0, 0, 0, 0, 0, 0]",OFF,"['වේසි', 'බැල්ලි']",1
1.27006e+18,@USER  @USER    ඒකි ගෑණියෙක් හින්ද ඒක අවුලක් නෑ කියමු. ඒත් ඕයි උබ එහෙම කරන එක විලි ලැජ්ජයි නේහ්.,@USER @USER ඒකි ගෑණියෙක් හින්ද ඒක අවුලක් නෑ කියමු . ඒත් ඕයි උබ එහෙම කරන එක විලි ලැජ්ජයි නේහ් .,[],OFF,[],0
1.24899e+18,"අහිංසක මිනිස්සු කන්න නැතුව දුක් විදිනවා...  මේ වගේ හිවල් සුනඛයෝ අවජාතක වැඩ කරනවා....  මුන් මේ තැනට ආවේ කොහොමද කියලා දැන් කතා කරලා වැඩක් නෑ...  කොරෝනා නිසා වත් අපේ මිනිස්සු ඉගෙන ගත්තොත් මේ වගේ වල් බල්ලෝ හරියන්නේ රට පාලනයට නෙවෙයි..වැසිකිළි වළවල් පිරිසිදු කරන්න කියලා, ලොකු දෙයක් Azzam Ameen @USER  · 11 Apr 2020 Balangoda Mayor (UNP) under fire for destroying a stock of vegetables by adding Kerosene URL","අහිංසක මිනිස්සු කන්න නැතුව දුක් විදිනවා . . . මේ වගේ හිවල් සුනඛයෝ අවජාතක වැඩ කරනවා . . . . මුන් මේ තැනට ආවේ කොහොමද කියලා දැන් කතා කරලා වැඩක් නෑ . . . කොරෝනා නිසා වත් අපේ මිනිස්සු ඉගෙන ගත්තොත් මේ වගේ වල් බල්ලෝ හරියන්නේ රට පාලනයට නෙවෙයි . . වැසිකිළි වළවල් පිරිසිදු කරන්න කියලා , ලොකු දෙයක් Azzam Ameen @USER 11 Apr 2020 Balangoda Mayor ( UNP ) under fire for destroying a stock of vegetables by adding Kerosene URL","[0, 0, 0, 0, 0, 0, 0, 0, 0, 0, 0, 1, 1, 1, 0, 0, 0, 0, 0, 0, 0, 0, 0, 0, 0, 0, 0, 0, 0, 0, 0, 0, 0, 0, 0, 0, 0, 0, 0, 0, 0, 0, 0, 1, 1, 0, 0, 0, 0, 0, 0, 0, 0, 0, 0, 0, 0, 0, 0, 0, 0, 0, 0, 0, 0, 0, 0, 0, 0, 0, 0, 0, 0, 0, 0, 0, 0, 0, 0, 0, 0, 0]",OFF,"['හිවල්', 'සුනඛයෝ', 'අවජාතක', 'වල්', 'බල්ලෝ']",1
1.38486e+18,@USER එතකොට පස්ස ලොකු එකක් තෝරා ගත්තාම හරිද? නොදන්නා කමට ඇහැව්වේ,@USER එතකොට පස්ස ලොකු එකක් තෝරා ගත්තාම හරිද ? නොදන්නා කමට ඇහැව්වේ,[],NOT,[],0
6.89344e+17,@USER @USER  ඒකනේ කටට එන එක ඔහේ කියවනවා බයිලා කියනවා වගේ. මේවා කියලා දෙන්න අර President Media එකේ අයවත් නැද්ද මන්දා,@USER @USER ඒකනේ කටට එන එක ඔහේ කියවනවා බයිලා කියනවා වගේ . මේවා කියලා දෙන්න අර President Media එකේ අයවත් නැද්ද මන්දා,[],NOT,[],0
1.32317e+18,දිල් තෝ පාගල් හේ දිල් දිවානා හේ..,දිල් තෝ පාගල් හේ දිල් දිවානා හේ . .,[],NOT,[],0
1.38371e+18,පතිකුලයට ලොල් වූ තොපි සක්කිලි....,පතිකුලයට ලොල් වූ තොපි සක්කිලි . . . .,"[0, 0, 0, 1, 1, 0, 0, 0, 0]",OFF,"['තොපි', 'සක්කිලි']",1
1.35209e+18,@USER අර ඩොකා ගෑණි FB ඩිඇක්ටිවේට් කරලා,@USER අර ඩොකා ගෑණි FB ඩිඇක්ටිවේට් කරලා,[],NOT,[],0
6.77369e+17,"ගොවි පුතා කියා පච මල්ලක් අතහැර බලයට පැමිනි සිරාගේ කටේ , මේ ගොවීන්ගේ පස්ස ඇතිල්ලීමට නියමිතයි.  ඇමෙරිකාවයි ගොවීනුයි... URL","ගොවි පුතා කියා පච මල්ලක් අතහැර බලයට පැමිනි සිරාගේ කටේ , මේ ගොවීන්ගේ පස්ස ඇතිල්ලීමට නියමිතයි . ඇමෙරිකාවයි ගොවීනුයි . . . URL",[],OFF,[],0
1.23912e+18,@USER වහලම දැම්මනම් නරකද?? රටේ ඇති වෙලා තියෙන අවදානම් තත්වය නැති වෙනකන්..,@USER වහලම දැම්මනම් නරකද ? ? රටේ ඇති වෙලා තියෙන අවදානම් තත්වය නැති වෙනකන් . .,[],NOT,[],0
1.48158e+18,"@USER  @USER ඒ කියන්නේ oic එක්ක බිවුවොත් අල්ලන්නෑ,වෙන අය එක්ක බිවුවොත් අල්ලනවා ...","@USER @USER ඒ කියන්නේ oic එක්ක බිවුවොත් අල්ලන්නෑ , වෙන අය එක්ක බිවුවොත් අල්ලනවා . . .",[],NOT,[],0
1.34608e+18,"මහියංගනයේ මිනිස්සු වල් අලි ගැටළුවට විසඳුමක් ගන්න අද මහියංගනය AG office එකට ගිහින් උද්ඝෝෂණය කරල තිබ්බා.  යසයි මහියංගනයේ උන්ට. උන් වෙනුවෙන් කෑ ගහපු සමන්ත විද්‍යාරත්නව ගෙදර තියලා, අද හෙට මැරෙන්න ඉන්න නිමල් සිරිපාලව පාර්ලිමේන්තුවට පත් කරල යැව්වට.","මහියංගනයේ මිනිස්සු වල් අලි ගැටළුවට විසඳුමක් ගන්න අද මහියංගනය AG office එකට ගිහින් උද්ඝෝෂණය කරල තිබ්බා . යසයි මහියංගනයේ උන්ට . උන් වෙනුවෙන් කෑ ගහපු සමන්ත විද්‍යාරත්නව ගෙදර තියලා , අද හෙට මැරෙන්න ඉන්න නිමල් සිරිපාලව පාර්ලිමේන්තුවට පත් කරල යැව්වට .",[],NOT,[],0
6.71064e+17,"@USER @USER අපේ බල්ලා දවසක් කීර කාරයෙක්ගේ කකුලත් කාලා සරමත් ගලවල ගත්තා ගේට්ටුව අස්සෙන්, වෙලාවට ඌ ෂෝර්ටක් ඇඳලා හිටියේ  @USER","@USER @USER අපේ බල්ලා දවසක් කීර කාරයෙක්ගේ කකුලත් කාලා සරමත් ගලවල ගත්තා ගේට්ටුව අස්සෙන් , වෙලාවට ඌ ෂෝර්ටක් ඇඳලා හිටියේ @USER",[],NOT,[],0
6.91373e+17,@USER  @USER  @USER  @USER  @USER  @USER  තූ නොදකින් කාලකණ්නියා,@USER @USER @USER @USER @USER @USER තූ නොදකින් කාලකණ්නියා,"[0, 0, 0, 0, 0, 0, 1, 1, 1]",OFF,"['තූ', 'නොදකින්', 'කාලකණ්නියා']",1
1.47869e+18,@USER ඔයාල ලෑස්ති නං අපිත් ලෑස්ති පාර අතුගාන්න GIF,@USER ඔයාල ලෑස්ති නං අපිත් ලෑස්ති පාර අතුගාන්න GIF,[],NOT,[],0
7.81857e+17,: හම්මට හුඩු !! : අඩො අඩො. මේ බලපංකො මේක : අහ්... ඇයි බං? 󾌴󾌴 URL,: හම්මට හුඩු ! ! : අඩො අඩො . මේ බලපංකො මේක : අහ් . . . ඇයි බං ? 󾌴󾌴 URL,[],NOT,[],0
1.42534e+18,"@USER අපෙ නමි අහිංසක මිනිස්සු තමා දඩුවමි විදින්නෙ, සක්කිලි දෙශපාලනය හින්දා","@USER අපෙ නමි අහිංසක මිනිස්සු තමා දඩුවමි විදින්නෙ , සක්කිලි දෙශපාලනය හින්දා","[0, 0, 0, 0, 0, 0, 0, 0, 0, 1, 0, 0]",OFF,['සක්කිලි'],1
8.23125e+17,@USER ඒක තමයි කියන්නෙ. ලබ්බ මොකද්ද කියල දන්නැත් නම් දන්නෑ කියල අහන්න ඕනෙ. තප්පුලන්න එපා.. වැඩක් කරන්න බැරිනම් වහගෙන කරන උන්ට කරන්න දීපන්,@USER ඒක තමයි කියන්නෙ . ලබ්බ මොකද්ද කියල දන්නැත් නම් දන්නෑ කියල අහන්න ඕනෙ . තප්පුලන්න එපා. . වැඩක් කරන්න බැරිනම් වහගෙන කරන උන්ට කරන්න දීපන්,"[0, 0, 0, 0, 0, 1, 0, 0, 0, 0, 0, 0, 0, 0, 0, 1, 0, 0, 0, 0, 0, 0, 0, 0, 0, 0]",OFF,"['ලබ්බ', 'තප්පුලන්න']",1
1.31051e+18,@USER  @USER කියන්නෙ නං අඩෝ අපිට ගෑනු කරදර නෑනේ..කොල්ලො තමා ජීවිතේ කියල ..සක්කිලි වැඩ කරන්න එපා බන් කොල්ලන්ට  @USER,@USER @USER කියන්නෙ නං අඩෝ අපිට ගෑනු කරදර නෑනේ . . කොල්ලො තමා ජීවිතේ කියල . . සක්කිලි වැඩ කරන්න එපා බන් කොල්ලන්ට @USER,"[0, 0, 0, 0, 0, 0, 0, 0, 0, 0, 0, 0, 0, 0, 0, 0, 0, 1, 1, 0, 0, 0, 0, 0]",OFF,"['සක්කිලි', 'වැඩ']",1
6.77332e+17,වල් නාශක වර්ගයක්‌ යෙදීමෙන් අනතුරුව මින්නේරියේ කුඹුරු රැසක වී වගාව විනාශ වෙයි රටේ නායකයා පොළොන්නරුවේ නේද ? ඔහු දැනුවත් කලේ නැතිද ?,වල් නාශක වර්ගයක් යෙදීමෙන් අනතුරුව මින්නේරියේ කුඹුරු රැසක වී වගාව විනාශ වෙයි රටේ නායකයා පොළොන්නරුවේ නේද ? ඔහු දැනුවත් කලේ නැතිද ?,[],NOT,[],0
9.3749e+17,මම සමන්.. ඊයෙ ඉඳන් මං කොළඹ .. සිරිපා යන අය පාර දෙපැත්තෙ රෙනවා  හුජ්ජ කරනවා ඒ මදිවට පොලිතීන්  ප්ලාස්ටික් බෝතල් හලනවා දෙයියෝ උනත් මටත් නාහයක් තියෙනවා.පිරිසිදුව ඉන්න මාත් ආසෛ,මම සමන් . . ඊයෙ ඉඳන් මං කොළඹ . . සිරිපා යන අය පාර දෙපැත්තෙ රෙනවා හුජ්ජ කරනවා ඒ මදිවට පොලිතීන් ප්ලාස්ටික් බෝතල් හලනවා දෙයියෝ උනත් මටත් නාහයක් තියෙනවා . පිරිසිදුව ඉන්න මාත් ආසෛ,"[0, 0, 0, 0, 0, 0, 0, 0, 0, 0, 0, 0, 0, 0, 0, 0, 1, 0, 0, 0, 0, 0, 0, 0, 0, 0, 0, 0, 0, 0, 0, 0, 0, 0]",OFF,['හුජ්ජ'],1
1.16529e+18,"@USER කෙටි කලොත් "" දැන් මට කලින් ගෑණි ගහන්නෙ ""","@USER කෙටි කලොත් "" දැන් මට කලින් ගෑණි ගහන්නෙ """,[],NOT,[],0
1.3051e+18,@USER තමුසෙ මහ තිරිසනෙක් ඕයි. මම පාර කපාගෙනම ආවෙ මූට මුගෙ මේ ට්ටිට් එකෙම්ම දමල අරින්න. තමුසෙ මට චාන්ස් නැති කලා,@USER තමුසෙ මහ තිරිසනෙක් ඕයි . මම පාර කපාගෙනම ආවෙ මූට මුගෙ මේ ට්ටිට් එකෙම්ම දමල අරින්න . තමුසෙ මට චාන්ස් නැති කලා,"[0, 1, 0, 0, 0, 0, 0, 0, 0, 0, 0, 0, 0, 0, 0, 0, 0, 0, 1, 0, 0, 0, 0]",OFF,"['තමුසෙ', 'තමුසෙ']",1
1.18726e+18,@USER කොළඹ වාරායට පැමිනිනෞවකාවක් අදික වර්ෂව හෙතුවෙන් යාපනය ජාත්‍යාන්තර ගුවන් තොටුපලට හරවා යැවෙි... සත්‍යයේ සටහන බුද්ධියේ විමසුමට,@USER කොළඹ වාරායට පැමිනිනෞවකාවක් අදික වර්ෂව හෙතුවෙන් යාපනය ජාත්‍යාන්තර ගුවන් තොටුපලට හරවා යැවෙි . . . සත්‍යයේ සටහන බුද්ධියේ විමසුමට,[],NOT,[],0
1.40702e+18,@USER තෝ තමා මේකේ නාකිම,@USER තෝ තමා මේකේ නාකිම,"[0, 1, 0, 0, 1]",OFF,"['තෝ', 'නාකිම']",1
1.18718e+18,@USER  @USER පලයන් බන් බොරු නොකියා. උබ නිදා ගනි කොට්ට නැතිව. මන් උබේ රූම් මේට්. මන් දැකලා තියෙනවා උබ රුවිතෙට නිදන් ඉන්න හැටි.,@USER @USER පලයන් බන් බොරු නොකියා . උබ නිදා ගනි කොට්ට නැතිව. මන් උබේ රූම් මේට් . මන් දැකලා තියෙනවා උබ රුවිතෙට නිදන් ඉන්න හැටි .,[],NOT,[],0
1.35623e+18,සීයේ රයිස් කන මට ඔයාව ගැලපෙන් නෑ ඩාලින්!,සීයේ රයිස් කන මට ඔයාව ගැලපෙන් නෑ ඩාලින් !,[],NOT,[],0
9.73451e+17,"@USER අපේ මැඩම් කොයි වෙලෙත් ""යා පකෝ"" ගාගෙනම තමා පන්තියෙ ඉන්නෙ....","@USER අපේ මැඩම් කොයි වෙලෙත් "" යා පකෝ "" ගාගෙනම තමා පන්තියෙ ඉන්නෙ . . . .","[0, 0, 0, 0, 0, 0, 0, 1, 0, 0, 0, 0, 0, 0, 0, 0, 0]",OFF,['පකෝ'],1
9.57248e+17,"@USER කටපුරා කිව්ව හැකි මේ නම් ""වේස නිරූපණය"" කියල..","@USER කටපුරා කිව්ව හැකි මේ නම් "" වේස නිරූපණය "" කියල . .","[0, 0, 0, 0, 0, 0, 0, 1, 0, 0, 0, 0, 0]",OFF,['වේස'],1
1.06778e+18,දැන් ඉන්න හුජ්ජ කොල්ලො කෙල්ලෙක් නිසා යාලුවට පිහියෙන් ඇන්නට අපි ඔය කාලේ බොක්කෙන් ලව් කරේ කෙල්ලන්ව බෙදාගෙන..  විලියම් ටෙල් එකේ වාරා බීබීසී රොබින් හුඩ් එකේ මැරියන් රොබින්සන් අන්දරය එකේ ජොආනා සක්වල ඳගකාරයෝ එකේ ලුසී රිදී ඉර එකේ පැන්චා....  #මතක,දැන් ඉන්න හුජ්ජ කොල්ලො කෙල්ලෙක් නිසා යාලුවට පිහියෙන් ඇන්නට අපි ඔය කාලේ බොක්කෙන් ලව් කරේ කෙල්ලන්ව බෙදාගෙන . . විලියම් ටෙල් එකේ වාරා බීබීසී රොබින් හුඩ් එකේ මැරියන් රොබින්සන් අන්දරය එකේ ජොආනා සක්වල ඳගකාරයෝ එකේ ලුසී රිදී ඉර එකේ පැන්චා . . . . # මතක,"[0, 0, 1, 0, 0, 0, 0, 0, 0, 0, 0, 0, 0, 0, 0, 0, 0, 0, 0, 0, 0, 0, 0, 0, 0, 0, 0, 0, 0, 0, 0, 0, 0, 0, 0, 0, 0, 0, 0, 0, 0, 0, 0, 0, 0, 0]",OFF,['හුජ්ජ'],1
1.32183e+18,"@USER ඈ පකෝ, මම වැල එවනවා WA එකේ?","@USER ඈ පකෝ , මම වැල එවනවා WA එකේ ?","[0, 0, 1, 0, 0, 0, 0, 0, 0, 0]",OFF,['පකෝ'],1
1.39499e+18,@USER දැන් ඔය චයිනීස් වැක්සීන් ගහන එවුන් කොරෝනා වලින් බේරෙනවාද කියලත් සමීක්ෂණයක් කරන්න ඕනේ. මොකද චයිනීස් බඩුනේ,@USER දැන් ඔය චයිනීස් වැක්සීන් ගහන එවුන් කොරෝනා වලින් බේරෙනවාද කියලත් සමීක්ෂණයක් කරන්න ඕනේ . මොකද චයිනීස් බඩුනේ,[],NOT,[],0
9.67935e+17,"@USER මේ කොමඩි නාට්‍යයේ දෙවන කොටස ඉදිරියේදී විකාශ වනු ඇති බවත් ජනතාව මීට ප්‍රතිචාර දක්‌වමින් සිනහසෙයිද, හඬාවැටෙයිද, ගල් ගහයිද යන්න තමා නොදන්නා බව ඇමැතිවරයා ප්‍රකාශ කළේය. ජනතා අසහනය මෙන්ම ඇමැතිවරයා තුළත් අප්‍රසන්නභාවයක්‌ ගොඩනැඟෙන බව පැහැදිලිය URL","@USER මේ කොමඩි නාට්‍යයේ දෙවන කොටස ඉදිරියේදී විකාශ වනු ඇති බවත් ජනතාව මීට ප්‍රතිචාර දක්වමින් සිනහසෙයිද , හඬාවැටෙයිද , ගල් ගහයිද යන්න තමා නොදන්නා බව ඇමැතිවරයා ප්‍රකාශ කළේය . ජනතා අසහනය මෙන්ම ඇමැතිවරයා තුළත් අප්‍රසන්නභාවයක් ගොඩනැඟෙන බව පැහැදිලිය URL",[],NOT,[],0
9.45583e+17,රාජිතගෙයි පුතා චතුරගෙයි සක්කිලි ගති - අහන්න  වීඩියෝව VIDEO-->URL #lka  @USER  @USER  @USER  @USER  @USER  #Colombo #PCelectionslk  @USER  @USER,රාජිතගෙයි පුතා චතුරගෙයි සක්කිලි ගති - අහන්න වීඩියෝව VIDEO - - >URL # lka @USER @USER @USER @USER @USER # Colombo # PCelectionslk @USER @USER,"[0, 0, 0, 1, 0, 0, 0, 0, 0, 0, 0, 0, 0, 0, 0, 0, 0, 0, 0, 0, 0, 0, 0, 0, 0]",OFF,['සක්කිලි'],1
7.14184e+17,සංහිඳියාව රෙද්ද පල්ලෙන් බේරෙයි.. නාගදීප බුදු පිළිම වහන්සේගේ ඉදිකිරීම් නතර කරන්නැයි යාපනය දිසාපති ලිඛිතව දන්වයි..... URL,සංහිඳියාව රෙද්ද පල්ලෙන් බේරෙයි . . නාගදීප බුදු පිළිම වහන්සේගේ ඉදිකිරීම් නතර කරන්නැයි යාපනය දිසාපති ලිඛිතව දන්වයි. . . . . URL,[],NOT,[],0
1.45029e+18,@USER බඩු මිල ඉහල යනවා  කියන්නේ දැන්  සාමාන්‍ය දෙයක් බවට පත්වෙලා... ජනතාව    ආර්ථික  වශයෙන්ද පීඩාවට පත් වෙලා..,@USER බඩු මිල ඉහල යනවා කියන්නේ දැන් සාමාන්‍ය දෙයක් බවට පත්වෙලා . . . ජනතාව ආර්ථික වශයෙන්ද පීඩාවට පත් වෙලා . .,[],NOT,[],0
7.72746e+17,@USER නොදකින් අහන එකාට වමනේ යයි බං,@USER නොදකින් අහන එකාට වමනේ යයි බං,"[0, 1, 0, 0, 0, 0, 0]",OFF,['නොදකින්'],1
1.41715e+18,අන්න හරකා පැලේ කන්න යනවා,අන්න හරකා පැලේ කන්න යනවා,[],NOT,[],0
9.68498e+17,"@USER ඒ වගේමයි රටේ ""සමහරක්"" මිනිස්සු හොරු පරද්දන්න අනිත් හොරු ටිකට චන්දෙ දෙනවා.විදුහල්පති පරාද කරල.කසිප්පු විකුනන එකාව යැව්වා සභාවට.","@USER ඒ වගේමයි රටේ "" සමහරක් "" මිනිස්සු හොරු පරද්දන්න අනිත් හොරු ටිකට චන්දෙ දෙනවා . විදුහල්පති පරාද කරල . කසිප්පු විකුනන එකාව යැව්වා සභාවට .",[],NOT,[],0
